customer_id,group,revenue_pre_w1,revenue_pre_w2,revenue_pre_w3,revenue_post,engagement_tier,region,device_type,plan_type,tenure_months,new_customer
CUST_000001,Control,26.69,29.94,11.49,39.77,low,West,Desktop,Premium,18,0
CUST_000002,Treatment,45.56,48.54,67.86,53.37,high,East,Desktop,Basic,17,0
CUST_000003,Treatment,28.76,33.43,33.38,39.75,low,North,Mobile,Basic,31,0
CUST_000004,Treatment,127.46,130.76,147.07,177.26,medium,North,Mobile,Enterprise,4,1
CUST_000005,Treatment,75.0,89.13,88.54,80.3,low,East,Mobile,Enterprise,10,0
CUST_000006,Treatment,30.12,6.7,34.92,34.16,medium,East,Desktop,Basic,41,0
CUST_000007,Treatment,33.16,33.71,45.86,36.87,medium,West,Mobile,Basic,10,0
CUST_000008,Control,75.66,67.99,75.23,72.99,low,North,Desktop,Premium,28,0
CUST_000009,Control,43.36,27.2,31.63,45.02,low,East,Mobile,Premium,8,0
CUST_000010,Control,43.55,31.37,31.12,11.23,low,South,Desktop,Premium,36,0
CUST_000011,Control,30.14,59.08,67.01,60.34,low,North,Desktop,Enterprise,35,0
CUST_000012,Treatment,34.57,29.57,31.94,20.21,low,North,Desktop,Basic,9,0
CUST_000013,Control,31.07,42.45,20.63,21.04,low,North,Tablet,Premium,1,1
CUST_000014,Control,42.37,37.76,40.96,40.77,medium,West,Mobile,Basic,1,1
CUST_000015,Control,27.04,22.46,14.82,13.63,medium,South,Mobile,Basic,17,0
CUST_000016,Treatment,16.88,25.32,13.84,29.47,low,East,Desktop,Premium,32,0
CUST_000017,Treatment,73.42,66.57,68.61,60.54,low,West,Desktop,Premium,39,0
CUST_000018,Control,90.72,95.21,93.86,96.42,high,East,Desktop,Premium,22,0
CUST_000019,Treatment,57.43,55.01,65.6,98.39,high,East,Desktop,Basic,19,0
CUST_000020,Control,21.05,19.25,21.98,28.17,medium,East,Desktop,Basic,6,0
CUST_000021,Treatment,30.53,21.12,16.07,33.18,low,North,Desktop,Basic,5,1
CUST_000022,Treatment,67.59,63.66,59.83,73.44,high,South,Mobile,Premium,13,0
CUST_000023,Control,19.7,21.06,21.63,12.86,low,South,Desktop,Basic,10,0
CUST_000024,Treatment,60.85,52.29,66.11,80.96,medium,West,Tablet,Premium,1,1
CUST_000025,Treatment,80.53,94.53,108.33,110.69,medium,East,Mobile,Premium,10,0
CUST_000026,Control,54.33,44.17,40.81,46.99,low,West,Tablet,Premium,20,0
CUST_000027,Treatment,36.2,29.97,50.0,57.55,low,North,Desktop,Premium,22,0
CUST_000028,Control,28.99,24.18,33.34,19.39,low,West,Mobile,Premium,1,1
CUST_000029,Control,20.46,29.61,23.65,28.85,low,North,Desktop,Basic,10,0
CUST_000030,Treatment,40.83,37.83,31.78,20.01,medium,West,Mobile,Basic,11,0
CUST_000031,Treatment,5.19,21.22,40.05,28.5,medium,North,Tablet,Basic,14,0
CUST_000032,Treatment,70.0,58.92,59.79,73.33,medium,West,Mobile,Premium,11,0
CUST_000033,Treatment,25.23,28.38,28.76,32.32,low,South,Desktop,Basic,6,0
CUST_000034,Control,47.24,35.47,28.69,38.18,medium,West,Desktop,Premium,15,0
CUST_000035,Control,102.32,106.25,127.74,121.94,high,North,Desktop,Premium,1,1
CUST_000036,Treatment,139.22,143.04,122.36,160.24,medium,North,Mobile,Enterprise,20,0
CUST_000037,Treatment,58.89,62.83,69.31,75.38,medium,South,Mobile,Premium,8,0
CUST_000038,Treatment,30.17,47.96,37.82,48.31,medium,West,Mobile,Premium,2,1
CUST_000039,Treatment,123.12,106.44,120.92,129.22,medium,North,Mobile,Premium,20,0
CUST_000040,Treatment,32.18,42.86,49.67,50.91,medium,West,Desktop,Basic,7,0
CUST_000041,Control,23.13,14.05,11.04,22.72,low,East,Mobile,Basic,12,0
CUST_000042,Treatment,20.53,25.77,23.84,12.17,low,North,Desktop,Basic,18,0
CUST_000043,Control,16.25,4.35,9.47,0.0,low,West,Desktop,Basic,2,1
CUST_000044,Treatment,27.59,36.0,20.54,22.29,medium,North,Desktop,Basic,3,1
CUST_000045,Control,10.27,23.85,24.96,17.04,medium,North,Desktop,Basic,22,0
CUST_000046,Treatment,33.8,26.83,6.58,41.92,medium,West,Mobile,Basic,5,1
CUST_000047,Control,75.14,60.71,64.45,67.27,medium,South,Desktop,Premium,4,1
CUST_000048,Control,23.84,27.06,20.63,29.08,low,West,Mobile,Basic,60,0
CUST_000049,Control,91.78,100.22,90.24,114.63,high,South,Desktop,Premium,3,1
CUST_000050,Treatment,75.75,83.0,89.64,81.1,low,East,Mobile,Enterprise,7,0
CUST_000051,Control,61.84,64.41,51.87,64.18,high,East,Desktop,Premium,9,0
CUST_000052,Control,185.51,191.49,191.38,203.75,high,West,Desktop,Enterprise,2,1
CUST_000053,Control,53.65,57.05,64.21,55.92,medium,East,Mobile,Premium,1,1
CUST_000054,Control,34.38,23.95,31.25,19.9,medium,East,Mobile,Basic,37,0
CUST_000055,Treatment,64.11,57.33,52.81,64.92,high,West,Desktop,Premium,10,0
CUST_000056,Treatment,25.5,42.05,36.96,28.64,low,East,Mobile,Basic,32,0
CUST_000057,Treatment,113.36,107.84,141.21,143.12,high,West,Mobile,Premium,6,0
CUST_000058,Treatment,92.92,104.26,95.87,125.36,high,South,Tablet,Premium,28,0
CUST_000059,Treatment,36.73,16.9,30.27,9.15,medium,South,Mobile,Basic,19,0
CUST_000060,Treatment,38.02,43.63,40.27,61.98,high,West,Desktop,Basic,8,0
CUST_000061,Control,101.68,108.07,117.28,116.63,medium,West,Tablet,Enterprise,20,0
CUST_000062,Control,25.1,29.94,27.49,30.73,low,North,Desktop,Premium,8,0
CUST_000063,Control,74.82,82.37,91.15,90.93,medium,East,Desktop,Enterprise,12,0
CUST_000064,Control,59.54,63.15,72.11,72.9,low,North,Mobile,Premium,27,0
CUST_000065,Treatment,33.2,41.93,44.1,47.1,medium,South,Desktop,Premium,3,1
CUST_000066,Control,43.36,43.61,31.95,44.94,low,West,Desktop,Basic,37,0
CUST_000067,Control,149.62,151.36,175.63,156.31,low,South,Desktop,Enterprise,10,0
CUST_000068,Control,34.15,67.56,51.51,63.33,medium,East,Desktop,Premium,8,0
CUST_000069,Treatment,20.13,17.34,28.39,3.29,low,South,Desktop,Basic,23,0
CUST_000070,Treatment,16.25,34.18,37.79,35.9,low,North,Mobile,Basic,2,1
CUST_000071,Control,77.07,84.42,95.22,82.11,high,West,Desktop,Premium,1,1
CUST_000072,Treatment,21.88,20.29,22.33,17.2,low,North,Tablet,Basic,33,0
CUST_000073,Control,41.47,42.87,31.58,39.98,low,South,Mobile,Premium,2,1
CUST_000074,Control,33.97,47.33,32.75,44.29,high,North,Tablet,Basic,1,1
CUST_000075,Treatment,39.08,64.12,57.53,59.59,low,West,Desktop,Enterprise,2,1
CUST_000076,Treatment,28.58,28.97,19.05,18.78,medium,North,Mobile,Basic,10,0
CUST_000077,Treatment,238.02,254.63,247.58,272.24,medium,West,Desktop,Enterprise,26,0
CUST_000078,Treatment,67.54,71.22,58.63,68.86,medium,East,Desktop,Premium,1,1
CUST_000079,Treatment,161.28,151.78,155.38,166.61,medium,West,Desktop,Enterprise,22,0
CUST_000080,Control,105.36,74.77,91.63,110.55,low,South,Desktop,Enterprise,1,1
CUST_000081,Control,84.1,79.04,84.9,106.03,low,North,Desktop,Enterprise,25,0
CUST_000082,Control,33.28,38.66,27.41,35.39,high,North,Mobile,Basic,30,0
CUST_000083,Control,47.8,37.03,37.1,40.46,high,South,Mobile,Basic,7,0
CUST_000084,Control,15.81,23.89,20.92,28.87,medium,West,Mobile,Basic,11,0
CUST_000085,Control,20.77,35.59,28.65,36.34,medium,North,Desktop,Basic,12,0
CUST_000086,Treatment,19.67,12.73,17.65,6.55,low,West,Desktop,Basic,7,0
CUST_000087,Control,41.69,48.91,45.12,35.61,medium,East,Desktop,Basic,29,0
CUST_000088,Control,28.38,37.98,36.69,27.63,medium,East,Desktop,Basic,34,0
CUST_000089,Control,30.78,25.17,7.35,32.51,medium,East,Mobile,Basic,60,0
CUST_000090,Control,16.48,16.36,17.01,25.41,low,North,Mobile,Premium,28,0
CUST_000091,Control,77.37,84.99,98.15,104.32,high,South,Desktop,Premium,1,1
CUST_000092,Control,189.57,177.72,187.33,193.1,high,West,Desktop,Enterprise,27,0
CUST_000093,Treatment,21.07,44.28,45.05,49.84,high,West,Mobile,Basic,2,1
CUST_000094,Treatment,51.12,43.17,46.08,63.58,low,East,Desktop,Premium,5,1
CUST_000095,Control,17.11,11.49,12.77,22.36,low,North,Desktop,Basic,19,0
CUST_000096,Treatment,26.11,16.32,23.49,20.65,low,West,Desktop,Basic,9,0
CUST_000097,Treatment,143.68,142.52,151.71,164.25,medium,West,Desktop,Enterprise,35,0
CUST_000098,Treatment,5.93,15.16,37.51,18.33,medium,West,Desktop,Basic,50,0
CUST_000099,Control,61.52,75.76,71.56,74.87,low,West,Desktop,Premium,2,1
CUST_000100,Treatment,88.64,80.41,97.49,107.0,high,West,Tablet,Premium,37,0
CUST_000101,Treatment,52.47,62.41,74.78,75.52,medium,West,Tablet,Premium,37,0
CUST_000102,Treatment,17.0,15.9,25.79,16.86,low,North,Mobile,Basic,1,1
CUST_000103,Treatment,84.54,85.97,87.02,103.32,medium,South,Desktop,Premium,29,0
CUST_000104,Treatment,27.21,40.41,17.43,17.44,medium,South,Mobile,Basic,17,0
CUST_000105,Treatment,35.31,44.01,46.16,52.48,low,North,Desktop,Basic,7,0
CUST_000106,Control,83.5,103.94,101.82,118.93,medium,West,Mobile,Premium,7,0
CUST_000107,Control,29.48,35.4,27.35,35.78,medium,East,Tablet,Basic,2,1
CUST_000108,Treatment,66.47,47.42,44.85,69.9,high,East,Desktop,Premium,6,0
CUST_000109,Treatment,54.43,73.17,57.67,68.2,medium,East,Tablet,Premium,7,0
CUST_000110,Treatment,104.64,110.22,114.22,134.68,high,West,Mobile,Premium,4,1
CUST_000111,Treatment,65.1,78.78,65.13,85.97,medium,South,Mobile,Premium,16,0
CUST_000112,Control,80.4,85.15,72.21,77.43,high,West,Desktop,Premium,24,0
CUST_000113,Control,54.65,58.33,56.04,61.51,medium,West,Desktop,Premium,1,1
CUST_000114,Control,87.96,104.49,93.71,103.23,low,East,Mobile,Enterprise,1,1
CUST_000115,Control,51.24,60.78,44.79,59.61,low,North,Desktop,Enterprise,8,0
CUST_000116,Treatment,38.84,20.14,26.32,10.22,medium,East,Mobile,Basic,5,1
CUST_000117,Control,38.95,39.97,44.63,30.29,medium,South,Mobile,Basic,60,0
CUST_000118,Treatment,40.37,38.34,27.68,45.13,low,South,Mobile,Premium,22,0
CUST_000119,Control,39.02,42.9,30.19,32.84,low,West,Mobile,Premium,2,1
CUST_000120,Treatment,53.84,48.59,40.13,47.41,low,North,Desktop,Premium,9,0
CUST_000121,Control,76.53,84.44,81.56,76.85,medium,South,Mobile,Premium,19,0
CUST_000122,Control,34.64,39.58,16.24,44.85,low,East,Mobile,Basic,3,1
CUST_000123,Treatment,50.55,56.13,51.75,82.41,high,North,Desktop,Premium,24,0
CUST_000124,Control,21.65,47.58,38.4,41.14,high,West,Tablet,Basic,1,1
CUST_000125,Control,210.02,220.86,220.57,233.4,high,West,Mobile,Enterprise,2,1
CUST_000126,Control,40.83,28.18,27.33,25.78,low,South,Desktop,Basic,6,0
CUST_000127,Treatment,55.48,63.31,48.07,41.04,low,West,Desktop,Premium,6,0
CUST_000128,Treatment,128.87,130.24,141.96,172.81,high,South,Desktop,Premium,13,0
CUST_000129,Control,56.88,60.67,59.98,64.04,medium,South,Desktop,Premium,1,1
CUST_000130,Control,51.74,52.51,60.33,45.21,medium,East,Desktop,Premium,17,0
CUST_000131,Treatment,55.48,63.71,42.0,71.57,low,North,Desktop,Enterprise,38,0
CUST_000132,Control,21.96,31.69,22.77,38.87,medium,South,Desktop,Basic,4,1
CUST_000133,Control,40.45,48.24,38.88,40.78,medium,West,Desktop,Premium,1,1
CUST_000134,Control,52.66,62.87,55.88,64.38,medium,South,Tablet,Premium,6,0
CUST_000135,Control,9.03,5.31,24.06,19.31,medium,East,Desktop,Basic,4,1
CUST_000136,Treatment,15.34,29.49,28.08,17.32,low,North,Mobile,Basic,11,0
CUST_000137,Treatment,16.02,17.73,35.69,24.85,medium,South,Mobile,Basic,49,0
CUST_000138,Control,40.88,41.45,42.74,46.44,medium,East,Desktop,Basic,1,1
CUST_000139,Treatment,97.04,81.71,93.85,109.0,medium,West,Desktop,Enterprise,1,1
CUST_000140,Control,201.52,228.84,222.35,222.84,high,South,Desktop,Enterprise,22,0
CUST_000141,Treatment,25.74,19.58,15.96,23.63,medium,West,Mobile,Basic,12,0
CUST_000142,Treatment,48.23,39.31,49.54,66.39,high,East,Desktop,Premium,19,0
CUST_000143,Treatment,11.72,22.04,23.57,20.89,low,West,Mobile,Basic,16,0
CUST_000144,Control,24.29,31.96,18.42,0.0,low,East,Desktop,Basic,6,0
CUST_000145,Control,75.04,63.46,56.71,58.35,low,North,Mobile,Premium,19,0
CUST_000146,Control,60.93,70.41,69.26,60.08,medium,East,Desktop,Premium,4,1
CUST_000147,Treatment,27.86,24.42,21.79,43.87,low,North,Desktop,Basic,5,1
CUST_000148,Treatment,41.2,43.99,40.55,54.46,medium,West,Tablet,Basic,34,0
CUST_000149,Treatment,40.99,47.04,45.39,52.53,medium,South,Mobile,Basic,24,0
CUST_000150,Treatment,30.45,14.78,32.31,23.73,low,North,Desktop,Basic,4,1
CUST_000151,Treatment,35.72,19.69,32.36,29.21,low,North,Mobile,Basic,22,0
CUST_000152,Control,57.9,92.88,85.95,83.24,low,West,Mobile,Enterprise,21,0
CUST_000153,Control,41.75,42.39,38.49,43.72,medium,South,Mobile,Premium,23,0
CUST_000154,Treatment,20.12,36.02,24.22,18.58,low,South,Mobile,Basic,18,0
CUST_000155,Treatment,41.69,62.68,56.91,71.68,low,East,Mobile,Premium,10,0
CUST_000156,Treatment,95.18,110.9,122.37,134.0,high,North,Mobile,Basic,17,0
CUST_000157,Control,53.34,66.04,58.9,81.46,low,East,Tablet,Premium,22,0
CUST_000158,Control,120.28,118.45,123.14,137.5,medium,North,Mobile,Enterprise,29,0
CUST_000159,Treatment,61.89,72.98,53.46,86.73,high,North,Desktop,Premium,3,1
CUST_000160,Control,83.83,61.74,75.62,73.02,medium,North,Mobile,Premium,21,0
CUST_000161,Treatment,43.67,54.92,43.89,67.04,medium,East,Desktop,Basic,2,1
CUST_000162,Control,183.25,186.95,188.65,195.39,medium,North,Tablet,Enterprise,12,0
CUST_000163,Treatment,37.03,58.14,46.38,57.22,high,North,Desktop,Basic,3,1
CUST_000164,Treatment,62.17,70.47,71.51,70.51,low,West,Desktop,Enterprise,16,0
CUST_000165,Treatment,57.53,62.07,80.76,78.52,low,East,Desktop,Enterprise,5,1
CUST_000166,Treatment,32.45,39.23,45.64,47.64,high,South,Desktop,Basic,34,0
CUST_000167,Control,10.99,11.27,18.06,16.16,low,South,Desktop,Basic,20,0
CUST_000168,Control,72.19,73.37,70.92,80.72,medium,West,Desktop,Premium,11,0
CUST_000169,Treatment,47.69,46.79,51.44,65.3,high,West,Mobile,Basic,42,0
CUST_000170,Treatment,29.71,37.34,30.94,22.17,medium,East,Mobile,Basic,12,0
CUST_000171,Treatment,32.38,22.04,28.38,22.66,low,West,Tablet,Basic,6,0
CUST_000172,Control,30.4,30.19,11.59,17.7,low,West,Desktop,Basic,32,0
CUST_000173,Control,54.58,36.13,69.27,58.66,low,North,Mobile,Premium,1,1
CUST_000174,Treatment,67.22,68.37,63.02,62.39,medium,East,Mobile,Premium,5,1
CUST_000175,Treatment,42.64,40.53,30.51,41.83,medium,North,Mobile,Basic,1,1
CUST_000176,Control,42.59,26.87,22.95,45.7,low,East,Desktop,Basic,28,0
CUST_000177,Control,55.6,51.48,49.38,56.82,medium,East,Desktop,Premium,30,0
CUST_000178,Treatment,82.93,85.0,98.6,93.55,medium,East,Desktop,Premium,6,0
CUST_000179,Control,39.22,43.74,50.88,54.92,medium,West,Desktop,Premium,28,0
CUST_000180,Control,29.09,27.8,31.02,28.56,medium,North,Desktop,Basic,2,1
CUST_000181,Control,38.18,29.16,26.26,41.46,medium,West,Tablet,Basic,8,0
CUST_000182,Treatment,84.72,81.28,76.91,99.84,high,West,Desktop,Premium,8,0
CUST_000183,Treatment,8.08,21.79,21.41,24.25,low,North,Mobile,Basic,23,0
CUST_000184,Control,47.79,34.88,50.97,53.16,medium,South,Desktop,Premium,2,1
CUST_000185,Treatment,99.68,98.44,97.85,110.5,high,East,Mobile,Premium,2,1
CUST_000186,Treatment,98.38,107.47,110.79,122.11,high,North,Mobile,Premium,35,0
CUST_000187,Treatment,86.97,107.3,96.14,94.34,low,North,Mobile,Enterprise,16,0
CUST_000188,Control,24.71,14.02,31.35,27.12,low,North,Desktop,Premium,5,1
CUST_000189,Treatment,115.26,120.42,127.01,124.16,medium,West,Mobile,Enterprise,5,1
CUST_000190,Treatment,71.29,55.24,56.86,62.31,low,East,Desktop,Premium,4,1
CUST_000191,Control,82.28,84.33,76.39,85.02,high,North,Desktop,Basic,2,1
CUST_000192,Control,57.99,50.02,29.19,48.24,high,South,Desktop,Basic,30,0
CUST_000193,Treatment,26.66,40.67,18.31,16.37,low,North,Mobile,Basic,12,0
CUST_000194,Treatment,24.03,18.08,25.4,22.28,medium,East,Mobile,Basic,4,1
CUST_000195,Treatment,27.53,25.25,24.0,37.6,medium,West,Mobile,Basic,4,1
CUST_000196,Control,17.21,27.09,15.8,22.75,low,East,Tablet,Basic,6,0
CUST_000197,Control,41.66,26.75,37.72,37.24,medium,West,Desktop,Basic,35,0
CUST_000198,Control,22.58,29.13,28.42,30.56,low,South,Mobile,Basic,34,0
CUST_000199,Treatment,7.61,8.06,14.28,41.1,low,South,Desktop,Basic,15,0
CUST_000200,Treatment,26.03,34.55,26.84,30.94,low,West,Mobile,Premium,1,1
CUST_000201,Treatment,30.57,34.43,36.47,34.47,medium,East,Tablet,Basic,15,0
CUST_000202,Treatment,101.3,119.87,121.73,130.64,medium,West,Desktop,Premium,1,1
CUST_000203,Control,23.52,28.47,24.41,18.36,low,West,Mobile,Basic,40,0
CUST_000204,Treatment,52.51,59.16,40.87,59.5,low,East,Desktop,Enterprise,33,0
CUST_000205,Control,176.77,187.6,186.72,193.12,medium,South,Desktop,Enterprise,20,0
CUST_000206,Treatment,35.98,55.97,72.31,67.96,high,West,Desktop,Basic,1,1
CUST_000207,Treatment,26.77,23.3,23.08,22.25,low,West,Tablet,Basic,8,0
CUST_000208,Control,14.18,9.84,21.06,20.59,low,West,Desktop,Basic,23,0
CUST_000209,Treatment,113.16,117.12,119.75,117.19,medium,South,Tablet,Premium,1,1
CUST_000210,Treatment,20.54,19.98,18.07,24.97,low,North,Desktop,Basic,16,0
CUST_000211,Control,49.87,58.98,44.87,59.67,low,North,Desktop,Premium,5,1
CUST_000212,Control,17.62,13.87,25.97,19.66,low,South,Mobile,Basic,19,0
CUST_000213,Control,87.74,93.15,92.04,100.89,high,North,Mobile,Premium,3,1
CUST_000214,Control,50.21,34.88,45.95,53.56,high,West,Mobile,Basic,7,0
CUST_000215,Control,32.11,47.61,43.06,32.08,low,East,Desktop,Premium,1,1
CUST_000216,Treatment,33.98,27.33,25.58,38.41,medium,North,Desktop,Premium,1,1
CUST_000217,Control,22.61,16.76,25.27,25.6,low,West,Desktop,Basic,37,0
CUST_000218,Treatment,79.3,73.69,76.65,76.51,medium,North,Desktop,Premium,1,1
CUST_000219,Control,101.37,103.51,114.54,122.77,high,North,Mobile,Premium,26,0
CUST_000220,Control,6.61,0.0,17.86,20.11,low,West,Mobile,Basic,16,0
CUST_000221,Treatment,15.13,11.29,12.67,25.86,low,East,Mobile,Basic,1,1
CUST_000222,Treatment,12.43,13.89,22.14,21.58,low,North,Desktop,Basic,2,1
CUST_000223,Treatment,19.65,7.45,25.32,9.88,low,South,Mobile,Basic,12,0
CUST_000224,Treatment,65.28,58.03,74.85,79.76,medium,West,Mobile,Premium,32,0
CUST_000225,Treatment,129.16,122.26,128.41,158.73,high,West,Mobile,Premium,41,0
CUST_000226,Control,29.09,24.73,25.04,18.45,medium,South,Desktop,Basic,7,0
CUST_000227,Treatment,46.19,28.3,35.6,25.24,low,West,Desktop,Basic,20,0
CUST_000228,Treatment,34.19,41.61,53.22,58.68,medium,East,Mobile,Basic,10,0
CUST_000229,Treatment,167.31,158.75,184.64,218.69,medium,East,Mobile,Enterprise,53,0
CUST_000230,Treatment,159.75,193.73,187.81,196.65,medium,West,Mobile,Premium,2,1
CUST_000231,Control,43.03,35.4,15.33,26.64,low,West,Mobile,Basic,12,0
CUST_000232,Control,28.52,22.81,8.24,30.15,low,West,Desktop,Basic,1,1
CUST_000233,Control,73.16,82.74,110.46,110.8,low,East,Mobile,Enterprise,11,0
CUST_000234,Treatment,72.5,67.37,88.54,81.81,low,North,Tablet,Enterprise,28,0
CUST_000235,Treatment,35.12,33.13,24.18,34.58,low,South,Desktop,Basic,16,0
CUST_000236,Treatment,107.01,134.1,115.88,141.02,medium,South,Mobile,Enterprise,3,1
CUST_000237,Treatment,18.22,28.78,32.42,30.5,low,South,Tablet,Basic,8,0
CUST_000238,Treatment,20.59,20.79,31.97,34.21,medium,West,Mobile,Basic,3,1
CUST_000239,Control,80.01,73.47,88.15,92.83,high,South,Desktop,Premium,1,1
CUST_000240,Treatment,35.19,30.17,32.68,37.63,medium,North,Desktop,Basic,16,0
CUST_000241,Control,8.64,12.22,7.24,16.51,medium,East,Mobile,Basic,16,0
CUST_000242,Treatment,51.42,39.09,55.11,45.38,low,West,Desktop,Basic,41,0
CUST_000243,Control,96.06,88.22,87.51,101.77,medium,East,Mobile,Premium,8,0
CUST_000244,Treatment,42.73,55.32,46.75,53.27,medium,West,Mobile,Premium,23,0
CUST_000245,Control,20.78,37.13,12.03,49.17,medium,North,Mobile,Basic,12,0
CUST_000246,Control,27.6,24.5,29.6,34.84,low,East,Mobile,Premium,8,0
CUST_000247,Treatment,46.96,54.01,58.18,49.25,medium,West,Desktop,Basic,2,1
CUST_000248,Control,47.25,39.66,51.62,64.68,medium,West,Desktop,Basic,1,1
CUST_000249,Treatment,76.42,89.72,81.08,94.91,low,West,Mobile,Enterprise,19,0
CUST_000250,Control,61.38,58.23,70.15,68.91,medium,North,Mobile,Premium,7,0
CUST_000251,Control,28.58,26.67,38.14,25.26,medium,West,Desktop,Basic,34,0
CUST_000252,Treatment,236.77,251.63,252.49,297.66,medium,East,Mobile,Enterprise,32,0
CUST_000253,Control,46.41,35.01,53.63,54.8,medium,South,Desktop,Basic,60,0
CUST_000254,Control,103.5,87.92,94.18,89.66,low,West,Desktop,Enterprise,8,0
CUST_000255,Control,49.15,40.86,55.52,55.44,medium,East,Mobile,Premium,18,0
CUST_000256,Treatment,48.96,43.85,49.88,45.7,high,South,Desktop,Basic,33,0
CUST_000257,Control,93.79,87.02,86.41,83.51,medium,West,Mobile,Enterprise,2,1
CUST_000258,Treatment,43.76,37.96,41.01,52.24,medium,South,Desktop,Basic,14,0
CUST_000259,Treatment,18.16,18.32,29.25,19.76,low,East,Desktop,Basic,60,0
CUST_000260,Treatment,45.65,30.81,24.36,45.31,high,East,Desktop,Basic,16,0
CUST_000261,Control,70.93,86.08,74.69,82.67,high,West,Mobile,Basic,56,0
CUST_000262,Treatment,50.66,54.65,44.63,64.42,medium,East,Tablet,Basic,13,0
CUST_000263,Treatment,106.76,118.73,114.22,119.66,medium,South,Desktop,Enterprise,4,1
CUST_000264,Control,169.38,171.81,160.97,198.81,medium,North,Mobile,Enterprise,3,1
CUST_000265,Treatment,65.0,88.67,66.94,103.69,high,South,Tablet,Premium,18,0
CUST_000266,Control,29.63,26.26,27.29,41.32,low,North,Desktop,Premium,13,0
CUST_000267,Control,136.25,123.61,127.58,144.92,medium,East,Mobile,Enterprise,3,1
CUST_000268,Treatment,52.16,38.17,52.36,54.94,high,North,Mobile,Basic,7,0
CUST_000269,Control,102.45,104.57,95.01,116.57,high,East,Mobile,Premium,20,0
CUST_000270,Treatment,23.65,33.31,32.22,32.17,low,North,Mobile,Basic,4,1
CUST_000271,Treatment,26.57,34.21,36.54,26.36,medium,North,Mobile,Basic,6,0
CUST_000272,Treatment,65.32,52.48,64.5,87.46,low,East,Desktop,Premium,24,0
CUST_000273,Treatment,32.48,25.61,17.32,23.65,medium,South,Desktop,Basic,17,0
CUST_000274,Treatment,11.2,34.23,21.97,35.48,low,South,Mobile,Basic,1,1
CUST_000275,Control,74.37,76.12,94.03,90.32,high,South,Mobile,Premium,2,1
CUST_000276,Control,44.33,35.92,25.04,43.61,medium,West,Mobile,Basic,1,1
CUST_000277,Treatment,38.92,35.33,30.97,54.94,high,South,Mobile,Basic,11,0
CUST_000278,Treatment,92.46,85.28,92.69,137.67,high,East,Desktop,Premium,20,0
CUST_000279,Treatment,27.1,34.14,24.36,34.25,medium,East,Desktop,Basic,2,1
CUST_000280,Treatment,5.29,12.04,26.25,13.39,medium,North,Desktop,Basic,60,0
CUST_000281,Treatment,42.89,43.96,49.98,46.1,medium,West,Desktop,Basic,1,1
CUST_000282,Treatment,87.4,105.9,96.0,106.78,high,North,Mobile,Premium,6,0
CUST_000283,Control,26.16,15.57,26.31,35.29,low,North,Desktop,Basic,6,0
CUST_000284,Treatment,22.7,26.84,28.52,24.93,medium,North,Desktop,Basic,35,0
CUST_000285,Treatment,41.44,37.38,37.58,47.18,low,East,Mobile,Premium,12,0
CUST_000286,Control,24.47,25.4,33.97,33.05,medium,South,Desktop,Basic,5,1
CUST_000287,Treatment,32.98,49.37,47.41,35.32,high,South,Desktop,Basic,21,0
CUST_000288,Control,34.18,33.12,35.04,36.25,low,North,Desktop,Premium,2,1
CUST_000289,Control,81.62,64.1,91.15,87.96,medium,East,Desktop,Enterprise,30,0
CUST_000290,Control,73.79,86.76,67.58,75.47,medium,North,Mobile,Premium,12,0
CUST_000291,Treatment,2.83,10.61,19.26,21.01,low,East,Mobile,Basic,1,1
CUST_000292,Treatment,82.79,87.22,95.84,94.48,high,East,Desktop,Premium,42,0
CUST_000293,Control,46.6,23.23,32.16,48.8,medium,East,Desktop,Basic,3,1
CUST_000294,Control,16.39,26.8,5.13,8.35,medium,South,Desktop,Basic,33,0
CUST_000295,Treatment,31.65,37.38,41.84,63.35,high,East,Desktop,Basic,20,0
CUST_000296,Treatment,126.7,118.76,129.61,163.84,medium,North,Desktop,Enterprise,1,1
CUST_000297,Treatment,28.2,25.09,13.52,21.91,medium,West,Desktop,Basic,12,0
CUST_000298,Treatment,30.55,20.91,28.2,9.88,low,North,Mobile,Basic,3,1
CUST_000299,Control,98.41,90.29,96.28,84.54,high,West,Desktop,Basic,15,0
CUST_000300,Treatment,65.24,64.39,95.0,82.48,medium,South,Desktop,Premium,15,0
CUST_000301,Treatment,27.36,33.95,19.64,24.36,medium,South,Mobile,Basic,8,0
CUST_000302,Control,32.16,42.36,34.85,65.19,medium,East,Desktop,Basic,45,0
CUST_000303,Control,110.46,114.75,115.83,112.97,medium,East,Desktop,Premium,1,1
CUST_000304,Control,91.8,84.7,77.76,99.91,low,West,Tablet,Enterprise,24,0
CUST_000305,Treatment,37.79,29.47,45.34,31.2,low,West,Mobile,Premium,27,0
CUST_000306,Control,109.39,90.59,106.74,128.92,high,East,Mobile,Premium,26,0
CUST_000307,Treatment,46.56,35.39,42.34,51.61,low,East,Desktop,Premium,21,0
CUST_000308,Control,38.16,55.11,49.16,59.97,high,West,Desktop,Basic,7,0
CUST_000309,Control,127.09,143.42,143.5,162.84,medium,South,Tablet,Enterprise,6,0
CUST_000310,Control,106.91,90.78,117.84,102.16,low,West,Mobile,Enterprise,23,0
CUST_000311,Control,35.51,44.02,51.34,50.38,low,West,Tablet,Premium,30,0
CUST_000312,Control,74.29,78.38,73.63,74.51,medium,North,Tablet,Premium,2,1
CUST_000313,Treatment,24.21,41.57,25.4,37.05,medium,East,Desktop,Basic,26,0
CUST_000314,Treatment,17.08,39.41,28.42,40.77,medium,East,Mobile,Basic,5,1
CUST_000315,Control,31.43,23.34,33.82,18.14,low,West,Desktop,Basic,57,0
CUST_000316,Control,23.1,27.77,40.22,23.73,medium,East,Desktop,Basic,14,0
CUST_000317,Control,53.17,47.48,43.21,54.02,high,South,Mobile,Basic,12,0
CUST_000318,Treatment,25.68,27.18,40.18,36.52,low,North,Desktop,Basic,5,1
CUST_000319,Control,43.11,43.37,45.09,52.85,high,East,Desktop,Basic,8,0
CUST_000320,Control,52.09,48.85,57.58,67.75,medium,West,Mobile,Premium,4,1
CUST_000321,Treatment,47.95,42.97,55.92,57.7,low,South,Tablet,Premium,9,0
CUST_000322,Treatment,58.31,62.2,69.41,71.6,medium,East,Desktop,Premium,54,0
CUST_000323,Control,33.2,39.19,42.4,34.09,medium,East,Mobile,Basic,1,1
CUST_000324,Treatment,54.05,51.83,45.55,44.79,medium,North,Mobile,Premium,5,1
CUST_000325,Control,82.79,97.65,103.82,114.34,low,East,Tablet,Enterprise,40,0
CUST_000326,Treatment,33.93,31.99,38.56,46.34,medium,West,Desktop,Basic,8,0
CUST_000327,Treatment,78.26,90.77,99.16,107.83,high,West,Desktop,Premium,8,0
CUST_000328,Treatment,71.74,70.56,77.73,80.39,high,West,Desktop,Premium,10,0
CUST_000329,Treatment,14.2,14.05,16.82,19.83,medium,West,Desktop,Basic,1,1
CUST_000330,Treatment,92.49,84.45,101.54,100.3,low,South,Mobile,Premium,31,0
CUST_000331,Control,24.12,13.4,28.96,24.13,low,North,Desktop,Basic,52,0
CUST_000332,Control,52.4,51.32,55.87,57.99,medium,South,Desktop,Premium,8,0
CUST_000333,Control,27.09,24.83,36.2,21.19,high,South,Desktop,Basic,2,1
CUST_000334,Control,23.59,14.58,24.23,36.19,low,North,Desktop,Premium,17,0
CUST_000335,Treatment,30.87,37.26,52.58,52.4,high,North,Mobile,Basic,11,0
CUST_000336,Control,95.74,115.46,111.36,118.18,high,North,Mobile,Premium,2,1
CUST_000337,Treatment,20.24,23.8,27.71,13.77,low,North,Mobile,Basic,25,0
CUST_000338,Control,13.8,14.71,15.86,23.01,low,North,Mobile,Basic,20,0
CUST_000339,Treatment,80.31,88.25,99.14,107.96,high,East,Mobile,Premium,7,0
CUST_000340,Treatment,23.67,26.1,18.01,32.21,low,East,Desktop,Basic,19,0
CUST_000341,Treatment,35.34,46.68,36.5,69.0,high,East,Desktop,Basic,12,0
CUST_000342,Treatment,45.4,20.01,49.52,37.67,high,East,Mobile,Basic,16,0
CUST_000343,Control,193.62,213.44,225.35,243.44,medium,East,Desktop,Enterprise,1,1
CUST_000344,Control,116.83,102.62,138.71,129.75,medium,West,Mobile,Premium,14,0
CUST_000345,Control,113.32,115.93,124.19,103.84,high,East,Desktop,Premium,3,1
CUST_000346,Treatment,19.51,13.18,10.41,27.84,medium,West,Desktop,Basic,4,1
CUST_000347,Control,68.77,76.27,90.22,89.77,high,East,Mobile,Premium,1,1
CUST_000348,Control,30.19,36.71,19.69,23.26,medium,North,Tablet,Premium,6,0
CUST_000349,Treatment,59.98,53.81,54.29,65.51,medium,West,Desktop,Premium,4,1
CUST_000350,Treatment,133.64,130.17,119.28,138.31,high,North,Desktop,Premium,1,1
CUST_000351,Treatment,48.72,52.49,61.85,49.57,low,North,Tablet,Premium,1,1
CUST_000352,Control,122.18,130.73,138.93,142.82,medium,North,Desktop,Enterprise,15,0
CUST_000353,Control,38.0,34.38,24.42,19.88,low,West,Desktop,Basic,1,1
CUST_000354,Treatment,57.77,45.6,44.86,40.51,medium,North,Desktop,Basic,18,0
CUST_000355,Treatment,45.28,41.62,26.19,44.0,medium,East,Tablet,Basic,20,0
CUST_000356,Control,23.89,23.31,40.27,22.41,low,West,Desktop,Basic,2,1
CUST_000357,Treatment,15.92,28.22,32.45,19.21,low,North,Mobile,Basic,20,0
CUST_000358,Control,17.56,18.01,14.14,23.86,medium,South,Desktop,Basic,27,0
CUST_000359,Control,90.13,116.28,111.59,111.81,medium,North,Mobile,Enterprise,10,0
CUST_000360,Control,38.21,42.29,17.79,37.15,low,North,Mobile,Basic,30,0
CUST_000361,Control,47.2,53.86,55.11,47.73,medium,East,Mobile,Premium,31,0
CUST_000362,Treatment,26.15,18.9,26.79,12.96,low,East,Desktop,Basic,25,0
CUST_000363,Treatment,51.98,74.1,74.61,70.17,medium,East,Desktop,Basic,28,0
CUST_000364,Control,102.38,106.28,91.72,118.16,medium,North,Desktop,Enterprise,22,0
CUST_000365,Control,9.0,33.12,24.02,13.35,low,East,Desktop,Basic,3,1
CUST_000366,Treatment,29.82,55.36,35.0,36.32,high,South,Mobile,Basic,14,0
CUST_000367,Treatment,6.37,19.87,25.59,4.73,low,West,Desktop,Basic,8,0
CUST_000368,Control,42.54,60.41,43.38,39.36,medium,West,Mobile,Basic,1,1
CUST_000369,Control,121.4,97.37,124.64,117.09,low,East,Mobile,Enterprise,15,0
CUST_000370,Control,20.75,18.37,27.8,27.58,medium,North,Desktop,Basic,10,0
CUST_000371,Treatment,97.5,96.04,88.28,101.2,medium,North,Desktop,Enterprise,8,0
CUST_000372,Control,91.3,84.95,91.72,84.94,medium,West,Desktop,Enterprise,5,1
CUST_000373,Control,56.82,51.03,42.06,43.06,low,North,Mobile,Premium,1,1
CUST_000374,Control,32.52,26.94,42.61,45.38,low,East,Tablet,Premium,23,0
CUST_000375,Treatment,22.87,18.92,37.62,16.75,medium,West,Tablet,Basic,1,1
CUST_000376,Treatment,83.85,89.98,78.82,109.7,high,West,Mobile,Premium,19,0
CUST_000377,Control,65.35,64.78,65.92,68.83,low,North,Mobile,Enterprise,5,1
CUST_000378,Control,47.17,51.69,49.1,44.52,high,North,Mobile,Basic,22,0
CUST_000379,Control,135.88,126.27,142.58,134.69,low,North,Mobile,Enterprise,17,0
CUST_000380,Treatment,76.49,67.53,88.07,90.77,medium,South,Desktop,Premium,32,0
CUST_000381,Treatment,25.49,31.91,13.09,40.93,medium,North,Mobile,Basic,1,1
CUST_000382,Control,58.98,75.4,56.14,58.69,high,North,Desktop,Basic,34,0
CUST_000383,Control,9.57,20.29,12.44,24.34,low,North,Mobile,Basic,40,0
CUST_000384,Treatment,40.16,40.36,50.5,39.21,medium,West,Desktop,Basic,7,0
CUST_000385,Control,17.07,27.55,25.44,34.86,medium,West,Desktop,Basic,21,0
CUST_000386,Control,40.18,30.04,48.86,41.37,medium,West,Mobile,Premium,1,1
CUST_000387,Control,36.22,36.72,57.97,62.61,low,South,Mobile,Premium,11,0
CUST_000388,Control,52.13,51.23,62.39,63.09,high,South,Tablet,Basic,12,0
CUST_000389,Treatment,69.55,73.89,69.44,87.57,medium,East,Desktop,Premium,30,0
CUST_000390,Control,27.37,23.26,39.06,30.41,medium,South,Tablet,Basic,11,0
CUST_000391,Treatment,26.65,20.16,26.48,26.19,medium,North,Mobile,Basic,8,0
CUST_000392,Control,12.16,17.0,9.9,15.16,low,North,Mobile,Basic,7,0
CUST_000393,Control,33.41,22.88,27.9,40.69,low,South,Desktop,Basic,2,1
CUST_000394,Treatment,99.57,99.26,79.8,96.95,low,West,Desktop,Enterprise,10,0
CUST_000395,Treatment,19.4,24.68,15.39,32.37,medium,North,Desktop,Basic,10,0
CUST_000396,Treatment,19.65,18.48,38.78,34.12,low,North,Mobile,Basic,3,1
CUST_000397,Control,173.69,166.0,170.73,188.59,medium,South,Desktop,Enterprise,12,0
CUST_000398,Control,28.02,22.57,30.92,24.81,medium,North,Desktop,Basic,29,0
CUST_000399,Treatment,13.43,26.29,28.59,24.77,low,North,Mobile,Basic,18,0
CUST_000400,Control,133.92,133.82,126.18,147.35,high,West,Desktop,Premium,5,1
CUST_000401,Treatment,52.89,49.07,59.36,79.23,medium,South,Tablet,Premium,37,0
CUST_000402,Treatment,11.03,45.42,39.37,28.55,medium,North,Mobile,Basic,19,0
CUST_000403,Control,34.53,34.03,29.08,33.21,medium,East,Mobile,Basic,51,0
CUST_000404,Control,161.37,153.73,151.86,173.42,medium,East,Desktop,Enterprise,9,0
CUST_000405,Treatment,4.86,29.58,21.94,32.24,low,West,Tablet,Basic,23,0
CUST_000406,Treatment,109.37,107.91,117.22,135.03,medium,South,Desktop,Enterprise,40,0
CUST_000407,Treatment,88.85,83.63,71.43,83.02,low,South,Mobile,Enterprise,1,1
CUST_000408,Control,49.46,55.45,34.91,32.9,medium,North,Desktop,Premium,3,1
CUST_000409,Treatment,92.16,70.12,105.79,123.71,high,South,Mobile,Premium,5,1
CUST_000410,Control,14.42,13.37,40.51,21.06,medium,North,Desktop,Basic,21,0
CUST_000411,Treatment,38.96,38.03,40.6,57.51,medium,South,Desktop,Basic,3,1
CUST_000412,Control,60.4,75.13,77.83,68.05,high,North,Mobile,Premium,2,1
CUST_000413,Control,49.93,61.27,52.2,51.77,medium,East,Desktop,Premium,2,1
CUST_000414,Control,47.37,44.7,63.61,55.02,high,East,Mobile,Basic,6,0
CUST_000415,Treatment,77.58,88.16,80.78,84.16,low,East,Tablet,Enterprise,15,0
CUST_000416,Control,54.35,64.36,67.21,61.38,low,North,Desktop,Premium,6,0
CUST_000417,Treatment,13.29,0.26,17.34,5.82,low,South,Mobile,Basic,30,0
CUST_000418,Treatment,159.2,163.11,155.84,162.48,medium,West,Mobile,Enterprise,9,0
CUST_000419,Control,33.42,44.17,20.61,22.31,medium,East,Desktop,Basic,7,0
CUST_000420,Treatment,52.82,51.76,54.38,41.97,low,East,Desktop,Premium,7,0
CUST_000421,Treatment,14.38,29.73,12.91,28.89,low,West,Desktop,Basic,11,0
CUST_000422,Control,23.53,20.49,12.55,21.29,low,West,Desktop,Basic,1,1
CUST_000423,Treatment,92.77,95.53,92.22,110.08,high,East,Tablet,Premium,3,1
CUST_000424,Control,54.49,48.13,42.29,46.08,medium,East,Mobile,Premium,16,0
CUST_000425,Treatment,24.72,12.5,44.14,26.78,medium,South,Desktop,Basic,3,1
CUST_000426,Control,50.9,47.67,50.65,45.34,high,West,Desktop,Basic,19,0
CUST_000427,Control,72.06,59.91,53.55,48.56,low,North,Tablet,Premium,29,0
CUST_000428,Control,26.68,29.18,28.0,40.41,medium,West,Desktop,Basic,8,0
CUST_000429,Treatment,19.84,20.64,26.08,18.8,low,East,Tablet,Basic,29,0
CUST_000430,Treatment,64.2,67.33,81.44,85.25,high,West,Mobile,Basic,17,0
CUST_000431,Treatment,111.07,120.34,129.74,118.12,low,East,Desktop,Enterprise,1,1
CUST_000432,Control,92.72,82.73,81.61,72.66,high,North,Desktop,Premium,10,0
CUST_000433,Control,59.51,36.44,61.57,44.76,medium,West,Mobile,Basic,1,1
CUST_000434,Treatment,8.75,16.21,26.82,14.23,low,South,Desktop,Basic,7,0
CUST_000435,Treatment,32.05,44.28,54.79,28.14,high,North,Tablet,Basic,12,0
CUST_000436,Control,79.54,73.29,80.7,72.06,medium,West,Desktop,Premium,11,0
CUST_000437,Control,0.96,6.34,23.05,5.35,low,South,Tablet,Basic,29,0
CUST_000438,Treatment,70.13,55.62,68.51,74.03,high,North,Mobile,Premium,1,1
CUST_000439,Control,39.24,24.19,38.7,31.16,low,North,Mobile,Premium,2,1
CUST_000440,Treatment,75.97,70.55,74.37,87.44,medium,West,Desktop,Premium,34,0
CUST_000441,Control,95.84,93.9,97.02,111.08,low,West,Desktop,Enterprise,1,1
CUST_000442,Control,24.56,21.86,20.14,17.05,low,West,Desktop,Basic,9,0
CUST_000443,Control,63.22,73.83,72.63,70.83,medium,South,Tablet,Premium,3,1
CUST_000444,Treatment,8.74,10.78,11.07,33.11,high,West,Desktop,Basic,3,1
CUST_000445,Treatment,20.73,20.48,21.62,22.36,medium,West,Mobile,Basic,7,0
CUST_000446,Control,50.95,51.61,42.39,49.79,medium,South,Desktop,Basic,28,0
CUST_000447,Control,40.15,49.8,43.37,53.88,medium,North,Tablet,Basic,10,0
CUST_000448,Control,36.92,36.58,59.32,42.65,low,South,Desktop,Premium,10,0
CUST_000449,Control,57.53,58.65,60.39,54.58,medium,West,Desktop,Premium,1,1
CUST_000450,Control,30.89,54.77,55.05,43.71,low,South,Mobile,Premium,12,0
CUST_000451,Treatment,206.8,225.88,245.25,268.55,high,South,Mobile,Enterprise,15,0
CUST_000452,Treatment,56.58,71.47,80.92,83.38,low,West,Desktop,Enterprise,4,1
CUST_000453,Treatment,21.11,21.66,21.8,28.25,medium,North,Desktop,Basic,29,0
CUST_000454,Control,20.13,24.73,16.19,30.44,low,North,Desktop,Basic,15,0
CUST_000455,Control,31.51,40.08,38.19,31.34,medium,North,Mobile,Premium,1,1
CUST_000456,Treatment,46.03,49.25,55.25,43.22,medium,East,Tablet,Basic,55,0
CUST_000457,Treatment,17.18,32.76,24.76,18.33,low,South,Mobile,Basic,2,1
CUST_000458,Control,30.04,13.44,13.45,22.63,low,East,Desktop,Basic,6,0
CUST_000459,Treatment,22.25,27.17,41.55,43.94,medium,North,Mobile,Basic,3,1
CUST_000460,Control,14.65,5.11,15.66,14.13,low,North,Tablet,Basic,26,0
CUST_000461,Treatment,46.43,43.64,45.31,52.59,medium,West,Desktop,Basic,9,0
CUST_000462,Control,19.16,26.8,31.72,32.49,medium,South,Desktop,Basic,17,0
CUST_000463,Control,23.56,44.34,46.15,54.52,high,South,Desktop,Basic,1,1
CUST_000464,Treatment,56.79,67.99,71.08,87.11,high,West,Desktop,Premium,13,0
CUST_000465,Control,34.86,25.49,32.22,30.63,low,South,Mobile,Premium,3,1
CUST_000466,Treatment,69.7,68.18,76.26,103.77,high,East,Mobile,Basic,27,0
CUST_000467,Treatment,121.34,138.59,116.05,151.78,medium,North,Desktop,Enterprise,23,0
CUST_000468,Treatment,16.25,39.43,37.37,40.91,low,South,Mobile,Premium,5,1
CUST_000469,Control,155.75,153.08,150.92,174.27,high,East,Mobile,Enterprise,12,0
CUST_000470,Treatment,20.96,36.98,39.5,49.18,high,West,Tablet,Basic,15,0
CUST_000471,Treatment,58.2,44.14,48.57,49.24,medium,South,Mobile,Basic,8,0
CUST_000472,Treatment,24.44,26.5,23.11,29.75,low,North,Desktop,Basic,1,1
CUST_000473,Treatment,73.16,64.81,60.82,87.31,low,East,Desktop,Premium,3,1
CUST_000474,Treatment,52.72,47.87,62.26,74.82,low,East,Desktop,Premium,45,0
CUST_000475,Treatment,169.22,164.03,168.5,171.55,low,South,Desktop,Enterprise,19,0
CUST_000476,Control,118.74,100.32,116.52,128.58,medium,East,Mobile,Enterprise,1,1
CUST_000477,Treatment,37.13,25.08,30.94,11.35,medium,North,Desktop,Basic,2,1
CUST_000478,Treatment,43.71,16.19,21.66,31.01,low,North,Mobile,Premium,3,1
CUST_000479,Treatment,17.45,33.49,10.9,32.45,low,East,Desktop,Basic,1,1
CUST_000480,Treatment,12.59,21.76,18.37,13.39,medium,East,Tablet,Basic,7,0
CUST_000481,Treatment,182.18,188.15,181.91,210.38,high,East,Desktop,Enterprise,30,0
CUST_000482,Treatment,71.73,85.34,64.13,70.57,low,North,Mobile,Enterprise,1,1
CUST_000483,Control,31.23,28.59,25.03,26.85,low,West,Desktop,Premium,23,0
CUST_000484,Control,46.2,71.86,64.36,71.66,medium,South,Desktop,Premium,13,0
CUST_000485,Treatment,32.34,29.04,52.36,28.94,medium,South,Desktop,Basic,22,0
CUST_000486,Treatment,52.51,47.06,52.84,63.61,low,West,Mobile,Enterprise,3,1
CUST_000487,Treatment,50.52,53.88,56.61,53.56,low,South,Desktop,Premium,5,1
CUST_000488,Treatment,25.4,8.08,4.1,26.08,low,North,Mobile,Basic,1,1
CUST_000489,Treatment,45.38,43.64,31.66,50.36,low,West,Desktop,Premium,3,1
CUST_000490,Treatment,23.53,17.56,22.52,38.2,high,East,Mobile,Basic,31,0
CUST_000491,Control,38.6,54.65,54.61,31.99,low,East,Mobile,Premium,15,0
CUST_000492,Treatment,93.54,93.43,82.53,88.46,high,North,Mobile,Basic,11,0
CUST_000493,Control,24.89,13.11,20.84,23.57,low,North,Mobile,Basic,3,1
CUST_000494,Control,125.52,131.24,159.96,141.6,medium,East,Desktop,Enterprise,10,0
CUST_000495,Control,8.49,18.52,26.04,18.6,low,North,Mobile,Basic,1,1
CUST_000496,Treatment,53.14,54.68,62.12,52.83,low,South,Desktop,Premium,6,0
CUST_000497,Control,71.88,67.06,59.47,59.21,medium,East,Desktop,Premium,18,0
CUST_000498,Treatment,17.48,17.59,6.94,15.02,low,East,Desktop,Basic,4,1
CUST_000499,Control,83.16,69.39,59.99,92.37,high,West,Desktop,Premium,4,1
CUST_000500,Treatment,15.76,10.69,23.56,30.86,low,West,Mobile,Basic,7,0
CUST_000501,Control,51.39,47.34,60.87,41.66,medium,North,Mobile,Basic,1,1
CUST_000502,Control,193.5,194.34,210.36,210.7,medium,West,Mobile,Enterprise,21,0
CUST_000503,Treatment,38.52,24.07,27.73,43.15,medium,South,Desktop,Basic,20,0
CUST_000504,Control,192.55,190.36,186.42,192.42,medium,South,Mobile,Enterprise,3,1
CUST_000505,Control,75.13,63.23,84.0,83.56,medium,East,Tablet,Premium,20,0
CUST_000506,Control,135.74,127.38,143.77,147.95,low,East,Tablet,Enterprise,19,0
CUST_000507,Control,44.25,40.81,50.87,48.24,medium,North,Tablet,Premium,5,1
CUST_000508,Treatment,18.91,21.42,39.67,21.51,low,North,Mobile,Basic,19,0
CUST_000509,Treatment,143.21,151.78,165.13,162.97,low,East,Desktop,Enterprise,1,1
CUST_000510,Control,47.08,36.19,53.36,52.39,medium,East,Mobile,Basic,13,0
CUST_000511,Control,26.48,13.38,19.38,23.73,medium,South,Desktop,Basic,4,1
CUST_000512,Control,47.98,57.89,50.95,53.03,medium,North,Desktop,Premium,7,0
CUST_000513,Treatment,35.77,31.72,22.24,31.96,low,North,Mobile,Basic,1,1
CUST_000514,Treatment,74.38,71.54,64.35,84.29,low,South,Desktop,Enterprise,7,0
CUST_000515,Control,108.05,127.0,107.41,99.79,low,West,Tablet,Enterprise,11,0
CUST_000516,Control,41.23,52.91,52.55,53.79,medium,East,Mobile,Basic,17,0
CUST_000517,Control,44.96,51.68,47.49,42.94,low,West,Desktop,Premium,14,0
CUST_000518,Control,65.09,55.74,62.96,67.23,high,East,Mobile,Premium,2,1
CUST_000519,Treatment,34.73,29.27,29.29,51.98,low,West,Mobile,Basic,25,0
CUST_000520,Control,53.06,52.46,59.52,68.86,medium,West,Tablet,Premium,4,1
CUST_000521,Control,23.14,21.14,31.95,17.15,low,West,Desktop,Basic,1,1
CUST_000522,Control,66.0,64.93,63.63,90.22,medium,North,Tablet,Premium,60,0
CUST_000523,Treatment,30.1,32.94,38.55,38.3,medium,West,Tablet,Premium,1,1
CUST_000524,Treatment,30.15,20.83,40.42,56.6,medium,West,Desktop,Basic,27,0
CUST_000525,Control,45.23,52.07,60.17,58.83,medium,North,Desktop,Basic,15,0
CUST_000526,Control,32.0,33.97,45.7,43.3,medium,South,Desktop,Basic,5,1
CUST_000527,Control,50.72,46.01,35.95,47.65,low,South,Tablet,Basic,21,0
CUST_000528,Treatment,11.99,22.44,6.74,15.77,low,North,Mobile,Basic,29,0
CUST_000529,Treatment,5.09,32.0,25.31,5.77,medium,North,Desktop,Basic,4,1
CUST_000530,Treatment,19.89,6.1,23.19,22.8,low,West,Mobile,Basic,3,1
CUST_000531,Treatment,116.28,107.95,114.97,140.95,high,East,Mobile,Enterprise,16,0
CUST_000532,Treatment,113.13,121.01,122.02,123.56,medium,West,Mobile,Enterprise,11,0
CUST_000533,Treatment,78.17,75.74,85.41,111.29,high,East,Tablet,Premium,2,1
CUST_000534,Control,39.43,27.74,25.22,37.08,medium,South,Mobile,Basic,8,0
CUST_000535,Treatment,6.17,21.25,15.03,13.96,low,West,Tablet,Basic,1,1
CUST_000536,Treatment,48.51,48.64,36.37,37.55,medium,West,Desktop,Basic,17,0
CUST_000537,Treatment,229.87,232.6,234.62,270.02,high,South,Desktop,Enterprise,10,0
CUST_000538,Control,52.88,61.74,48.3,51.17,medium,North,Desktop,Basic,5,1
CUST_000539,Treatment,50.14,36.63,56.9,49.8,low,East,Mobile,Premium,17,0
CUST_000540,Control,18.17,34.61,26.95,18.37,medium,East,Mobile,Basic,15,0
CUST_000541,Control,9.68,21.87,19.61,20.29,medium,South,Mobile,Basic,20,0
CUST_000542,Treatment,60.3,71.74,74.29,68.38,medium,East,Mobile,Basic,4,1
CUST_000543,Treatment,11.14,19.32,34.25,28.26,low,North,Mobile,Premium,1,1
CUST_000544,Treatment,90.15,87.41,80.18,96.11,low,East,Mobile,Enterprise,11,0
CUST_000545,Control,33.14,46.44,25.18,46.12,medium,South,Mobile,Basic,23,0
CUST_000546,Control,17.54,25.65,14.82,28.49,low,North,Desktop,Basic,6,0
CUST_000547,Treatment,24.63,37.15,34.04,46.58,medium,North,Mobile,Basic,5,1
CUST_000548,Control,16.87,36.06,33.67,26.45,low,North,Desktop,Basic,13,0
CUST_000549,Treatment,22.24,27.65,36.01,23.01,medium,North,Mobile,Premium,5,1
CUST_000550,Control,30.67,40.64,37.66,42.77,high,East,Desktop,Basic,16,0
CUST_000551,Control,67.49,82.15,87.29,62.12,high,South,Desktop,Premium,25,0
CUST_000552,Treatment,32.41,30.92,28.5,41.66,high,East,Mobile,Basic,7,0
CUST_000553,Treatment,70.87,69.0,78.97,84.8,medium,West,Mobile,Basic,4,1
CUST_000554,Treatment,128.6,119.55,136.79,138.36,low,East,Desktop,Enterprise,7,0
CUST_000555,Control,138.1,150.46,157.72,162.25,medium,West,Mobile,Enterprise,16,0
CUST_000556,Control,13.33,20.14,39.23,28.21,medium,West,Desktop,Basic,5,1
CUST_000557,Treatment,56.02,46.39,59.43,86.4,low,West,Desktop,Premium,9,0
CUST_000558,Treatment,21.16,0.0,5.8,2.43,low,East,Mobile,Basic,3,1
CUST_000559,Control,43.72,54.19,60.84,65.36,medium,North,Mobile,Premium,1,1
CUST_000560,Treatment,40.22,55.82,60.52,50.13,low,South,Desktop,Premium,15,0
CUST_000561,Control,33.41,40.28,42.68,49.11,low,East,Desktop,Premium,27,0
CUST_000562,Treatment,91.87,73.34,87.67,116.87,low,East,Desktop,Enterprise,2,1
CUST_000563,Control,44.17,40.49,29.33,40.0,high,East,Mobile,Basic,9,0
CUST_000564,Treatment,148.49,148.25,130.35,156.41,high,South,Desktop,Enterprise,49,0
CUST_000565,Control,78.0,67.36,67.15,79.28,medium,South,Mobile,Premium,19,0
CUST_000566,Control,68.78,63.11,46.01,60.74,medium,West,Mobile,Premium,15,0
CUST_000567,Control,60.42,66.06,71.89,80.25,high,North,Tablet,Premium,57,0
CUST_000568,Treatment,51.43,71.4,61.64,72.84,medium,East,Desktop,Premium,27,0
CUST_000569,Treatment,54.58,47.15,50.71,41.31,high,North,Desktop,Premium,3,1
CUST_000570,Treatment,18.77,26.5,35.95,17.83,low,North,Mobile,Basic,2,1
CUST_000571,Treatment,7.68,20.08,7.69,21.11,low,North,Mobile,Basic,27,0
CUST_000572,Treatment,7.39,10.72,14.75,20.95,low,North,Mobile,Basic,14,0
CUST_000573,Control,47.49,57.57,47.18,63.55,high,West,Desktop,Basic,1,1
CUST_000574,Treatment,35.08,14.61,23.0,26.81,low,East,Mobile,Basic,9,0
CUST_000575,Treatment,41.07,41.63,53.95,60.89,high,West,Desktop,Basic,10,0
CUST_000576,Control,72.17,71.82,58.19,76.82,high,East,Desktop,Premium,15,0
CUST_000577,Treatment,18.26,27.56,35.32,17.87,low,East,Desktop,Basic,7,0
CUST_000578,Treatment,47.48,32.39,51.2,59.77,medium,East,Mobile,Premium,1,1
CUST_000579,Treatment,47.85,54.81,42.46,49.58,low,West,Mobile,Premium,1,1
CUST_000580,Control,37.37,22.44,20.55,38.34,medium,East,Tablet,Basic,26,0
CUST_000581,Control,53.58,32.13,52.17,46.09,low,West,Desktop,Basic,18,0
CUST_000582,Treatment,26.47,28.37,30.11,50.2,high,West,Desktop,Basic,9,0
CUST_000583,Control,67.8,69.71,66.99,56.87,medium,East,Mobile,Premium,8,0
CUST_000584,Control,47.14,43.57,42.02,39.05,low,South,Desktop,Premium,15,0
CUST_000585,Control,103.01,89.19,119.22,117.27,low,South,Desktop,Enterprise,6,0
CUST_000586,Control,75.84,69.8,80.11,84.04,medium,West,Mobile,Premium,2,1
CUST_000587,Treatment,46.41,46.71,51.29,44.82,low,West,Mobile,Premium,1,1
CUST_000588,Treatment,27.98,7.83,37.74,33.12,low,South,Desktop,Basic,13,0
CUST_000589,Control,34.27,39.97,37.43,33.69,medium,South,Mobile,Basic,32,0
CUST_000590,Treatment,44.31,42.93,27.02,33.18,medium,North,Desktop,Premium,42,0
CUST_000591,Treatment,46.79,62.81,57.17,61.36,high,East,Tablet,Basic,24,0
CUST_000592,Control,9.61,42.49,5.66,22.08,low,North,Tablet,Basic,55,0
CUST_000593,Control,23.43,28.44,50.82,39.74,low,West,Desktop,Premium,1,1
CUST_000594,Control,78.37,78.4,82.66,80.2,high,West,Mobile,Basic,4,1
CUST_000595,Control,25.67,22.6,29.93,24.16,low,South,Desktop,Basic,5,1
CUST_000596,Control,36.49,13.53,31.14,15.38,medium,East,Tablet,Basic,10,0
CUST_000597,Treatment,69.52,72.48,72.74,87.9,medium,North,Tablet,Premium,36,0
CUST_000598,Treatment,9.13,21.44,30.84,34.86,low,West,Desktop,Basic,17,0
CUST_000599,Control,176.16,181.33,185.26,192.42,medium,West,Mobile,Enterprise,1,1
CUST_000600,Control,52.2,52.71,60.23,47.29,medium,East,Mobile,Premium,4,1
CUST_000601,Treatment,20.15,13.37,29.57,34.87,medium,West,Desktop,Basic,4,1
CUST_000602,Control,8.09,34.56,31.12,9.19,low,South,Mobile,Basic,26,0
CUST_000603,Treatment,39.08,24.01,33.82,34.77,medium,South,Desktop,Basic,14,0
CUST_000604,Control,189.85,191.51,217.84,212.35,medium,East,Desktop,Enterprise,7,0
CUST_000605,Treatment,24.69,28.62,22.22,48.57,medium,West,Desktop,Basic,14,0
CUST_000606,Treatment,30.73,31.83,37.36,47.99,high,North,Mobile,Basic,44,0
CUST_000607,Treatment,25.99,18.48,33.26,39.54,medium,North,Desktop,Basic,18,0
CUST_000608,Treatment,31.49,30.11,39.03,37.43,low,West,Mobile,Premium,2,1
CUST_000609,Control,237.19,235.19,253.16,257.69,high,East,Desktop,Enterprise,6,0
CUST_000610,Control,7.6,12.6,9.03,5.8,low,West,Mobile,Basic,3,1
CUST_000611,Treatment,194.81,209.68,210.67,227.31,medium,South,Tablet,Enterprise,4,1
CUST_000612,Control,22.68,30.64,47.58,48.69,low,East,Desktop,Premium,22,0
CUST_000613,Control,37.68,33.73,60.5,52.6,medium,West,Mobile,Basic,56,0
CUST_000614,Treatment,20.98,13.81,19.84,18.31,medium,West,Desktop,Basic,5,1
CUST_000615,Treatment,45.88,42.18,39.2,35.4,medium,South,Desktop,Basic,7,0
CUST_000616,Treatment,75.58,77.24,73.94,85.79,medium,South,Mobile,Premium,1,1
CUST_000617,Control,46.51,42.85,43.82,53.71,low,South,Desktop,Premium,1,1
CUST_000618,Control,60.89,38.06,45.95,42.18,high,North,Desktop,Basic,7,0
CUST_000619,Treatment,23.59,12.83,20.56,9.02,low,South,Mobile,Basic,11,0
CUST_000620,Treatment,30.82,26.58,28.67,17.01,low,West,Desktop,Basic,4,1
CUST_000621,Control,57.76,60.23,38.59,66.11,low,West,Desktop,Premium,37,0
CUST_000622,Treatment,21.8,16.68,36.92,17.31,medium,South,Tablet,Basic,18,0
CUST_000623,Treatment,30.04,39.76,29.68,39.9,medium,South,Mobile,Basic,39,0
CUST_000624,Treatment,31.86,45.18,37.18,37.71,medium,West,Mobile,Basic,6,0
CUST_000625,Control,25.53,20.92,34.31,24.66,medium,West,Mobile,Basic,7,0
CUST_000626,Control,66.5,74.29,70.98,89.44,medium,South,Desktop,Premium,11,0
CUST_000627,Control,18.75,28.65,20.43,40.88,medium,West,Desktop,Basic,17,0
CUST_000628,Control,192.2,181.38,191.58,198.97,high,South,Mobile,Enterprise,1,1
CUST_000629,Control,29.45,13.82,7.53,10.0,low,East,Tablet,Basic,5,1
CUST_000630,Treatment,21.56,3.1,18.36,7.65,low,East,Tablet,Basic,16,0
CUST_000631,Control,167.42,166.53,171.6,179.87,medium,East,Tablet,Enterprise,1,1
CUST_000632,Control,75.25,81.65,80.03,86.15,high,West,Mobile,Basic,22,0
CUST_000633,Control,7.42,23.09,12.83,13.38,low,West,Mobile,Basic,3,1
CUST_000634,Control,32.94,30.44,50.48,25.86,medium,North,Desktop,Basic,15,0
CUST_000635,Treatment,34.76,7.46,38.95,42.29,medium,East,Mobile,Basic,2,1
CUST_000636,Control,29.78,25.68,25.12,29.95,low,South,Mobile,Basic,22,0
CUST_000637,Treatment,70.8,75.85,79.32,98.78,medium,East,Desktop,Premium,9,0
CUST_000638,Treatment,17.97,36.95,16.46,16.69,low,South,Mobile,Basic,3,1
CUST_000639,Control,30.01,18.07,31.89,48.32,low,West,Desktop,Basic,1,1
CUST_000640,Treatment,75.03,64.25,72.81,69.63,high,South,Mobile,Basic,4,1
CUST_000641,Control,78.99,57.04,61.04,73.25,low,West,Mobile,Enterprise,22,0
CUST_000642,Control,93.2,109.16,108.27,101.87,medium,North,Tablet,Enterprise,11,0
CUST_000643,Treatment,34.31,45.38,32.63,30.65,medium,West,Mobile,Basic,7,0
CUST_000644,Control,36.12,44.82,41.42,43.26,medium,East,Mobile,Premium,60,0
CUST_000645,Control,36.95,34.62,34.49,43.31,medium,East,Mobile,Basic,8,0
CUST_000646,Control,31.18,32.4,35.72,29.25,medium,South,Mobile,Premium,27,0
CUST_000647,Control,53.69,49.58,36.22,52.99,high,West,Mobile,Basic,20,0
CUST_000648,Control,36.37,42.83,25.64,36.33,medium,North,Mobile,Basic,3,1
CUST_000649,Treatment,39.73,50.89,53.4,53.22,high,South,Desktop,Basic,2,1
CUST_000650,Control,88.47,111.83,82.7,106.29,medium,East,Desktop,Enterprise,3,1
CUST_000651,Treatment,3.46,18.87,17.91,30.47,low,North,Mobile,Basic,15,0
CUST_000652,Control,35.36,43.37,23.87,25.76,low,North,Mobile,Premium,20,0
CUST_000653,Control,35.36,23.02,47.99,43.67,low,North,Mobile,Premium,12,0
CUST_000654,Control,14.99,35.62,36.92,28.02,low,South,Desktop,Basic,4,1
CUST_000655,Control,66.97,60.65,39.79,52.92,low,East,Tablet,Premium,17,0
CUST_000656,Treatment,20.63,27.17,30.06,35.26,medium,North,Desktop,Basic,10,0
CUST_000657,Control,53.7,46.61,55.8,47.96,medium,South,Desktop,Basic,10,0
CUST_000658,Treatment,11.42,7.79,0.0,10.44,medium,East,Desktop,Basic,34,0
CUST_000659,Treatment,17.58,30.54,23.23,28.21,low,West,Mobile,Basic,60,0
CUST_000660,Treatment,17.04,46.1,40.08,47.81,high,South,Mobile,Basic,5,1
CUST_000661,Treatment,24.79,22.29,24.22,29.23,medium,East,Desktop,Basic,25,0
CUST_000662,Treatment,57.91,57.04,72.87,80.78,medium,North,Desktop,Premium,3,1
CUST_000663,Treatment,168.11,163.19,174.31,205.79,high,North,Desktop,Enterprise,16,0
CUST_000664,Treatment,81.86,74.11,77.2,97.92,high,East,Desktop,Premium,1,1
CUST_000665,Treatment,64.79,72.84,80.28,94.0,medium,North,Mobile,Premium,13,0
CUST_000666,Treatment,236.32,239.09,233.3,279.76,high,East,Desktop,Enterprise,13,0
CUST_000667,Treatment,63.99,48.29,62.03,48.64,medium,East,Mobile,Premium,3,1
CUST_000668,Treatment,38.94,52.14,41.86,47.5,low,North,Desktop,Premium,1,1
CUST_000669,Control,66.58,72.62,61.23,64.1,low,East,Desktop,Premium,14,0
CUST_000670,Treatment,58.72,60.02,64.25,65.45,medium,South,Mobile,Premium,21,0
CUST_000671,Treatment,57.11,65.35,65.43,71.35,low,East,Desktop,Premium,1,1
CUST_000672,Control,14.02,5.4,22.32,10.04,low,North,Mobile,Basic,1,1
CUST_000673,Control,48.53,57.47,66.08,64.21,medium,East,Mobile,Premium,21,0
CUST_000674,Treatment,26.45,24.11,37.04,21.04,medium,East,Desktop,Basic,10,0
CUST_000675,Treatment,25.18,37.27,51.47,42.46,high,North,Mobile,Basic,1,1
CUST_000676,Treatment,26.0,32.19,24.31,21.9,medium,West,Mobile,Basic,2,1
CUST_000677,Control,31.22,19.83,12.61,39.83,medium,West,Mobile,Basic,13,0
CUST_000678,Control,63.43,77.34,65.95,78.49,medium,North,Desktop,Premium,12,0
CUST_000679,Treatment,35.62,36.65,18.17,49.39,high,North,Mobile,Basic,43,0
CUST_000680,Control,14.37,29.73,22.58,21.76,low,East,Mobile,Basic,2,1
CUST_000681,Control,71.96,58.46,54.18,54.15,medium,West,Mobile,Premium,6,0
CUST_000682,Control,37.31,41.67,41.08,38.82,low,East,Mobile,Premium,18,0
CUST_000683,Control,8.99,28.46,22.85,19.61,low,East,Mobile,Basic,3,1
CUST_000684,Control,40.51,41.7,47.52,46.69,medium,North,Desktop,Premium,2,1
CUST_000685,Treatment,23.59,37.35,25.83,45.32,medium,South,Mobile,Basic,10,0
CUST_000686,Treatment,13.29,29.36,0.0,11.37,low,East,Desktop,Basic,7,0
CUST_000687,Treatment,24.9,39.85,34.21,36.54,medium,North,Mobile,Basic,12,0
CUST_000688,Treatment,20.24,15.91,24.74,39.17,medium,East,Desktop,Basic,35,0
CUST_000689,Control,124.63,105.7,107.61,121.05,medium,West,Mobile,Enterprise,14,0
CUST_000690,Control,60.78,44.27,67.66,78.24,medium,West,Desktop,Premium,26,0
CUST_000691,Control,27.32,32.03,17.21,25.57,low,West,Mobile,Basic,4,1
CUST_000692,Control,60.18,51.16,62.23,53.43,low,North,Mobile,Premium,20,0
CUST_000693,Control,23.43,9.53,17.82,11.36,low,North,Desktop,Basic,13,0
CUST_000694,Treatment,103.62,92.56,101.83,98.83,low,North,Mobile,Enterprise,36,0
CUST_000695,Control,41.16,36.1,61.9,63.56,medium,West,Mobile,Premium,9,0
CUST_000696,Treatment,73.4,87.18,82.82,103.37,high,West,Mobile,Premium,22,0
CUST_000697,Control,16.17,32.7,36.53,14.6,medium,West,Mobile,Basic,14,0
CUST_000698,Treatment,89.88,115.44,95.5,130.91,medium,East,Mobile,Enterprise,1,1
CUST_000699,Control,25.3,22.29,29.04,17.06,medium,East,Desktop,Basic,23,0
CUST_000700,Treatment,80.55,80.15,71.5,97.73,high,North,Mobile,Premium,52,0
CUST_000701,Treatment,35.33,49.11,39.15,40.38,medium,South,Desktop,Basic,3,1
CUST_000702,Control,36.92,48.51,36.91,49.89,low,North,Desktop,Premium,3,1
CUST_000703,Control,82.99,79.64,102.41,105.36,medium,East,Tablet,Premium,21,0
CUST_000704,Control,139.27,142.01,153.12,150.21,high,East,Mobile,Enterprise,1,1
CUST_000705,Control,10.06,5.88,9.04,35.33,medium,East,Desktop,Basic,34,0
CUST_000706,Treatment,42.58,50.61,40.88,52.69,medium,West,Mobile,Premium,22,0
CUST_000707,Control,33.91,38.63,36.99,45.39,medium,East,Mobile,Basic,1,1
CUST_000708,Control,53.1,56.7,54.34,52.34,high,East,Tablet,Basic,19,0
CUST_000709,Control,121.57,115.54,104.34,110.74,medium,West,Mobile,Enterprise,4,1
CUST_000710,Treatment,67.72,67.67,75.01,85.86,medium,North,Desktop,Premium,60,0
CUST_000711,Control,54.6,33.52,46.88,52.91,medium,East,Mobile,Premium,11,0
CUST_000712,Control,56.77,70.46,79.25,63.94,medium,North,Desktop,Premium,25,0
CUST_000713,Control,58.83,71.89,55.96,72.58,low,South,Desktop,Premium,31,0
CUST_000714,Treatment,99.15,93.04,98.43,100.2,high,South,Desktop,Premium,31,0
CUST_000715,Control,47.09,41.46,35.51,43.66,high,East,Mobile,Basic,12,0
CUST_000716,Treatment,16.43,21.1,8.93,16.83,medium,South,Mobile,Basic,1,1
CUST_000717,Treatment,115.61,130.18,136.97,138.72,medium,North,Desktop,Enterprise,10,0
CUST_000718,Control,31.69,17.7,49.33,29.75,low,South,Mobile,Basic,39,0
CUST_000719,Control,81.6,75.71,67.31,74.86,high,South,Mobile,Premium,3,1
CUST_000720,Control,48.02,48.25,36.82,38.26,medium,West,Mobile,Basic,3,1
CUST_000721,Treatment,35.79,39.65,44.23,25.54,medium,East,Mobile,Basic,28,0
CUST_000722,Treatment,28.83,33.39,50.58,30.41,medium,North,Desktop,Basic,20,0
CUST_000723,Control,42.1,35.72,36.87,40.88,medium,North,Desktop,Basic,5,1
CUST_000724,Control,77.73,77.97,79.11,80.46,medium,East,Desktop,Premium,6,0
CUST_000725,Control,21.4,20.69,5.97,20.63,low,South,Desktop,Basic,11,0
CUST_000726,Control,37.2,42.0,35.81,40.76,low,East,Mobile,Premium,27,0
CUST_000727,Treatment,59.33,62.41,53.75,77.09,high,North,Mobile,Basic,22,0
CUST_000728,Treatment,43.62,43.06,53.44,39.18,high,North,Desktop,Basic,7,0
CUST_000729,Treatment,244.81,265.14,276.97,298.4,high,East,Desktop,Enterprise,4,1
CUST_000730,Control,36.07,45.18,41.5,43.04,high,East,Desktop,Basic,4,1
CUST_000731,Treatment,44.19,45.81,43.15,54.35,medium,East,Mobile,Premium,13,0
CUST_000732,Treatment,33.26,31.03,27.32,46.26,low,South,Mobile,Basic,36,0
CUST_000733,Treatment,24.59,22.9,27.61,33.4,medium,South,Mobile,Basic,17,0
CUST_000734,Control,25.99,18.92,35.25,34.73,medium,East,Desktop,Basic,10,0
CUST_000735,Treatment,71.66,81.94,78.73,84.37,medium,East,Mobile,Premium,1,1
CUST_000736,Control,22.59,35.54,36.61,32.81,medium,South,Mobile,Basic,14,0
CUST_000737,Control,40.98,40.51,25.44,50.45,high,West,Desktop,Premium,1,1
CUST_000738,Treatment,109.85,106.12,121.5,130.53,medium,West,Desktop,Enterprise,23,0
CUST_000739,Control,44.61,50.51,43.72,39.92,high,East,Desktop,Basic,1,1
CUST_000740,Treatment,69.15,77.42,82.75,84.24,high,East,Desktop,Premium,6,0
CUST_000741,Control,76.0,88.18,79.2,80.88,high,North,Mobile,Premium,4,1
CUST_000742,Control,71.58,69.94,80.85,74.92,high,East,Desktop,Basic,5,1
CUST_000743,Treatment,28.57,40.99,45.5,49.01,medium,East,Mobile,Premium,5,1
CUST_000744,Control,47.51,53.08,52.66,68.56,low,East,Desktop,Premium,20,0
CUST_000745,Control,16.64,9.63,16.8,16.79,low,East,Desktop,Basic,32,0
CUST_000746,Control,56.66,45.1,47.19,48.92,high,East,Desktop,Basic,10,0
CUST_000747,Control,30.1,35.7,25.12,31.78,medium,North,Desktop,Basic,7,0
CUST_000748,Treatment,100.64,108.83,83.22,101.14,high,East,Tablet,Premium,13,0
CUST_000749,Treatment,71.52,40.36,67.48,55.55,medium,South,Tablet,Premium,3,1
CUST_000750,Control,60.28,63.53,44.64,58.72,medium,West,Desktop,Premium,2,1
CUST_000751,Treatment,60.22,46.52,51.89,59.1,low,West,Tablet,Premium,19,0
CUST_000752,Treatment,18.04,26.44,9.97,18.44,medium,North,Desktop,Basic,15,0
CUST_000753,Control,41.93,43.65,34.5,49.21,low,South,Desktop,Premium,15,0
CUST_000754,Treatment,40.27,37.87,21.24,34.9,medium,South,Mobile,Basic,6,0
CUST_000755,Control,54.67,49.7,59.86,34.73,medium,East,Desktop,Premium,35,0
CUST_000756,Treatment,27.49,23.22,17.39,15.1,low,West,Mobile,Basic,2,1
CUST_000757,Control,29.84,28.77,25.99,28.36,low,South,Desktop,Basic,19,0
CUST_000758,Treatment,19.3,16.16,27.42,18.64,medium,North,Mobile,Basic,36,0
CUST_000759,Treatment,37.74,41.91,41.6,54.98,low,West,Mobile,Premium,1,1
CUST_000760,Control,51.7,37.36,48.37,46.61,low,East,Desktop,Premium,13,0
CUST_000761,Control,133.6,135.24,127.52,161.55,medium,North,Desktop,Enterprise,60,0
CUST_000762,Treatment,30.53,20.86,31.17,49.47,low,East,Desktop,Premium,1,1
CUST_000763,Control,76.14,71.85,87.65,83.69,medium,East,Mobile,Premium,9,0
CUST_000764,Treatment,18.69,28.16,29.88,36.06,low,East,Desktop,Premium,27,0
CUST_000765,Treatment,28.26,36.68,31.05,44.25,medium,West,Mobile,Basic,1,1
CUST_000766,Control,78.07,74.72,72.99,60.26,medium,West,Mobile,Enterprise,5,1
CUST_000767,Treatment,31.21,37.23,34.98,38.6,medium,South,Desktop,Basic,22,0
CUST_000768,Control,50.91,45.0,33.76,48.35,medium,West,Desktop,Basic,5,1
CUST_000769,Control,19.68,12.86,20.28,19.52,low,South,Tablet,Basic,9,0
CUST_000770,Control,22.29,24.84,14.25,9.59,medium,North,Desktop,Basic,12,0
CUST_000771,Control,32.82,26.94,31.93,45.14,medium,North,Tablet,Basic,14,0
CUST_000772,Treatment,77.59,85.85,84.31,83.84,medium,South,Desktop,Enterprise,28,0
CUST_000773,Control,10.27,9.87,0.0,8.69,low,West,Desktop,Basic,21,0
CUST_000774,Treatment,33.08,47.45,25.98,31.36,low,West,Mobile,Basic,12,0
CUST_000775,Treatment,57.13,62.79,60.0,73.47,low,West,Desktop,Premium,13,0
CUST_000776,Control,207.74,206.96,228.9,221.61,high,East,Desktop,Enterprise,9,0
CUST_000777,Treatment,42.7,58.92,51.76,51.98,low,North,Desktop,Premium,8,0
CUST_000778,Treatment,100.46,103.26,112.86,123.92,medium,West,Desktop,Enterprise,1,1
CUST_000779,Treatment,51.79,59.68,47.87,56.74,medium,South,Mobile,Premium,9,0
CUST_000780,Control,62.34,65.51,46.83,59.87,high,West,Desktop,Basic,13,0
CUST_000781,Treatment,36.72,33.37,41.33,33.53,medium,South,Desktop,Basic,15,0
CUST_000782,Treatment,37.49,23.46,39.35,24.52,medium,West,Desktop,Basic,36,0
CUST_000783,Control,26.73,48.37,37.27,55.78,medium,North,Mobile,Basic,10,0
CUST_000784,Control,48.83,41.44,54.53,60.02,low,West,Mobile,Premium,20,0
CUST_000785,Treatment,28.41,30.48,41.34,40.28,high,East,Mobile,Basic,17,0
CUST_000786,Treatment,64.41,62.47,63.48,77.5,medium,South,Mobile,Premium,1,1
CUST_000787,Treatment,45.91,24.44,34.76,46.14,medium,North,Mobile,Basic,1,1
CUST_000788,Control,20.62,12.16,22.31,26.47,low,East,Desktop,Basic,31,0
CUST_000789,Control,36.91,23.59,25.74,1.18,low,East,Desktop,Basic,8,0
CUST_000790,Treatment,83.79,95.52,100.86,105.32,medium,North,Tablet,Enterprise,34,0
CUST_000791,Treatment,81.4,65.08,77.64,89.44,medium,West,Desktop,Basic,14,0
CUST_000792,Control,9.34,3.52,10.66,19.34,low,South,Mobile,Basic,10,0
CUST_000793,Control,36.19,11.9,17.68,32.37,medium,West,Desktop,Basic,2,1
CUST_000794,Control,67.32,63.49,74.83,66.1,medium,South,Desktop,Premium,18,0
CUST_000795,Control,45.71,63.26,67.49,49.56,high,North,Desktop,Premium,5,1
CUST_000796,Treatment,36.11,42.94,40.19,30.44,high,North,Desktop,Basic,9,0
CUST_000797,Control,36.58,51.68,47.3,35.74,medium,North,Desktop,Basic,13,0
CUST_000798,Treatment,44.89,50.93,40.43,60.16,low,West,Desktop,Premium,17,0
CUST_000799,Treatment,21.31,31.75,26.1,20.97,low,West,Mobile,Basic,12,0
CUST_000800,Treatment,19.33,27.28,31.88,37.13,low,North,Desktop,Basic,1,1
CUST_000801,Treatment,178.1,169.53,198.37,218.1,high,South,Desktop,Enterprise,7,0
CUST_000802,Control,21.9,29.25,30.48,26.27,low,East,Mobile,Basic,29,0
CUST_000803,Control,50.03,52.89,63.65,37.8,medium,East,Mobile,Basic,1,1
CUST_000804,Treatment,146.55,165.64,145.78,192.33,high,North,Tablet,Enterprise,5,1
CUST_000805,Treatment,39.24,41.23,52.57,45.81,low,West,Tablet,Basic,17,0
CUST_000806,Control,16.03,11.32,23.14,27.82,medium,South,Mobile,Basic,15,0
CUST_000807,Control,58.15,39.59,53.78,33.57,high,East,Tablet,Basic,25,0
CUST_000808,Control,26.61,33.75,14.91,14.85,medium,West,Desktop,Basic,5,1
CUST_000809,Treatment,65.12,60.55,81.52,79.71,medium,South,Mobile,Premium,18,0
CUST_000810,Treatment,40.79,37.07,54.84,63.02,medium,West,Desktop,Premium,17,0
CUST_000811,Treatment,89.56,99.8,89.79,96.37,medium,North,Desktop,Premium,17,0
CUST_000812,Control,176.28,188.64,186.66,182.23,low,West,Desktop,Enterprise,48,0
CUST_000813,Control,94.81,87.95,91.42,89.56,high,East,Desktop,Premium,22,0
CUST_000814,Control,80.33,98.52,82.76,92.23,low,West,Mobile,Enterprise,1,1
CUST_000815,Treatment,103.54,119.64,116.32,139.78,high,South,Mobile,Enterprise,9,0
CUST_000816,Treatment,56.04,70.23,56.15,65.28,high,South,Mobile,Basic,3,1
CUST_000817,Treatment,145.5,145.63,147.13,153.9,medium,North,Desktop,Enterprise,11,0
CUST_000818,Control,30.07,40.3,22.12,32.67,medium,East,Mobile,Basic,5,1
CUST_000819,Control,45.78,45.38,50.45,49.49,low,East,Desktop,Premium,4,1
CUST_000820,Control,43.39,39.44,33.93,44.21,medium,West,Desktop,Premium,27,0
CUST_000821,Control,32.58,18.45,17.43,17.2,low,East,Desktop,Premium,1,1
CUST_000822,Control,38.06,32.43,35.53,30.47,medium,West,Desktop,Basic,11,0
CUST_000823,Treatment,73.32,62.95,80.19,77.77,medium,West,Desktop,Premium,21,0
CUST_000824,Control,46.69,25.09,31.58,34.03,low,South,Mobile,Premium,6,0
CUST_000825,Control,74.92,81.43,84.81,81.92,low,East,Mobile,Premium,1,1
CUST_000826,Treatment,26.2,27.24,49.21,61.83,medium,East,Mobile,Premium,43,0
CUST_000827,Treatment,58.58,73.64,73.16,80.39,high,East,Tablet,Premium,8,0
CUST_000828,Treatment,96.7,105.86,94.38,109.13,high,West,Mobile,Premium,1,1
CUST_000829,Control,89.43,74.31,98.18,86.94,medium,East,Mobile,Premium,1,1
CUST_000830,Treatment,81.57,77.88,88.88,92.11,medium,North,Desktop,Premium,1,1
CUST_000831,Treatment,66.39,82.04,65.14,70.15,medium,East,Desktop,Premium,2,1
CUST_000832,Control,175.59,191.37,180.22,197.48,medium,West,Mobile,Enterprise,1,1
CUST_000833,Treatment,136.54,146.79,141.26,163.3,high,East,Mobile,Enterprise,5,1
CUST_000834,Control,15.77,19.47,28.87,21.32,medium,West,Tablet,Basic,1,1
CUST_000835,Control,55.64,46.63,37.34,54.53,medium,South,Desktop,Premium,15,0
CUST_000836,Control,101.86,105.87,102.2,110.62,high,North,Tablet,Premium,15,0
CUST_000837,Treatment,23.38,36.93,21.92,35.08,low,South,Desktop,Basic,5,1
CUST_000838,Control,25.5,41.74,30.02,27.48,medium,South,Desktop,Basic,32,0
CUST_000839,Control,33.57,60.77,60.95,49.35,medium,East,Desktop,Premium,7,0
CUST_000840,Treatment,100.86,104.78,119.54,131.3,low,East,Mobile,Enterprise,4,1
CUST_000841,Control,108.77,100.62,98.78,111.72,high,East,Mobile,Premium,2,1
CUST_000842,Control,105.68,99.96,99.48,112.85,medium,West,Desktop,Premium,1,1
CUST_000843,Treatment,72.27,89.55,76.34,86.33,low,North,Desktop,Enterprise,2,1
CUST_000844,Treatment,28.72,12.02,24.23,26.0,medium,North,Desktop,Basic,1,1
CUST_000845,Treatment,82.49,69.92,80.8,89.06,medium,North,Mobile,Premium,13,0
CUST_000846,Treatment,112.14,120.76,123.67,122.52,medium,East,Desktop,Premium,8,0
CUST_000847,Treatment,61.96,51.29,66.57,45.74,medium,North,Desktop,Premium,1,1
CUST_000848,Treatment,44.5,46.5,52.94,28.59,high,South,Mobile,Basic,1,1
CUST_000849,Control,27.16,23.57,29.62,20.75,low,West,Mobile,Basic,49,0
CUST_000850,Treatment,24.56,37.82,22.49,38.16,medium,West,Desktop,Premium,27,0
CUST_000851,Treatment,23.51,23.95,40.1,38.54,medium,South,Desktop,Basic,33,0
CUST_000852,Treatment,19.62,31.72,39.32,31.52,medium,East,Desktop,Basic,3,1
CUST_000853,Treatment,14.67,9.67,31.48,11.03,medium,North,Mobile,Basic,2,1
CUST_000854,Control,39.34,35.08,30.09,20.48,high,North,Desktop,Basic,12,0
CUST_000855,Control,28.2,18.49,27.04,31.25,medium,East,Mobile,Basic,32,0
CUST_000856,Control,33.18,54.86,43.39,50.99,medium,East,Desktop,Basic,9,0
CUST_000857,Control,22.12,21.2,20.48,21.23,low,East,Mobile,Basic,4,1
CUST_000858,Control,15.33,17.76,26.29,34.03,low,East,Desktop,Basic,37,0
CUST_000859,Treatment,5.23,25.4,22.83,4.81,low,East,Mobile,Basic,15,0
CUST_000860,Control,81.6,86.31,98.75,104.37,medium,East,Mobile,Enterprise,2,1
CUST_000861,Control,58.38,70.26,66.63,74.24,medium,East,Mobile,Premium,5,1
CUST_000862,Treatment,28.11,16.32,16.73,25.86,low,South,Tablet,Basic,7,0
CUST_000863,Control,66.1,60.41,49.46,59.73,low,North,Mobile,Premium,14,0
CUST_000864,Control,46.05,42.14,39.97,52.66,low,East,Desktop,Premium,14,0
CUST_000865,Control,89.18,87.75,83.46,102.44,high,East,Desktop,Premium,20,0
CUST_000866,Control,67.45,61.96,69.56,67.83,medium,East,Desktop,Premium,10,0
CUST_000867,Control,28.15,27.26,37.85,26.04,medium,West,Mobile,Basic,40,0
CUST_000868,Treatment,9.04,27.16,23.51,17.4,low,South,Mobile,Basic,1,1
CUST_000869,Treatment,44.05,43.81,31.14,48.54,high,South,Desktop,Basic,13,0
CUST_000870,Treatment,26.72,25.82,22.38,28.0,low,West,Mobile,Basic,8,0
CUST_000871,Control,28.12,37.37,34.7,46.49,medium,West,Desktop,Basic,5,1
CUST_000872,Treatment,49.67,63.53,61.01,83.67,low,South,Desktop,Enterprise,8,0
CUST_000873,Treatment,85.89,107.76,123.1,124.43,medium,West,Mobile,Enterprise,4,1
CUST_000874,Control,60.81,62.26,60.23,63.81,low,South,Mobile,Premium,8,0
CUST_000875,Control,43.22,42.42,34.1,35.44,medium,South,Mobile,Basic,41,0
CUST_000876,Control,35.22,52.26,55.43,50.28,high,North,Mobile,Basic,1,1
CUST_000877,Control,40.32,31.76,54.04,54.2,medium,North,Mobile,Premium,12,0
CUST_000878,Treatment,78.95,96.83,83.1,99.25,low,South,Desktop,Premium,13,0
CUST_000879,Control,111.57,101.38,117.01,108.51,low,North,Desktop,Enterprise,5,1
CUST_000880,Control,24.66,33.6,33.26,24.38,medium,East,Mobile,Basic,6,0
CUST_000881,Treatment,23.43,29.85,26.88,33.11,medium,East,Mobile,Basic,7,0
CUST_000882,Treatment,28.59,31.29,37.03,15.53,low,North,Desktop,Basic,4,1
CUST_000883,Treatment,32.18,30.8,48.98,54.87,medium,North,Tablet,Basic,19,0
CUST_000884,Treatment,13.93,12.62,26.76,25.77,low,North,Desktop,Basic,1,1
CUST_000885,Treatment,168.36,188.06,188.73,209.02,high,East,Mobile,Premium,4,1
CUST_000886,Treatment,72.12,72.41,82.68,84.9,medium,North,Desktop,Premium,8,0
CUST_000887,Control,83.74,86.71,84.64,92.93,medium,West,Desktop,Premium,5,1
CUST_000888,Treatment,48.3,62.88,41.97,40.26,low,North,Desktop,Premium,10,0
CUST_000889,Control,51.98,42.58,48.68,52.3,medium,West,Desktop,Basic,32,0
CUST_000890,Control,29.75,12.69,31.22,34.29,medium,South,Mobile,Basic,9,0
CUST_000891,Treatment,56.69,69.53,67.91,65.37,low,South,Mobile,Premium,5,1
CUST_000892,Control,4.64,5.59,22.45,3.45,low,East,Desktop,Basic,1,1
CUST_000893,Treatment,79.58,81.06,57.8,79.6,medium,East,Desktop,Premium,4,1
CUST_000894,Treatment,34.3,56.13,56.41,65.45,medium,East,Desktop,Premium,23,0
CUST_000895,Treatment,40.77,25.26,36.15,38.08,low,North,Mobile,Premium,1,1
CUST_000896,Control,74.88,82.48,72.66,72.67,medium,East,Desktop,Premium,14,0
CUST_000897,Control,62.5,59.56,51.1,66.81,low,East,Desktop,Premium,4,1
CUST_000898,Treatment,64.55,54.56,54.18,66.36,high,East,Mobile,Basic,3,1
CUST_000899,Treatment,49.1,53.26,55.0,47.74,low,West,Tablet,Enterprise,4,1
CUST_000900,Control,50.93,49.7,52.42,39.07,medium,South,Desktop,Premium,7,0
CUST_000901,Control,50.25,50.17,51.19,63.77,medium,South,Desktop,Basic,16,0
CUST_000902,Treatment,29.51,44.88,48.03,46.89,medium,West,Desktop,Basic,10,0
CUST_000903,Treatment,74.38,81.18,78.33,85.09,medium,West,Tablet,Premium,34,0
CUST_000904,Control,88.41,87.18,104.23,106.79,high,North,Mobile,Premium,10,0
CUST_000905,Treatment,111.72,139.83,130.57,140.41,medium,North,Mobile,Enterprise,30,0
CUST_000906,Control,65.07,54.63,49.16,53.6,low,South,Mobile,Premium,9,0
CUST_000907,Control,32.99,45.7,32.85,32.57,low,South,Desktop,Basic,21,0
CUST_000908,Treatment,26.45,12.63,28.38,40.49,high,North,Mobile,Basic,10,0
CUST_000909,Control,50.0,49.55,49.92,56.34,medium,North,Desktop,Premium,26,0
CUST_000910,Control,20.3,18.56,38.11,29.11,medium,East,Mobile,Basic,11,0
CUST_000911,Treatment,58.64,47.86,61.4,61.03,medium,South,Mobile,Premium,8,0
CUST_000912,Control,51.97,58.56,56.72,54.43,medium,North,Desktop,Enterprise,15,0
CUST_000913,Treatment,108.17,112.12,111.11,138.77,medium,West,Desktop,Enterprise,1,1
CUST_000914,Control,51.62,46.12,38.48,44.94,medium,North,Desktop,Premium,13,0
CUST_000915,Control,16.18,13.4,12.92,15.85,medium,South,Desktop,Basic,19,0
CUST_000916,Control,59.65,52.06,57.48,59.35,medium,North,Desktop,Premium,15,0
CUST_000917,Control,105.23,130.07,119.89,123.85,medium,East,Mobile,Premium,6,0
CUST_000918,Control,29.95,43.39,33.35,26.7,low,West,Desktop,Premium,2,1
CUST_000919,Treatment,31.32,30.51,34.31,37.19,low,East,Mobile,Basic,12,0
CUST_000920,Control,22.51,22.07,19.98,14.21,medium,East,Mobile,Basic,10,0
CUST_000921,Treatment,169.46,164.66,181.08,202.96,medium,East,Mobile,Enterprise,28,0
CUST_000922,Control,13.37,18.46,20.85,30.0,medium,West,Desktop,Basic,1,1
CUST_000923,Treatment,174.6,179.97,169.81,192.49,medium,East,Desktop,Enterprise,1,1
CUST_000924,Treatment,8.18,7.34,14.95,23.81,low,East,Tablet,Basic,39,0
CUST_000925,Treatment,130.59,136.31,132.56,158.69,medium,East,Mobile,Enterprise,29,0
CUST_000926,Treatment,64.29,55.73,62.12,76.99,high,South,Desktop,Basic,7,0
CUST_000927,Treatment,45.43,38.2,51.23,47.55,high,West,Desktop,Basic,60,0
CUST_000928,Treatment,24.94,23.81,24.59,29.15,medium,East,Tablet,Basic,5,1
CUST_000929,Treatment,1.52,5.84,15.8,16.45,low,West,Mobile,Basic,14,0
CUST_000930,Control,40.27,35.05,45.06,40.62,low,North,Mobile,Basic,2,1
CUST_000931,Control,46.22,38.83,41.35,69.2,high,East,Tablet,Basic,5,1
CUST_000932,Treatment,19.16,23.4,20.37,19.04,low,East,Desktop,Basic,20,0
CUST_000933,Control,68.67,99.17,78.04,88.81,medium,East,Desktop,Premium,10,0
CUST_000934,Treatment,105.4,121.56,125.33,141.45,low,East,Desktop,Enterprise,35,0
CUST_000935,Treatment,341.41,363.74,373.56,472.61,high,East,Tablet,Enterprise,25,0
CUST_000936,Treatment,41.97,58.22,71.35,59.9,medium,North,Mobile,Premium,1,1
CUST_000937,Treatment,62.07,74.79,70.97,98.58,high,East,Desktop,Premium,18,0
CUST_000938,Treatment,124.23,119.44,119.87,126.23,medium,East,Mobile,Enterprise,29,0
CUST_000939,Control,50.51,63.9,68.63,67.38,medium,West,Desktop,Premium,9,0
CUST_000940,Control,19.5,29.01,29.68,38.46,low,West,Mobile,Basic,7,0
CUST_000941,Treatment,50.74,58.67,55.44,56.6,medium,West,Mobile,Premium,4,1
CUST_000942,Treatment,22.45,25.84,35.25,29.16,high,North,Mobile,Basic,2,1
CUST_000943,Treatment,185.39,200.82,198.79,202.45,medium,South,Desktop,Enterprise,3,1
CUST_000944,Treatment,86.55,91.62,81.68,107.11,high,East,Mobile,Premium,31,0
CUST_000945,Treatment,42.45,70.23,65.86,60.94,medium,East,Mobile,Basic,8,0
CUST_000946,Control,31.88,24.56,30.49,48.15,low,North,Mobile,Premium,26,0
CUST_000947,Control,35.44,46.02,53.41,59.65,medium,North,Desktop,Basic,31,0
CUST_000948,Treatment,96.04,96.4,103.69,141.59,medium,North,Mobile,Enterprise,11,0
CUST_000949,Treatment,61.26,68.77,72.6,52.74,low,East,Desktop,Enterprise,19,0
CUST_000950,Control,96.82,89.67,99.12,89.03,low,North,Desktop,Enterprise,3,1
CUST_000951,Control,49.99,52.99,53.76,55.14,medium,South,Desktop,Premium,6,0
CUST_000952,Control,66.09,69.25,62.32,56.21,low,East,Desktop,Premium,4,1
CUST_000953,Control,59.64,62.71,53.64,56.29,medium,East,Desktop,Premium,8,0
CUST_000954,Control,60.06,53.47,45.76,53.99,high,West,Mobile,Basic,3,1
CUST_000955,Treatment,63.07,78.1,60.4,60.67,medium,North,Desktop,Premium,4,1
CUST_000956,Control,34.93,42.96,24.18,35.35,low,North,Desktop,Premium,2,1
CUST_000957,Control,71.84,79.58,92.16,72.77,medium,North,Desktop,Premium,9,0
CUST_000958,Control,112.57,108.72,106.5,120.87,medium,South,Desktop,Enterprise,31,0
CUST_000959,Control,73.32,75.07,86.85,68.83,medium,East,Mobile,Premium,20,0
CUST_000960,Treatment,13.3,22.33,37.35,25.74,medium,North,Desktop,Basic,22,0
CUST_000961,Treatment,88.91,79.57,84.85,85.11,low,North,Desktop,Premium,1,1
CUST_000962,Control,83.9,98.1,77.95,97.34,low,East,Desktop,Enterprise,3,1
CUST_000963,Treatment,108.85,123.97,129.66,157.84,high,North,Desktop,Premium,20,0
CUST_000964,Control,102.89,117.19,122.46,134.43,medium,East,Tablet,Enterprise,17,0
CUST_000965,Treatment,19.64,26.35,11.93,19.9,low,South,Desktop,Basic,60,0
CUST_000966,Control,25.36,10.92,14.73,22.39,medium,North,Desktop,Basic,4,1
CUST_000967,Control,35.58,44.6,32.44,28.9,medium,North,Desktop,Basic,1,1
CUST_000968,Control,28.88,32.56,33.71,35.21,medium,West,Mobile,Basic,1,1
CUST_000969,Treatment,6.58,28.85,17.18,18.04,low,East,Desktop,Basic,1,1
CUST_000970,Control,38.04,38.25,38.21,57.43,high,North,Mobile,Premium,16,0
CUST_000971,Control,21.59,24.55,24.28,31.44,medium,East,Mobile,Basic,13,0
CUST_000972,Treatment,135.46,135.13,131.74,127.74,low,South,Desktop,Enterprise,1,1
CUST_000973,Control,33.49,22.01,20.07,4.49,low,West,Desktop,Basic,5,1
CUST_000974,Treatment,3.95,0.0,22.8,22.26,low,North,Mobile,Basic,5,1
CUST_000975,Treatment,81.05,99.3,105.59,97.23,medium,North,Desktop,Premium,1,1
CUST_000976,Control,33.78,36.89,50.21,36.47,low,East,Mobile,Basic,12,0
CUST_000977,Treatment,52.25,57.34,60.64,73.07,medium,South,Mobile,Premium,17,0
CUST_000978,Treatment,86.17,84.66,92.19,96.73,low,North,Mobile,Enterprise,5,1
CUST_000979,Treatment,33.58,32.75,25.72,41.49,medium,East,Tablet,Basic,19,0
CUST_000980,Control,18.65,26.9,23.04,17.49,low,North,Tablet,Basic,41,0
CUST_000981,Treatment,35.46,18.17,22.1,18.83,low,West,Desktop,Basic,10,0
CUST_000982,Treatment,35.19,24.81,22.56,24.33,low,South,Desktop,Basic,5,1
CUST_000983,Control,19.23,29.49,23.52,17.24,medium,South,Desktop,Basic,1,1
CUST_000984,Control,85.07,85.96,87.02,77.29,medium,North,Desktop,Premium,18,0
CUST_000985,Treatment,47.25,43.92,40.83,33.85,high,West,Desktop,Basic,15,0
CUST_000986,Treatment,75.1,65.95,77.9,85.85,low,East,Desktop,Enterprise,22,0
CUST_000987,Treatment,133.87,148.89,134.15,165.42,medium,West,Mobile,Enterprise,13,0
CUST_000988,Treatment,63.94,49.02,36.49,22.18,medium,East,Mobile,Basic,2,1
CUST_000989,Control,44.66,40.37,40.56,36.61,medium,North,Desktop,Basic,1,1
CUST_000990,Control,38.09,45.96,46.49,42.92,medium,South,Desktop,Basic,44,0
CUST_000991,Treatment,116.94,95.18,99.5,133.8,medium,East,Desktop,Premium,24,0
CUST_000992,Control,16.61,26.07,19.25,35.12,low,North,Desktop,Basic,26,0
CUST_000993,Control,16.04,24.29,15.67,0.0,low,West,Mobile,Basic,38,0
CUST_000994,Control,155.89,158.33,165.61,193.38,high,North,Desktop,Enterprise,26,0
CUST_000995,Treatment,50.97,66.79,76.16,73.63,medium,East,Mobile,Premium,8,0
CUST_000996,Treatment,34.06,21.51,31.68,24.65,low,North,Mobile,Basic,52,0
CUST_000997,Treatment,106.43,117.71,101.77,114.7,medium,East,Mobile,Premium,11,0
CUST_000998,Control,94.88,120.51,113.97,104.06,medium,East,Desktop,Enterprise,32,0
CUST_000999,Control,48.84,54.04,56.53,55.86,high,East,Mobile,Basic,2,1
CUST_001000,Control,109.23,112.85,126.1,138.47,high,North,Mobile,Premium,3,1
CUST_001001,Treatment,15.47,16.74,14.61,29.4,medium,South,Desktop,Basic,60,0
CUST_001002,Treatment,60.63,73.9,64.28,77.32,medium,South,Mobile,Premium,13,0
CUST_001003,Control,101.64,99.35,110.89,104.55,medium,East,Desktop,Premium,10,0
CUST_001004,Treatment,56.73,43.84,60.42,74.67,high,South,Desktop,Basic,15,0
CUST_001005,Control,34.95,36.7,32.44,47.18,medium,North,Desktop,Premium,6,0
CUST_001006,Treatment,62.05,70.84,63.43,89.86,low,South,Mobile,Enterprise,2,1
CUST_001007,Treatment,62.25,53.83,55.13,58.24,medium,North,Mobile,Basic,5,1
CUST_001008,Treatment,25.81,30.43,34.1,29.22,medium,West,Tablet,Premium,11,0
CUST_001009,Treatment,66.31,63.05,67.26,60.58,high,North,Tablet,Premium,7,0
CUST_001010,Treatment,54.6,40.42,44.31,61.32,medium,East,Desktop,Basic,5,1
CUST_001011,Treatment,52.12,44.13,60.63,59.59,high,East,Desktop,Premium,17,0
CUST_001012,Control,27.1,20.15,26.19,23.36,medium,East,Desktop,Basic,20,0
CUST_001013,Control,5.58,10.44,17.02,0.0,low,South,Desktop,Basic,6,0
CUST_001014,Control,28.89,14.61,12.19,28.48,low,East,Mobile,Basic,3,1
CUST_001015,Control,37.34,31.72,58.38,56.62,medium,West,Desktop,Basic,41,0
CUST_001016,Treatment,32.9,9.04,38.94,38.39,low,West,Mobile,Basic,25,0
CUST_001017,Treatment,7.57,15.15,31.21,4.42,low,East,Desktop,Basic,17,0
CUST_001018,Control,65.05,51.71,52.72,53.68,low,North,Mobile,Premium,15,0
CUST_001019,Control,43.5,28.15,40.5,51.95,low,South,Mobile,Premium,25,0
CUST_001020,Control,66.8,59.06,70.08,69.76,high,North,Desktop,Basic,2,1
CUST_001021,Treatment,58.52,50.8,73.75,84.51,high,West,Desktop,Basic,1,1
CUST_001022,Treatment,18.17,18.1,17.36,33.88,low,South,Desktop,Basic,52,0
CUST_001023,Control,30.74,35.59,28.83,35.6,medium,North,Mobile,Basic,1,1
CUST_001024,Control,192.27,194.2,198.87,203.08,high,South,Desktop,Enterprise,3,1
CUST_001025,Control,23.77,35.38,28.69,38.61,high,West,Desktop,Basic,3,1
CUST_001026,Treatment,30.82,34.26,25.72,32.49,low,South,Desktop,Premium,1,1
CUST_001027,Control,77.78,77.05,85.25,89.04,high,East,Tablet,Premium,3,1
CUST_001028,Treatment,21.9,29.85,25.92,17.57,medium,South,Tablet,Basic,6,0
CUST_001029,Treatment,56.26,71.15,36.38,58.17,low,South,Mobile,Premium,4,1
CUST_001030,Control,123.04,117.28,124.36,127.1,medium,East,Desktop,Enterprise,2,1
CUST_001031,Treatment,64.77,69.73,70.69,72.98,high,East,Mobile,Basic,5,1
CUST_001032,Treatment,28.69,21.65,33.82,31.62,medium,West,Tablet,Basic,28,0
CUST_001033,Control,32.26,20.59,36.6,26.13,low,West,Mobile,Premium,9,0
CUST_001034,Treatment,33.79,32.76,42.64,40.51,low,West,Mobile,Premium,5,1
CUST_001035,Treatment,30.24,22.31,24.79,34.1,medium,East,Desktop,Basic,1,1
CUST_001036,Control,49.92,37.62,38.03,35.05,high,West,Desktop,Premium,15,0
CUST_001037,Control,37.76,64.31,48.75,61.99,low,East,Desktop,Premium,18,0
CUST_001038,Control,110.13,106.49,98.79,120.33,low,North,Desktop,Enterprise,15,0
CUST_001039,Control,42.02,32.06,27.02,32.77,low,South,Desktop,Basic,11,0
CUST_001040,Treatment,81.91,92.76,77.57,92.84,low,North,Desktop,Premium,11,0
CUST_001041,Treatment,145.74,158.78,169.42,162.02,medium,South,Mobile,Enterprise,21,0
CUST_001042,Treatment,64.09,54.81,54.73,77.51,medium,North,Mobile,Premium,1,1
CUST_001043,Control,52.14,48.77,47.78,53.92,medium,North,Mobile,Premium,8,0
CUST_001044,Control,34.98,40.1,36.69,54.03,medium,North,Mobile,Basic,24,0
CUST_001045,Treatment,63.79,66.78,61.18,78.2,high,South,Mobile,Basic,10,0
CUST_001046,Treatment,40.99,40.91,30.64,40.41,medium,North,Desktop,Basic,51,0
CUST_001047,Treatment,76.98,87.87,87.46,81.38,low,East,Desktop,Enterprise,1,1
CUST_001048,Control,55.35,51.69,68.86,51.59,high,South,Mobile,Basic,27,0
CUST_001049,Treatment,44.72,69.34,37.76,63.81,high,North,Mobile,Basic,8,0
CUST_001050,Treatment,58.0,64.73,59.41,79.72,high,North,Mobile,Basic,7,0
CUST_001051,Treatment,103.13,91.1,92.74,112.48,low,West,Desktop,Enterprise,16,0
CUST_001052,Control,63.85,72.5,75.5,71.38,high,North,Tablet,Premium,1,1
CUST_001053,Control,42.04,38.68,53.56,38.38,high,West,Mobile,Basic,23,0
CUST_001054,Treatment,116.39,130.44,132.46,126.34,medium,North,Tablet,Enterprise,1,1
CUST_001055,Control,42.34,47.26,33.53,42.75,medium,East,Mobile,Basic,21,0
CUST_001056,Treatment,41.29,38.03,46.24,60.71,high,North,Mobile,Basic,8,0
CUST_001057,Treatment,63.15,51.17,58.47,65.58,medium,East,Mobile,Premium,11,0
CUST_001058,Treatment,86.1,76.51,74.37,79.82,low,East,Desktop,Premium,30,0
CUST_001059,Treatment,47.37,38.85,60.67,87.37,high,East,Mobile,Premium,20,0
CUST_001060,Treatment,42.93,46.87,35.3,38.37,medium,North,Mobile,Basic,13,0
CUST_001061,Control,25.95,31.41,28.28,39.49,medium,South,Desktop,Basic,14,0
CUST_001062,Treatment,111.61,114.76,119.64,147.37,high,East,Desktop,Premium,42,0
CUST_001063,Treatment,45.12,61.28,64.14,52.56,medium,West,Tablet,Premium,10,0
CUST_001064,Treatment,17.18,8.11,26.23,30.17,medium,North,Mobile,Basic,33,0
CUST_001065,Control,35.47,31.32,40.75,42.31,medium,East,Desktop,Premium,45,0
CUST_001066,Treatment,26.04,27.47,34.54,33.79,low,North,Mobile,Basic,12,0
CUST_001067,Control,46.96,31.47,45.54,39.39,low,East,Mobile,Premium,2,1
CUST_001068,Treatment,25.23,25.76,37.65,38.77,low,South,Desktop,Premium,15,0
CUST_001069,Control,138.74,150.26,142.33,160.9,medium,South,Desktop,Enterprise,14,0
CUST_001070,Control,18.88,31.31,28.25,27.01,low,East,Desktop,Basic,4,1
CUST_001071,Treatment,46.26,56.54,48.32,47.29,medium,West,Desktop,Premium,1,1
CUST_001072,Treatment,18.64,15.44,23.27,19.2,medium,South,Mobile,Basic,4,1
CUST_001073,Treatment,51.07,58.39,62.67,58.74,medium,South,Mobile,Premium,15,0
CUST_001074,Control,145.33,148.39,150.81,156.33,high,West,Desktop,Premium,3,1
CUST_001075,Control,16.11,30.04,30.04,31.39,low,North,Desktop,Basic,30,0
CUST_001076,Treatment,42.82,56.3,37.4,51.88,medium,North,Desktop,Premium,9,0
CUST_001077,Control,19.09,16.52,26.57,9.24,medium,East,Mobile,Basic,3,1
CUST_001078,Control,53.94,54.97,41.72,45.3,high,East,Desktop,Basic,12,0
CUST_001079,Treatment,73.9,96.39,104.41,103.14,medium,East,Mobile,Premium,1,1
CUST_001080,Treatment,34.81,33.54,37.61,30.51,medium,North,Mobile,Basic,5,1
CUST_001081,Treatment,37.43,50.8,43.16,57.09,medium,North,Desktop,Basic,11,0
CUST_001082,Control,31.59,52.89,47.52,48.01,high,North,Tablet,Basic,9,0
CUST_001083,Treatment,50.77,38.27,38.42,24.39,high,West,Desktop,Basic,4,1
CUST_001084,Treatment,66.55,64.6,88.8,93.48,medium,West,Mobile,Premium,60,0
CUST_001085,Treatment,94.14,94.15,99.89,120.9,high,West,Tablet,Premium,36,0
CUST_001086,Control,4.06,12.65,12.69,7.98,low,North,Tablet,Basic,13,0
CUST_001087,Treatment,11.06,23.77,13.79,14.36,medium,North,Desktop,Basic,7,0
CUST_001088,Control,118.6,137.26,125.24,134.12,high,South,Mobile,Premium,9,0
CUST_001089,Treatment,38.15,18.59,27.41,14.9,low,East,Tablet,Basic,10,0
CUST_001090,Treatment,44.53,47.19,43.98,61.13,medium,West,Mobile,Basic,29,0
CUST_001091,Treatment,23.0,34.81,34.41,30.11,medium,West,Desktop,Premium,17,0
CUST_001092,Treatment,60.61,58.65,47.3,58.53,medium,North,Tablet,Premium,10,0
CUST_001093,Treatment,32.47,43.91,39.61,18.14,medium,East,Mobile,Basic,2,1
CUST_001094,Treatment,48.01,45.34,33.08,41.94,high,East,Mobile,Basic,8,0
CUST_001095,Treatment,61.27,64.17,69.64,66.47,high,West,Mobile,Basic,15,0
CUST_001096,Treatment,21.15,52.47,38.15,53.94,low,West,Desktop,Premium,5,1
CUST_001097,Control,96.74,105.97,108.46,119.24,medium,South,Desktop,Premium,20,0
CUST_001098,Treatment,210.62,217.33,225.14,238.05,medium,East,Mobile,Enterprise,2,1
CUST_001099,Control,6.34,13.73,22.85,34.15,low,East,Desktop,Basic,10,0
CUST_001100,Control,275.48,299.33,297.82,314.76,high,East,Mobile,Enterprise,33,0
CUST_001101,Treatment,42.29,44.15,44.88,57.42,high,North,Desktop,Basic,11,0
CUST_001102,Control,97.95,105.47,103.85,101.77,low,East,Desktop,Enterprise,2,1
CUST_001103,Treatment,26.27,27.04,12.9,26.29,low,East,Mobile,Basic,23,0
CUST_001104,Treatment,41.25,26.81,36.51,45.95,medium,East,Desktop,Basic,14,0
CUST_001105,Treatment,38.81,46.97,50.28,60.11,low,North,Mobile,Enterprise,60,0
CUST_001106,Control,14.94,25.32,15.1,20.22,low,North,Desktop,Basic,7,0
CUST_001107,Control,51.89,45.83,53.84,64.07,medium,West,Desktop,Premium,32,0
CUST_001108,Control,62.52,77.61,79.8,68.21,medium,East,Desktop,Premium,3,1
CUST_001109,Treatment,12.81,34.82,22.93,21.31,medium,South,Desktop,Basic,12,0
CUST_001110,Control,26.44,42.06,29.52,32.05,low,West,Desktop,Basic,17,0
CUST_001111,Treatment,55.38,62.58,61.76,61.66,low,West,Mobile,Premium,1,1
CUST_001112,Treatment,86.32,92.23,62.86,96.59,medium,West,Mobile,Premium,11,0
CUST_001113,Treatment,50.12,42.42,56.03,38.56,medium,South,Desktop,Basic,4,1
CUST_001114,Treatment,18.35,20.43,42.5,26.98,low,North,Tablet,Basic,4,1
CUST_001115,Control,30.5,39.74,27.6,31.07,low,East,Mobile,Basic,15,0
CUST_001116,Treatment,22.61,31.87,11.34,18.35,medium,South,Mobile,Basic,20,0
CUST_001117,Treatment,33.09,29.63,26.85,48.04,medium,North,Mobile,Basic,5,1
CUST_001118,Treatment,60.54,66.33,68.51,64.21,medium,East,Mobile,Premium,2,1
CUST_001119,Treatment,30.11,18.97,9.49,18.05,low,West,Desktop,Basic,19,0
CUST_001120,Treatment,75.77,63.1,82.99,85.78,high,East,Tablet,Basic,8,0
CUST_001121,Control,53.86,33.51,67.63,58.18,high,North,Mobile,Basic,7,0
CUST_001122,Control,71.97,67.69,71.33,81.47,low,South,Desktop,Premium,6,0
CUST_001123,Control,29.29,51.68,48.94,49.33,medium,West,Desktop,Premium,5,1
CUST_001124,Treatment,57.6,76.29,59.53,64.41,medium,North,Mobile,Basic,19,0
CUST_001125,Treatment,31.89,26.1,28.78,41.85,high,East,Desktop,Basic,7,0
CUST_001126,Treatment,19.14,8.71,34.38,19.23,medium,South,Mobile,Basic,5,1
CUST_001127,Control,71.11,80.54,63.59,70.2,medium,North,Desktop,Premium,1,1
CUST_001128,Control,53.47,52.81,47.13,52.94,high,South,Tablet,Basic,1,1
CUST_001129,Control,53.52,54.61,42.55,77.36,low,North,Desktop,Premium,19,0
CUST_001130,Treatment,44.15,24.35,32.07,49.05,high,South,Mobile,Basic,45,0
CUST_001131,Control,38.41,40.73,48.57,58.03,low,East,Desktop,Premium,1,1
CUST_001132,Treatment,97.3,103.21,100.38,121.69,low,West,Desktop,Enterprise,9,0
CUST_001133,Treatment,40.16,29.23,36.12,32.1,low,South,Mobile,Basic,5,1
CUST_001134,Control,9.99,16.54,7.68,29.31,medium,South,Desktop,Basic,11,0
CUST_001135,Treatment,14.9,36.14,17.37,26.89,low,North,Desktop,Basic,54,0
CUST_001136,Treatment,16.1,23.25,29.74,19.36,medium,South,Desktop,Basic,1,1
CUST_001137,Treatment,92.34,97.8,90.45,112.95,medium,West,Desktop,Premium,1,1
CUST_001138,Control,92.52,93.85,105.62,109.87,high,West,Mobile,Premium,3,1
CUST_001139,Control,17.44,11.66,21.63,25.99,low,West,Desktop,Basic,15,0
CUST_001140,Treatment,16.78,36.67,12.44,32.2,low,East,Desktop,Basic,1,1
CUST_001141,Treatment,32.78,49.25,31.02,55.38,medium,West,Mobile,Basic,4,1
CUST_001142,Control,86.04,95.3,84.87,111.65,medium,East,Desktop,Premium,20,0
CUST_001143,Treatment,22.83,23.42,51.23,44.32,medium,East,Desktop,Basic,30,0
CUST_001144,Control,64.21,53.55,48.11,55.03,medium,North,Desktop,Basic,10,0
CUST_001145,Control,28.83,32.0,31.98,44.84,medium,West,Desktop,Basic,1,1
CUST_001146,Treatment,99.38,92.68,109.31,103.66,high,West,Mobile,Premium,7,0
CUST_001147,Control,49.01,64.24,54.26,59.46,medium,South,Desktop,Premium,1,1
CUST_001148,Treatment,38.5,43.14,40.57,63.56,high,East,Desktop,Basic,5,1
CUST_001149,Control,35.6,46.76,48.1,55.91,low,East,Desktop,Premium,11,0
CUST_001150,Treatment,21.65,20.9,29.42,29.73,low,South,Mobile,Basic,12,0
CUST_001151,Control,24.28,40.04,37.37,41.54,low,South,Mobile,Premium,33,0
CUST_001152,Control,55.7,58.98,51.67,68.77,low,South,Desktop,Premium,56,0
CUST_001153,Treatment,118.58,102.49,122.59,119.55,medium,South,Desktop,Enterprise,9,0
CUST_001154,Control,23.01,7.95,11.32,15.7,medium,West,Desktop,Basic,20,0
CUST_001155,Control,53.32,50.96,48.46,51.41,low,West,Mobile,Enterprise,10,0
CUST_001156,Control,31.68,23.62,26.74,32.46,low,South,Desktop,Basic,6,0
CUST_001157,Treatment,68.69,76.58,74.84,76.47,high,South,Desktop,Basic,11,0
CUST_001158,Treatment,29.97,32.88,31.2,43.89,high,North,Mobile,Basic,2,1
CUST_001159,Treatment,42.42,30.08,33.29,31.65,medium,North,Desktop,Basic,11,0
CUST_001160,Treatment,23.07,19.12,39.53,25.38,medium,East,Tablet,Basic,5,1
CUST_001161,Treatment,47.76,54.5,45.21,65.01,medium,East,Desktop,Basic,7,0
CUST_001162,Control,21.16,30.14,29.57,33.31,low,West,Desktop,Premium,2,1
CUST_001163,Control,33.13,24.87,31.69,29.68,medium,East,Mobile,Basic,27,0
CUST_001164,Treatment,131.65,144.24,144.06,166.95,medium,North,Desktop,Enterprise,5,1
CUST_001165,Treatment,80.92,82.02,79.82,77.12,low,South,Desktop,Enterprise,19,0
CUST_001166,Control,17.29,24.08,7.57,11.09,medium,South,Desktop,Basic,35,0
CUST_001167,Treatment,26.28,24.39,25.77,29.62,medium,South,Mobile,Basic,1,1
CUST_001168,Treatment,163.04,157.32,144.66,166.93,medium,South,Desktop,Enterprise,2,1
CUST_001169,Treatment,17.91,14.29,16.95,34.74,low,North,Desktop,Basic,31,0
CUST_001170,Control,28.47,38.84,29.87,34.68,low,South,Mobile,Basic,2,1
CUST_001171,Treatment,76.51,78.8,71.68,68.28,medium,West,Desktop,Premium,44,0
CUST_001172,Treatment,17.69,36.42,39.1,15.85,low,West,Desktop,Basic,25,0
CUST_001173,Control,33.0,23.94,33.62,29.02,high,East,Tablet,Basic,7,0
CUST_001174,Treatment,4.88,24.59,24.29,11.97,low,West,Desktop,Basic,13,0
CUST_001175,Treatment,87.46,82.76,81.15,96.6,high,East,Mobile,Basic,5,1
CUST_001176,Treatment,74.25,87.17,106.68,101.74,high,East,Mobile,Premium,30,0
CUST_001177,Treatment,51.4,73.99,62.22,67.75,high,North,Mobile,Basic,11,0
CUST_001178,Control,39.15,31.81,33.63,35.65,medium,East,Tablet,Basic,4,1
CUST_001179,Control,35.92,20.67,26.71,28.85,low,South,Mobile,Premium,1,1
CUST_001180,Control,89.38,96.26,107.18,100.18,high,West,Desktop,Basic,1,1
CUST_001181,Treatment,52.11,45.25,52.22,57.71,medium,South,Mobile,Premium,6,0
CUST_001182,Treatment,14.62,30.01,31.39,41.19,low,North,Mobile,Premium,2,1
CUST_001183,Treatment,301.24,309.19,303.89,363.44,high,East,Desktop,Enterprise,13,0
CUST_001184,Control,131.57,145.36,135.35,145.12,medium,East,Desktop,Enterprise,3,1
CUST_001185,Control,83.3,65.02,81.93,102.63,medium,North,Desktop,Premium,34,0
CUST_001186,Control,12.91,29.74,26.74,16.82,low,East,Desktop,Basic,30,0
CUST_001187,Control,113.41,111.06,122.44,133.65,medium,West,Desktop,Premium,17,0
CUST_001188,Treatment,41.11,51.48,48.97,46.37,medium,North,Desktop,Basic,11,0
CUST_001189,Control,33.78,18.39,26.96,28.99,low,East,Desktop,Basic,22,0
CUST_001190,Control,328.96,343.5,331.23,353.94,medium,West,Mobile,Enterprise,4,1
CUST_001191,Control,34.69,48.33,46.01,41.85,high,North,Desktop,Basic,21,0
CUST_001192,Treatment,31.74,46.46,41.78,52.45,low,West,Desktop,Premium,14,0
CUST_001193,Control,35.19,17.19,39.81,50.69,medium,East,Mobile,Basic,31,0
CUST_001194,Treatment,22.77,37.36,19.56,20.16,medium,South,Mobile,Basic,13,0
CUST_001195,Control,35.32,46.3,43.89,16.71,medium,West,Mobile,Basic,34,0
CUST_001196,Control,25.28,20.99,21.33,35.45,low,South,Mobile,Premium,2,1
CUST_001197,Treatment,86.9,68.43,63.91,103.78,medium,South,Desktop,Premium,1,1
CUST_001198,Treatment,68.58,71.13,67.51,87.35,high,West,Mobile,Basic,1,1
CUST_001199,Treatment,42.73,58.0,53.84,52.38,medium,East,Desktop,Premium,1,1
CUST_001200,Control,34.66,26.53,32.87,36.32,medium,East,Mobile,Basic,20,0
CUST_001201,Control,39.06,34.71,59.23,53.55,low,West,Desktop,Premium,1,1
CUST_001202,Treatment,18.58,23.17,26.0,32.8,low,East,Mobile,Basic,18,0
CUST_001203,Treatment,27.95,28.66,32.24,16.42,medium,West,Desktop,Basic,6,0
CUST_001204,Control,165.41,190.39,186.43,190.0,medium,South,Desktop,Enterprise,5,1
CUST_001205,Control,52.5,64.17,44.23,59.35,high,North,Mobile,Premium,1,1
CUST_001206,Control,48.91,49.73,60.69,48.94,high,South,Desktop,Basic,5,1
CUST_001207,Treatment,72.05,73.69,75.03,92.28,high,West,Desktop,Basic,1,1
CUST_001208,Control,39.94,37.68,50.28,43.89,medium,South,Desktop,Premium,13,0
CUST_001209,Treatment,52.4,38.66,45.82,59.92,low,West,Desktop,Premium,26,0
CUST_001210,Treatment,119.4,126.39,120.74,145.24,low,South,Mobile,Enterprise,42,0
CUST_001211,Control,37.68,50.2,45.06,58.99,low,East,Tablet,Premium,2,1
CUST_001212,Control,28.48,32.85,30.97,36.53,low,East,Desktop,Premium,11,0
CUST_001213,Control,90.67,119.76,109.0,119.63,medium,North,Desktop,Enterprise,25,0
CUST_001214,Control,103.1,120.37,116.18,112.79,medium,West,Desktop,Premium,22,0
CUST_001215,Control,131.92,146.78,145.62,170.11,medium,West,Mobile,Enterprise,11,0
CUST_001216,Control,36.07,31.86,29.38,36.17,low,East,Desktop,Basic,13,0
CUST_001217,Treatment,22.4,21.63,19.92,28.17,low,North,Mobile,Basic,53,0
CUST_001218,Control,50.64,36.22,46.7,34.18,medium,East,Mobile,Premium,14,0
CUST_001219,Treatment,27.22,34.18,21.95,5.94,medium,West,Mobile,Basic,60,0
CUST_001220,Control,48.98,25.08,14.02,19.9,medium,East,Mobile,Basic,24,0
CUST_001221,Control,26.68,27.48,23.54,28.75,low,West,Desktop,Basic,14,0
CUST_001222,Control,29.09,27.77,41.6,31.8,medium,East,Desktop,Basic,4,1
CUST_001223,Treatment,76.19,55.44,63.32,68.63,medium,West,Desktop,Premium,16,0
CUST_001224,Treatment,39.9,52.54,26.53,39.51,low,South,Mobile,Premium,3,1
CUST_001225,Treatment,46.62,47.69,38.84,61.0,medium,South,Desktop,Basic,10,0
CUST_001226,Treatment,117.63,115.0,111.28,124.17,high,East,Desktop,Premium,3,1
CUST_001227,Treatment,26.33,22.57,38.93,16.04,medium,South,Desktop,Premium,18,0
CUST_001228,Control,31.74,38.28,32.54,32.54,low,West,Desktop,Premium,4,1
CUST_001229,Treatment,70.65,97.61,99.64,108.65,high,West,Tablet,Premium,2,1
CUST_001230,Treatment,23.72,29.88,30.74,41.61,low,North,Mobile,Basic,3,1
CUST_001231,Treatment,109.22,110.3,142.89,141.19,low,South,Mobile,Enterprise,4,1
CUST_001232,Control,31.0,14.89,25.17,15.05,low,East,Desktop,Basic,10,0
CUST_001233,Treatment,37.68,40.93,32.27,30.67,medium,East,Desktop,Basic,11,0
CUST_001234,Treatment,101.47,85.91,89.81,96.86,medium,South,Desktop,Premium,2,1
CUST_001235,Treatment,52.11,47.14,47.94,50.97,high,North,Mobile,Basic,4,1
CUST_001236,Treatment,21.62,24.15,20.42,17.28,low,North,Mobile,Basic,4,1
CUST_001237,Treatment,30.89,38.19,22.74,42.59,medium,West,Desktop,Basic,11,0
CUST_001238,Treatment,149.62,158.66,156.6,162.22,medium,East,Desktop,Enterprise,10,0
CUST_001239,Control,85.57,98.77,90.31,92.02,medium,West,Desktop,Premium,21,0
CUST_001240,Control,101.44,91.16,112.46,100.26,high,North,Mobile,Premium,37,0
CUST_001241,Control,29.27,38.86,21.29,26.85,medium,East,Desktop,Basic,19,0
CUST_001242,Control,23.65,11.19,21.51,36.09,low,West,Desktop,Basic,51,0
CUST_001243,Treatment,318.41,326.56,345.87,429.08,high,East,Tablet,Enterprise,32,0
CUST_001244,Control,7.33,17.19,23.81,21.83,medium,East,Mobile,Basic,3,1
CUST_001245,Treatment,47.05,45.23,45.99,51.79,low,East,Mobile,Premium,1,1
CUST_001246,Control,8.85,6.94,6.38,3.18,low,East,Mobile,Basic,6,0
CUST_001247,Treatment,22.55,19.76,20.97,33.05,medium,East,Desktop,Basic,11,0
CUST_001248,Control,24.37,28.4,43.21,28.13,medium,East,Desktop,Basic,20,0
CUST_001249,Treatment,23.79,15.48,11.8,41.28,low,East,Desktop,Premium,18,0
CUST_001250,Treatment,64.26,74.07,82.2,65.69,medium,East,Desktop,Premium,9,0
CUST_001251,Control,91.41,99.37,108.06,110.46,high,East,Desktop,Premium,10,0
CUST_001252,Treatment,54.75,58.71,35.01,51.86,medium,North,Mobile,Basic,7,0
CUST_001253,Control,16.72,18.7,23.14,22.59,medium,North,Mobile,Basic,11,0
CUST_001254,Control,19.15,32.36,44.28,51.03,medium,East,Tablet,Basic,11,0
CUST_001255,Treatment,106.26,89.2,94.98,111.34,medium,North,Desktop,Premium,11,0
CUST_001256,Control,272.34,280.66,283.02,293.53,medium,East,Mobile,Enterprise,1,1
CUST_001257,Control,25.91,26.27,30.34,22.98,low,South,Desktop,Basic,6,0
CUST_001258,Treatment,33.66,27.52,28.57,30.51,medium,East,Desktop,Basic,1,1
CUST_001259,Control,42.53,24.15,42.86,37.49,medium,East,Desktop,Basic,45,0
CUST_001260,Treatment,15.3,23.66,21.45,15.22,low,East,Mobile,Basic,13,0
CUST_001261,Treatment,55.53,57.61,48.81,60.24,high,North,Mobile,Basic,9,0
CUST_001262,Control,89.73,98.32,98.17,99.95,low,East,Mobile,Enterprise,10,0
CUST_001263,Control,35.71,24.74,33.06,34.26,low,East,Desktop,Premium,2,1
CUST_001264,Treatment,59.56,39.43,42.58,39.05,low,North,Desktop,Enterprise,8,0
CUST_001265,Control,140.29,160.47,155.5,166.29,medium,North,Desktop,Enterprise,17,0
CUST_001266,Control,24.24,13.59,26.55,47.85,low,East,Mobile,Basic,2,1
CUST_001267,Control,19.37,42.86,25.07,29.65,low,North,Tablet,Basic,5,1
CUST_001268,Treatment,16.23,12.21,16.72,11.68,medium,East,Desktop,Basic,15,0
CUST_001269,Treatment,28.58,27.26,45.9,40.98,medium,East,Desktop,Basic,47,0
CUST_001270,Control,65.49,67.0,73.68,93.63,medium,West,Desktop,Premium,4,1
CUST_001271,Treatment,53.44,44.38,35.01,44.79,medium,West,Mobile,Basic,3,1
CUST_001272,Control,16.69,7.6,8.78,2.58,low,West,Mobile,Basic,3,1
CUST_001273,Control,0.0,23.16,20.25,24.99,low,North,Desktop,Basic,11,0
CUST_001274,Treatment,101.08,111.88,128.02,142.04,high,West,Mobile,Premium,23,0
CUST_001275,Treatment,48.73,36.88,54.15,38.48,low,East,Desktop,Premium,1,1
CUST_001276,Treatment,77.05,77.46,56.47,104.2,high,West,Desktop,Basic,17,0
CUST_001277,Control,18.23,8.62,43.2,35.07,low,East,Desktop,Basic,36,0
CUST_001278,Control,39.35,35.37,29.71,28.87,low,East,Mobile,Basic,26,0
CUST_001279,Treatment,28.33,28.58,13.46,7.52,medium,West,Tablet,Basic,2,1
CUST_001280,Control,25.59,25.08,21.88,10.58,low,East,Desktop,Basic,15,0
CUST_001281,Control,15.69,33.84,14.25,39.84,low,West,Mobile,Basic,12,0
CUST_001282,Treatment,42.02,39.87,64.3,71.6,high,South,Desktop,Basic,7,0
CUST_001283,Control,43.13,55.41,54.46,47.41,medium,North,Tablet,Basic,15,0
CUST_001284,Control,15.67,24.26,12.87,31.5,low,East,Mobile,Basic,19,0
CUST_001285,Treatment,22.15,19.8,21.72,21.56,low,East,Desktop,Basic,8,0
CUST_001286,Treatment,25.21,60.62,37.44,58.52,high,West,Mobile,Basic,9,0
CUST_001287,Control,20.05,26.55,33.92,22.16,medium,West,Mobile,Basic,3,1
CUST_001288,Treatment,183.24,187.48,178.89,204.18,medium,West,Tablet,Enterprise,4,1
CUST_001289,Treatment,26.84,36.11,33.98,33.27,medium,South,Desktop,Basic,33,0
CUST_001290,Control,22.29,6.48,0.99,15.95,low,East,Mobile,Basic,8,0
CUST_001291,Treatment,79.21,73.74,66.87,92.6,high,East,Tablet,Premium,14,0
CUST_001292,Control,43.32,38.47,49.81,43.7,medium,South,Mobile,Premium,1,1
CUST_001293,Treatment,35.84,31.8,27.23,17.54,low,North,Mobile,Basic,6,0
CUST_001294,Treatment,18.63,25.99,24.63,27.7,medium,West,Tablet,Basic,2,1
CUST_001295,Control,64.22,63.43,74.03,74.46,low,East,Mobile,Enterprise,16,0
CUST_001296,Control,20.38,17.82,9.94,20.94,low,East,Desktop,Basic,60,0
CUST_001297,Control,67.76,72.94,61.46,71.57,medium,North,Tablet,Premium,2,1
CUST_001298,Control,19.89,17.72,14.98,39.52,low,West,Desktop,Basic,1,1
CUST_001299,Control,56.99,67.3,85.56,83.75,high,East,Desktop,Premium,14,0
CUST_001300,Control,102.95,111.89,115.97,109.04,medium,North,Desktop,Enterprise,16,0
CUST_001301,Control,160.44,183.71,186.54,184.93,medium,West,Mobile,Enterprise,7,0
CUST_001302,Control,48.34,45.13,58.2,45.01,low,East,Desktop,Basic,5,1
CUST_001303,Treatment,18.88,21.92,16.01,45.9,medium,West,Mobile,Basic,8,0
CUST_001304,Treatment,65.83,48.12,52.86,55.92,high,West,Desktop,Basic,16,0
CUST_001305,Treatment,34.38,20.76,23.32,19.64,low,East,Desktop,Basic,3,1
CUST_001306,Treatment,14.4,10.44,6.23,23.49,low,South,Tablet,Basic,6,0
CUST_001307,Treatment,12.58,18.47,4.49,23.87,low,South,Mobile,Basic,18,0
CUST_001308,Treatment,55.51,67.8,69.05,60.67,low,South,Mobile,Enterprise,7,0
CUST_001309,Control,19.95,16.56,11.88,19.75,low,South,Desktop,Basic,26,0
CUST_001310,Control,33.78,27.63,28.35,31.8,low,South,Tablet,Premium,37,0
CUST_001311,Treatment,51.55,59.53,65.83,55.59,medium,South,Desktop,Basic,9,0
CUST_001312,Treatment,38.5,34.11,53.36,41.61,high,West,Desktop,Basic,14,0
CUST_001313,Treatment,79.97,81.75,88.48,98.59,high,East,Mobile,Premium,41,0
CUST_001314,Control,35.19,45.44,33.69,34.03,medium,South,Mobile,Basic,10,0
CUST_001315,Control,69.12,84.77,85.37,88.65,medium,North,Desktop,Premium,23,0
CUST_001316,Control,16.4,15.99,23.42,17.68,low,East,Desktop,Basic,7,0
CUST_001317,Treatment,101.93,90.59,105.45,101.76,low,North,Tablet,Enterprise,1,1
CUST_001318,Control,31.78,51.06,42.41,62.97,low,West,Desktop,Premium,8,0
CUST_001319,Treatment,253.97,266.4,277.07,319.52,high,West,Mobile,Enterprise,5,1
CUST_001320,Treatment,48.4,59.99,42.72,63.14,medium,East,Desktop,Basic,24,0
CUST_001321,Treatment,57.81,58.01,61.61,69.07,low,South,Desktop,Premium,8,0
CUST_001322,Control,36.51,30.33,30.21,40.55,low,North,Mobile,Premium,12,0
CUST_001323,Treatment,40.29,38.36,32.22,55.16,high,North,Desktop,Basic,8,0
CUST_001324,Treatment,49.62,34.33,39.25,47.89,low,West,Mobile,Enterprise,11,0
CUST_001325,Treatment,91.7,103.57,100.69,92.97,medium,East,Mobile,Enterprise,9,0
CUST_001326,Control,47.24,59.31,50.16,67.7,medium,East,Mobile,Premium,17,0
CUST_001327,Treatment,57.63,55.58,55.34,63.61,medium,West,Mobile,Premium,23,0
CUST_001328,Control,26.3,20.71,24.44,27.52,high,West,Desktop,Basic,9,0
CUST_001329,Treatment,124.5,132.17,133.64,168.31,high,East,Desktop,Enterprise,3,1
CUST_001330,Treatment,74.37,58.44,73.67,99.94,high,South,Mobile,Basic,25,0
CUST_001331,Treatment,57.93,56.17,52.46,62.66,low,West,Mobile,Premium,52,0
CUST_001332,Control,46.03,42.62,56.19,55.07,high,South,Mobile,Basic,9,0
CUST_001333,Control,54.68,42.03,68.41,63.68,high,West,Desktop,Premium,1,1
CUST_001334,Treatment,55.0,53.93,52.9,69.36,high,North,Desktop,Premium,17,0
CUST_001335,Control,44.59,24.72,46.56,35.85,low,East,Mobile,Premium,12,0
CUST_001336,Control,79.06,89.27,67.21,77.62,medium,West,Mobile,Premium,1,1
CUST_001337,Treatment,42.83,34.67,36.48,31.96,medium,North,Mobile,Basic,1,1
CUST_001338,Treatment,24.63,25.82,47.54,35.26,low,East,Mobile,Basic,26,0
CUST_001339,Treatment,35.02,39.51,26.32,52.56,medium,West,Desktop,Premium,13,0
CUST_001340,Control,45.89,37.01,33.97,48.94,low,South,Desktop,Basic,3,1
CUST_001341,Control,51.96,48.11,61.36,69.5,high,East,Desktop,Basic,35,0
CUST_001342,Control,9.95,8.29,26.67,24.06,low,North,Tablet,Basic,7,0
CUST_001343,Treatment,31.94,26.51,32.67,25.58,high,South,Mobile,Basic,6,0
CUST_001344,Treatment,209.64,206.15,219.93,233.06,medium,South,Desktop,Enterprise,10,0
CUST_001345,Treatment,44.85,48.54,37.58,59.46,low,West,Mobile,Premium,2,1
CUST_001346,Control,21.52,22.42,16.14,10.98,medium,West,Mobile,Basic,8,0
CUST_001347,Treatment,41.74,51.84,41.47,49.75,low,East,Mobile,Premium,6,0
CUST_001348,Treatment,30.56,38.8,32.81,19.34,medium,East,Mobile,Basic,12,0
CUST_001349,Treatment,39.66,73.17,53.54,66.89,medium,West,Desktop,Premium,29,0
CUST_001350,Control,59.34,58.34,48.35,72.78,low,East,Desktop,Premium,23,0
CUST_001351,Treatment,53.8,69.97,58.08,76.77,medium,North,Mobile,Premium,26,0
CUST_001352,Treatment,53.37,51.1,63.77,74.27,high,South,Desktop,Premium,3,1
CUST_001353,Treatment,18.2,26.44,21.7,21.65,low,East,Tablet,Basic,9,0
CUST_001354,Control,20.34,36.24,31.95,22.37,medium,East,Mobile,Basic,16,0
CUST_001355,Treatment,164.24,166.32,163.34,199.23,high,East,Desktop,Premium,8,0
CUST_001356,Treatment,98.18,105.81,87.82,110.62,high,West,Mobile,Premium,14,0
CUST_001357,Control,58.41,47.93,70.07,45.15,medium,East,Mobile,Premium,19,0
CUST_001358,Treatment,21.25,32.07,29.43,57.94,medium,North,Desktop,Basic,10,0
CUST_001359,Treatment,13.19,21.15,25.04,20.11,medium,North,Mobile,Basic,6,0
CUST_001360,Treatment,6.93,17.38,15.81,22.78,low,East,Desktop,Basic,1,1
CUST_001361,Control,41.41,29.0,47.51,48.78,medium,West,Mobile,Premium,6,0
CUST_001362,Control,94.01,99.98,89.53,94.63,medium,East,Mobile,Enterprise,1,1
CUST_001363,Control,31.05,28.53,43.94,48.29,medium,East,Mobile,Basic,32,0
CUST_001364,Treatment,22.09,15.92,7.85,0.0,high,West,Desktop,Basic,3,1
CUST_001365,Treatment,159.64,176.34,181.18,191.97,medium,East,Tablet,Enterprise,8,0
CUST_001366,Treatment,34.58,24.47,41.06,43.57,low,North,Tablet,Basic,3,1
CUST_001367,Control,51.7,55.99,55.14,58.05,low,East,Desktop,Premium,1,1
CUST_001368,Treatment,127.23,129.79,135.58,149.68,medium,North,Desktop,Enterprise,8,0
CUST_001369,Control,71.9,74.2,55.49,88.03,high,East,Desktop,Basic,4,1
CUST_001370,Treatment,105.85,116.52,134.52,116.28,medium,North,Mobile,Premium,16,0
CUST_001371,Treatment,29.67,39.86,33.75,47.37,low,North,Mobile,Premium,8,0
CUST_001372,Treatment,47.56,55.07,48.71,52.64,high,South,Mobile,Basic,1,1
CUST_001373,Treatment,41.14,32.92,28.23,34.07,medium,West,Desktop,Basic,12,0
CUST_001374,Control,28.23,36.77,12.33,25.0,medium,East,Mobile,Basic,60,0
CUST_001375,Control,61.79,68.94,55.44,64.9,high,West,Desktop,Basic,10,0
CUST_001376,Control,67.27,67.0,63.56,59.35,high,West,Tablet,Basic,2,1
CUST_001377,Treatment,39.48,10.23,13.48,49.49,medium,South,Desktop,Basic,1,1
CUST_001378,Treatment,100.25,98.16,101.32,135.21,medium,East,Desktop,Enterprise,2,1
CUST_001379,Treatment,47.56,42.03,18.63,38.89,medium,East,Mobile,Basic,7,0
CUST_001380,Treatment,31.82,23.26,37.88,35.75,low,West,Desktop,Premium,1,1
CUST_001381,Control,32.02,47.85,43.4,55.12,low,South,Mobile,Premium,9,0
CUST_001382,Control,31.34,40.22,36.36,42.74,medium,West,Desktop,Basic,20,0
CUST_001383,Control,10.54,30.1,15.29,23.08,low,North,Mobile,Basic,1,1
CUST_001384,Treatment,12.28,1.89,30.93,32.82,medium,West,Desktop,Basic,8,0
CUST_001385,Treatment,93.44,101.74,87.08,112.71,medium,South,Tablet,Enterprise,7,0
CUST_001386,Treatment,58.05,54.7,83.16,67.93,high,East,Desktop,Basic,31,0
CUST_001387,Treatment,68.61,70.46,65.56,91.92,medium,West,Mobile,Premium,1,1
CUST_001388,Treatment,27.48,24.23,17.38,25.48,medium,South,Desktop,Basic,1,1
CUST_001389,Treatment,31.0,21.96,18.88,26.55,low,South,Desktop,Basic,8,0
CUST_001390,Control,17.66,33.7,28.94,31.01,low,West,Mobile,Basic,28,0
CUST_001391,Treatment,30.11,44.95,40.15,51.25,low,East,Desktop,Premium,32,0
CUST_001392,Control,62.89,62.12,63.06,46.82,medium,West,Desktop,Premium,43,0
CUST_001393,Treatment,61.6,63.35,44.44,67.92,medium,North,Desktop,Premium,28,0
CUST_001394,Treatment,35.64,3.59,25.51,19.68,medium,West,Mobile,Basic,26,0
CUST_001395,Treatment,39.76,51.59,38.82,63.65,low,East,Mobile,Basic,2,1
CUST_001396,Control,69.8,69.27,86.9,83.79,low,South,Desktop,Premium,35,0
CUST_001397,Control,84.86,77.54,76.11,97.93,high,East,Mobile,Premium,12,0
CUST_001398,Treatment,59.37,50.55,50.24,46.36,medium,South,Desktop,Premium,11,0
CUST_001399,Treatment,44.18,62.99,72.75,70.71,medium,West,Desktop,Premium,29,0
CUST_001400,Control,4.54,12.92,20.26,26.82,medium,East,Mobile,Basic,52,0
CUST_001401,Control,45.08,29.81,13.27,24.65,medium,North,Desktop,Basic,2,1
CUST_001402,Treatment,56.43,61.48,60.67,66.22,medium,East,Desktop,Premium,27,0
CUST_001403,Control,25.22,29.41,30.49,11.39,low,East,Tablet,Basic,12,0
CUST_001404,Control,39.25,24.35,43.32,35.88,medium,North,Mobile,Basic,9,0
CUST_001405,Treatment,24.11,35.66,26.35,54.14,medium,West,Mobile,Basic,58,0
CUST_001406,Treatment,121.16,125.88,122.45,142.87,high,South,Desktop,Premium,8,0
CUST_001407,Treatment,35.74,33.14,26.27,29.02,medium,South,Desktop,Basic,1,1
CUST_001408,Control,14.88,16.57,11.48,16.66,low,South,Desktop,Basic,37,0
CUST_001409,Treatment,27.52,33.69,31.66,24.2,low,East,Desktop,Basic,1,1
CUST_001410,Control,18.0,12.5,15.67,29.06,low,West,Mobile,Basic,28,0
CUST_001411,Control,22.87,27.49,35.26,13.04,high,West,Desktop,Basic,4,1
CUST_001412,Control,29.81,23.66,16.71,29.55,low,South,Mobile,Basic,15,0
CUST_001413,Control,20.88,22.87,15.37,25.47,medium,North,Mobile,Basic,14,0
CUST_001414,Treatment,37.99,37.01,71.31,63.16,low,West,Tablet,Premium,3,1
CUST_001415,Control,12.44,28.66,32.1,32.75,medium,North,Desktop,Basic,1,1
CUST_001416,Control,58.12,66.91,64.35,70.57,medium,North,Mobile,Premium,35,0
CUST_001417,Control,77.93,80.77,93.4,91.1,low,North,Desktop,Enterprise,36,0
CUST_001418,Treatment,66.48,59.49,70.53,80.43,medium,East,Mobile,Premium,1,1
CUST_001419,Control,63.92,51.72,58.03,71.04,medium,East,Desktop,Premium,9,0
CUST_001420,Control,114.53,111.96,118.91,108.17,low,South,Desktop,Enterprise,5,1
CUST_001421,Control,58.73,66.19,63.17,81.15,low,East,Desktop,Enterprise,1,1
CUST_001422,Treatment,128.02,110.59,151.37,139.73,high,South,Tablet,Enterprise,12,0
CUST_001423,Control,62.1,78.01,75.5,63.96,low,East,Desktop,Premium,8,0
CUST_001424,Control,52.07,45.32,47.2,58.06,medium,West,Desktop,Premium,1,1
CUST_001425,Treatment,24.48,17.17,26.25,32.97,low,East,Desktop,Basic,1,1
CUST_001426,Control,44.83,43.3,42.86,49.13,low,North,Mobile,Premium,3,1
CUST_001427,Treatment,120.12,109.77,120.71,141.62,low,West,Desktop,Enterprise,5,1
CUST_001428,Treatment,53.73,54.17,60.64,59.07,high,North,Tablet,Premium,11,0
CUST_001429,Treatment,47.38,59.33,40.55,43.37,medium,West,Desktop,Premium,18,0
CUST_001430,Control,33.0,42.06,43.18,54.82,low,West,Desktop,Premium,7,0
CUST_001431,Control,53.94,65.67,52.22,53.28,high,North,Mobile,Basic,55,0
CUST_001432,Treatment,36.64,38.4,57.28,46.63,medium,South,Desktop,Basic,15,0
CUST_001433,Treatment,21.13,36.24,26.71,18.96,low,South,Desktop,Premium,1,1
CUST_001434,Control,163.13,173.1,167.6,168.81,high,North,Desktop,Premium,49,0
CUST_001435,Control,49.57,39.63,49.99,39.72,low,West,Mobile,Premium,5,1
CUST_001436,Control,116.58,125.8,123.86,121.03,medium,South,Mobile,Enterprise,2,1
CUST_001437,Treatment,65.3,75.38,73.4,74.61,medium,South,Desktop,Premium,23,0
CUST_001438,Treatment,36.63,24.16,12.63,45.62,medium,North,Desktop,Basic,60,0
CUST_001439,Control,26.91,33.12,41.01,39.21,medium,South,Desktop,Premium,8,0
CUST_001440,Control,16.73,10.35,22.61,21.67,medium,North,Tablet,Basic,1,1
CUST_001441,Treatment,59.64,73.93,75.39,62.15,medium,North,Desktop,Premium,24,0
CUST_001442,Treatment,9.17,18.91,8.4,7.41,low,West,Mobile,Basic,7,0
CUST_001443,Control,45.6,73.8,67.81,71.96,medium,North,Mobile,Premium,60,0
CUST_001444,Control,91.1,82.7,84.79,83.49,high,West,Desktop,Premium,16,0
CUST_001445,Treatment,50.47,49.75,49.63,56.1,medium,South,Mobile,Basic,11,0
CUST_001446,Control,56.9,72.09,69.81,77.09,high,West,Desktop,Premium,4,1
CUST_001447,Treatment,26.44,8.39,34.62,12.44,medium,South,Tablet,Basic,3,1
CUST_001448,Treatment,63.21,83.65,76.3,87.74,high,North,Mobile,Premium,35,0
CUST_001449,Control,55.84,64.2,61.48,53.17,medium,North,Desktop,Premium,46,0
CUST_001450,Control,24.57,44.0,33.26,35.5,medium,West,Mobile,Basic,1,1
CUST_001451,Control,67.18,64.24,44.76,75.99,medium,East,Desktop,Basic,1,1
CUST_001452,Control,65.83,64.44,82.34,63.76,low,South,Desktop,Enterprise,17,0
CUST_001453,Control,4.25,9.89,23.45,11.5,low,North,Mobile,Basic,60,0
CUST_001454,Treatment,50.36,41.73,50.08,22.84,medium,East,Desktop,Basic,13,0
CUST_001455,Control,24.37,17.22,44.89,32.54,low,South,Mobile,Premium,4,1
CUST_001456,Control,43.77,30.54,32.02,39.72,medium,South,Mobile,Basic,8,0
CUST_001457,Treatment,25.83,0.0,31.7,11.1,low,South,Desktop,Basic,21,0
CUST_001458,Control,27.56,34.81,31.43,40.69,high,East,Desktop,Basic,34,0
CUST_001459,Control,45.97,33.09,33.51,45.54,medium,South,Desktop,Basic,7,0
CUST_001460,Treatment,30.45,31.35,39.69,38.54,medium,East,Desktop,Basic,10,0
CUST_001461,Control,31.11,37.02,25.65,38.77,medium,North,Mobile,Basic,22,0
CUST_001462,Control,93.25,111.32,93.47,109.23,medium,North,Mobile,Enterprise,13,0
CUST_001463,Treatment,80.55,78.1,77.11,89.45,high,East,Desktop,Basic,20,0
CUST_001464,Treatment,46.55,36.05,49.52,56.65,high,South,Desktop,Basic,21,0
CUST_001465,Treatment,111.76,123.31,107.46,141.4,medium,West,Mobile,Enterprise,60,0
CUST_001466,Treatment,63.65,57.49,57.6,45.03,low,West,Desktop,Enterprise,5,1
CUST_001467,Control,31.15,41.1,33.53,39.79,low,West,Mobile,Basic,4,1
CUST_001468,Control,103.44,96.89,102.13,114.53,medium,West,Desktop,Enterprise,18,0
CUST_001469,Treatment,23.82,29.61,28.91,27.64,medium,North,Mobile,Basic,2,1
CUST_001470,Treatment,20.79,28.59,8.11,20.37,low,North,Mobile,Basic,14,0
CUST_001471,Control,48.2,59.36,56.3,69.86,medium,East,Desktop,Premium,1,1
CUST_001472,Treatment,96.54,103.42,112.71,101.08,low,North,Mobile,Enterprise,48,0
CUST_001473,Control,65.81,72.88,67.2,83.07,medium,West,Desktop,Premium,10,0
CUST_001474,Control,61.88,65.37,76.18,70.82,medium,West,Desktop,Premium,3,1
CUST_001475,Control,19.63,21.97,12.0,1.35,medium,North,Desktop,Basic,29,0
CUST_001476,Treatment,14.65,21.63,35.45,16.71,low,West,Mobile,Basic,8,0
CUST_001477,Treatment,0.17,3.26,18.34,15.93,medium,West,Mobile,Basic,1,1
CUST_001478,Control,54.44,55.66,65.02,75.93,medium,East,Desktop,Premium,21,0
CUST_001479,Control,173.18,188.62,175.83,192.54,high,West,Mobile,Enterprise,1,1
CUST_001480,Control,33.32,20.73,36.89,31.95,low,South,Desktop,Basic,1,1
CUST_001481,Treatment,129.93,125.66,121.0,137.84,medium,West,Mobile,Enterprise,1,1
CUST_001482,Treatment,25.28,17.88,18.78,4.78,low,South,Mobile,Basic,2,1
CUST_001483,Treatment,123.49,112.51,123.67,117.29,medium,North,Desktop,Enterprise,4,1
CUST_001484,Treatment,30.17,22.61,47.93,42.84,medium,North,Desktop,Basic,4,1
CUST_001485,Treatment,13.11,25.55,29.65,31.79,low,East,Mobile,Basic,1,1
CUST_001486,Treatment,56.92,62.45,62.2,71.28,medium,West,Mobile,Premium,22,0
CUST_001487,Treatment,36.01,51.21,42.11,53.79,low,North,Mobile,Premium,36,0
CUST_001488,Control,37.38,50.25,47.68,47.13,high,North,Mobile,Basic,1,1
CUST_001489,Control,14.2,26.35,21.12,15.64,low,South,Desktop,Basic,40,0
CUST_001490,Control,31.56,26.92,34.76,18.34,medium,South,Desktop,Basic,1,1
CUST_001491,Treatment,13.7,19.58,13.22,24.28,low,East,Desktop,Basic,4,1
CUST_001492,Treatment,70.06,76.28,81.35,84.68,medium,South,Desktop,Premium,9,0
CUST_001493,Treatment,40.23,29.1,36.93,33.43,medium,East,Tablet,Basic,40,0
CUST_001494,Treatment,63.51,62.42,56.64,61.69,low,West,Desktop,Enterprise,2,1
CUST_001495,Control,23.16,31.48,14.86,13.03,low,East,Desktop,Basic,23,0
CUST_001496,Control,24.72,21.16,22.94,41.59,medium,East,Tablet,Basic,37,0
CUST_001497,Treatment,15.98,18.52,15.8,24.52,medium,West,Mobile,Basic,1,1
CUST_001498,Control,142.75,135.07,131.32,148.82,medium,East,Desktop,Enterprise,5,1
CUST_001499,Treatment,15.01,16.96,19.18,20.45,low,North,Desktop,Basic,9,0
CUST_001500,Control,44.09,47.03,34.73,53.36,medium,West,Desktop,Premium,14,0
CUST_001501,Control,80.39,62.27,79.89,84.45,high,East,Mobile,Premium,14,0
CUST_001502,Control,8.39,15.83,23.85,26.23,low,West,Mobile,Basic,12,0
CUST_001503,Control,81.58,70.55,73.03,57.86,high,North,Desktop,Basic,7,0
CUST_001504,Treatment,19.82,32.75,36.1,39.64,low,South,Desktop,Premium,7,0
CUST_001505,Treatment,64.82,71.96,72.7,75.9,medium,East,Desktop,Premium,12,0
CUST_001506,Control,13.17,19.01,23.44,15.81,medium,East,Desktop,Basic,5,1
CUST_001507,Treatment,25.92,13.39,36.92,1.9,low,West,Mobile,Basic,6,0
CUST_001508,Treatment,90.91,83.23,107.35,127.37,medium,West,Desktop,Premium,16,0
CUST_001509,Treatment,39.15,29.49,23.44,44.58,low,East,Desktop,Basic,19,0
CUST_001510,Control,31.57,42.82,34.61,41.33,medium,West,Desktop,Basic,1,1
CUST_001511,Treatment,140.38,135.48,141.17,168.81,medium,East,Mobile,Enterprise,30,0
CUST_001512,Treatment,91.87,91.17,110.56,78.45,low,West,Desktop,Enterprise,1,1
CUST_001513,Treatment,33.4,28.93,41.44,47.04,high,South,Mobile,Basic,32,0
CUST_001514,Treatment,0.0,17.75,12.79,15.73,low,East,Desktop,Basic,40,0
CUST_001515,Control,39.29,43.73,47.01,38.31,low,South,Desktop,Premium,51,0
CUST_001516,Control,27.71,31.52,25.53,31.83,high,West,Mobile,Basic,6,0
CUST_001517,Control,33.74,15.99,18.36,34.86,low,North,Desktop,Basic,5,1
CUST_001518,Control,40.62,39.68,40.09,51.52,low,North,Desktop,Premium,16,0
CUST_001519,Treatment,26.91,15.95,28.78,39.02,medium,North,Mobile,Basic,12,0
CUST_001520,Treatment,57.74,66.84,66.84,74.25,medium,East,Mobile,Enterprise,15,0
CUST_001521,Control,46.08,66.02,63.19,61.86,medium,North,Desktop,Premium,60,0
CUST_001522,Control,13.63,9.34,6.11,17.57,low,West,Desktop,Basic,10,0
CUST_001523,Treatment,72.22,81.85,82.6,100.37,medium,North,Desktop,Premium,11,0
CUST_001524,Control,14.47,24.47,0.0,18.24,low,West,Mobile,Basic,27,0
CUST_001525,Control,164.03,180.08,186.51,182.64,medium,South,Mobile,Enterprise,1,1
CUST_001526,Control,78.42,88.28,80.45,90.16,low,North,Desktop,Enterprise,60,0
CUST_001527,Control,36.32,45.11,45.31,48.07,high,North,Desktop,Basic,13,0
CUST_001528,Treatment,73.09,86.62,69.98,97.41,medium,East,Desktop,Premium,9,0
CUST_001529,Control,79.19,77.99,75.02,92.68,high,South,Mobile,Premium,7,0
CUST_001530,Treatment,31.7,43.38,39.96,55.0,medium,North,Desktop,Basic,14,0
CUST_001531,Control,70.3,70.64,74.95,97.54,medium,South,Mobile,Enterprise,60,0
CUST_001532,Treatment,18.65,29.65,29.65,30.85,low,East,Desktop,Basic,6,0
CUST_001533,Treatment,10.42,19.74,14.72,17.15,low,South,Desktop,Basic,1,1
CUST_001534,Control,141.12,134.3,127.5,130.35,medium,East,Desktop,Enterprise,7,0
CUST_001535,Control,28.58,19.24,32.01,25.37,medium,West,Mobile,Basic,2,1
CUST_001536,Control,32.64,46.55,38.06,36.44,medium,North,Mobile,Basic,1,1
CUST_001537,Treatment,170.61,177.2,180.65,201.65,high,South,Desktop,Enterprise,1,1
CUST_001538,Control,57.56,78.41,78.96,65.86,medium,South,Desktop,Premium,47,0
CUST_001539,Treatment,90.36,115.31,102.61,133.03,high,East,Tablet,Premium,13,0
CUST_001540,Treatment,67.9,53.31,60.75,50.71,high,North,Mobile,Basic,1,1
CUST_001541,Control,31.68,25.22,25.65,35.41,low,East,Mobile,Premium,1,1
CUST_001542,Treatment,41.61,43.05,44.18,69.85,medium,West,Desktop,Basic,1,1
CUST_001543,Control,36.37,40.04,42.01,37.26,high,South,Desktop,Basic,9,0
CUST_001544,Treatment,93.95,85.77,96.15,96.59,low,North,Desktop,Enterprise,7,0
CUST_001545,Control,56.63,55.53,48.52,54.68,high,North,Mobile,Basic,2,1
CUST_001546,Treatment,24.85,5.52,29.42,29.15,medium,South,Desktop,Basic,1,1
CUST_001547,Treatment,77.72,88.35,86.91,107.83,high,East,Tablet,Premium,2,1
CUST_001548,Treatment,60.03,52.38,59.74,71.56,low,East,Desktop,Premium,1,1
CUST_001549,Treatment,71.75,71.11,73.47,55.78,low,North,Desktop,Enterprise,22,0
CUST_001550,Treatment,38.15,68.13,70.38,59.0,medium,South,Mobile,Enterprise,1,1
CUST_001551,Control,31.11,37.81,17.18,38.17,low,South,Desktop,Basic,25,0
CUST_001552,Control,89.87,86.4,103.14,101.07,medium,South,Desktop,Premium,1,1
CUST_001553,Control,14.48,12.0,12.18,5.14,low,East,Desktop,Basic,60,0
CUST_001554,Control,21.74,9.31,18.78,14.58,low,West,Desktop,Basic,4,1
CUST_001555,Control,63.1,61.34,38.95,64.23,low,West,Mobile,Premium,2,1
CUST_001556,Treatment,51.89,36.16,29.82,43.67,medium,West,Desktop,Basic,12,0
CUST_001557,Treatment,78.06,68.28,51.73,73.82,medium,South,Desktop,Premium,10,0
CUST_001558,Treatment,6.6,23.93,37.12,30.5,medium,East,Desktop,Basic,1,1
CUST_001559,Control,37.5,42.64,53.54,44.7,medium,South,Desktop,Basic,3,1
CUST_001560,Control,14.2,14.82,23.01,27.78,low,South,Desktop,Basic,16,0
CUST_001561,Treatment,34.27,33.5,37.37,39.56,high,East,Desktop,Basic,14,0
CUST_001562,Treatment,59.13,58.74,51.16,68.48,medium,East,Tablet,Premium,9,0
CUST_001563,Control,30.61,15.45,23.21,20.83,low,South,Mobile,Basic,15,0
CUST_001564,Treatment,22.79,20.28,31.65,38.28,low,West,Tablet,Premium,1,1
CUST_001565,Treatment,36.86,47.69,40.49,50.11,medium,West,Desktop,Premium,8,0
CUST_001566,Treatment,35.7,3.92,30.11,39.24,medium,West,Desktop,Basic,24,0
CUST_001567,Treatment,60.17,68.19,71.29,62.17,medium,West,Mobile,Premium,13,0
CUST_001568,Treatment,66.78,67.59,74.39,80.1,medium,South,Desktop,Premium,5,1
CUST_001569,Control,100.35,103.55,110.81,110.91,medium,South,Tablet,Premium,2,1
CUST_001570,Treatment,20.22,22.86,45.16,31.49,low,West,Mobile,Basic,11,0
CUST_001571,Control,82.48,76.17,77.96,70.37,high,West,Tablet,Basic,1,1
CUST_001572,Treatment,33.56,25.86,27.25,36.68,medium,West,Desktop,Premium,31,0
CUST_001573,Control,23.54,34.62,41.72,34.99,medium,South,Desktop,Basic,3,1
CUST_001574,Control,13.95,15.55,23.74,21.83,low,North,Tablet,Basic,3,1
CUST_001575,Control,69.46,81.6,78.15,65.22,medium,West,Desktop,Basic,15,0
CUST_001576,Treatment,41.82,50.15,70.34,59.17,high,North,Desktop,Premium,8,0
CUST_001577,Control,84.4,80.66,89.71,89.34,medium,East,Mobile,Premium,16,0
CUST_001578,Control,30.31,27.66,33.78,38.02,low,East,Mobile,Basic,2,1
CUST_001579,Control,107.03,108.96,112.55,138.72,low,East,Desktop,Enterprise,4,1
CUST_001580,Control,49.23,69.44,63.52,59.11,medium,West,Mobile,Premium,4,1
CUST_001581,Control,9.86,8.86,17.07,21.18,low,South,Mobile,Basic,11,0
CUST_001582,Treatment,89.2,77.98,104.35,123.74,high,South,Desktop,Premium,30,0
CUST_001583,Treatment,155.26,177.35,179.75,222.46,high,East,Mobile,Enterprise,26,0
CUST_001584,Control,84.79,95.89,82.54,100.79,medium,West,Mobile,Enterprise,12,0
CUST_001585,Treatment,64.75,85.18,79.16,73.45,low,South,Mobile,Premium,7,0
CUST_001586,Control,30.97,22.33,30.3,22.0,medium,West,Desktop,Basic,6,0
CUST_001587,Control,17.9,26.7,14.98,21.93,medium,North,Tablet,Basic,5,1
CUST_001588,Control,75.15,75.79,85.9,84.62,low,North,Desktop,Enterprise,32,0
CUST_001589,Control,117.97,110.9,110.38,134.02,high,East,Mobile,Premium,7,0
CUST_001590,Control,53.15,53.01,55.32,64.18,low,West,Desktop,Premium,5,1
CUST_001591,Control,21.9,25.59,35.56,40.31,low,South,Mobile,Basic,5,1
CUST_001592,Treatment,165.83,167.86,165.11,187.37,medium,East,Desktop,Enterprise,3,1
CUST_001593,Control,146.38,146.87,156.55,144.42,medium,East,Desktop,Enterprise,9,0
CUST_001594,Control,63.16,87.53,76.51,79.05,medium,East,Mobile,Premium,2,1
CUST_001595,Control,113.34,111.75,112.96,109.12,high,East,Desktop,Premium,4,1
CUST_001596,Control,72.34,52.71,47.68,57.88,medium,North,Desktop,Premium,3,1
CUST_001597,Control,30.1,37.83,48.89,34.85,high,North,Mobile,Basic,1,1
CUST_001598,Control,58.31,62.59,53.28,80.85,low,East,Desktop,Premium,34,0
CUST_001599,Control,125.91,150.33,155.62,150.97,medium,East,Mobile,Enterprise,6,0
CUST_001600,Treatment,81.79,87.87,77.44,106.04,medium,East,Desktop,Premium,5,1
CUST_001601,Control,50.61,63.28,52.66,57.82,high,West,Desktop,Basic,3,1
CUST_001602,Control,18.51,30.37,20.4,23.32,medium,East,Desktop,Basic,8,0
CUST_001603,Control,101.8,106.37,109.7,101.83,medium,North,Mobile,Premium,10,0
CUST_001604,Control,61.32,48.43,39.7,47.92,medium,East,Desktop,Basic,15,0
CUST_001605,Control,21.92,10.89,13.55,17.67,low,North,Mobile,Basic,12,0
CUST_001606,Treatment,128.58,125.37,129.92,150.92,medium,North,Desktop,Enterprise,11,0
CUST_001607,Control,10.09,16.72,13.11,27.92,low,South,Desktop,Basic,9,0
CUST_001608,Control,47.94,33.82,49.64,45.75,low,West,Desktop,Premium,21,0
CUST_001609,Treatment,40.54,36.16,33.36,35.45,low,West,Desktop,Premium,11,0
CUST_001610,Control,118.68,111.94,131.42,134.14,medium,South,Mobile,Enterprise,2,1
CUST_001611,Treatment,237.93,247.56,248.6,293.75,high,East,Desktop,Enterprise,1,1
CUST_001612,Control,67.33,63.91,58.86,61.14,low,East,Desktop,Premium,6,0
CUST_001613,Control,37.07,32.84,36.2,44.34,low,West,Desktop,Premium,36,0
CUST_001614,Treatment,52.61,49.44,57.22,67.29,high,East,Mobile,Premium,8,0
CUST_001615,Control,62.08,65.46,46.66,78.61,low,North,Mobile,Premium,22,0
CUST_001616,Treatment,45.47,60.44,56.65,62.47,low,South,Mobile,Premium,4,1
CUST_001617,Control,83.62,84.78,83.76,86.57,low,North,Desktop,Premium,10,0
CUST_001618,Control,35.24,22.83,19.65,38.36,medium,West,Tablet,Basic,2,1
CUST_001619,Control,3.53,4.45,6.05,18.13,low,West,Mobile,Basic,12,0
CUST_001620,Control,23.86,36.73,25.82,30.47,low,East,Mobile,Basic,19,0
CUST_001621,Treatment,33.17,36.12,39.23,31.42,medium,North,Tablet,Basic,4,1
CUST_001622,Treatment,31.25,30.64,48.87,38.79,low,North,Mobile,Premium,20,0
CUST_001623,Control,37.38,36.15,19.23,14.82,low,West,Desktop,Basic,14,0
CUST_001624,Control,96.85,119.09,108.23,99.95,medium,South,Desktop,Premium,3,1
CUST_001625,Control,34.44,18.7,37.4,35.04,medium,South,Desktop,Basic,10,0
CUST_001626,Treatment,55.11,38.91,57.76,46.63,high,North,Desktop,Basic,13,0
CUST_001627,Control,83.3,68.77,69.42,64.18,high,North,Mobile,Basic,11,0
CUST_001628,Control,28.88,25.16,32.03,31.3,medium,East,Mobile,Basic,28,0
CUST_001629,Treatment,15.43,11.15,13.28,32.58,medium,South,Mobile,Basic,5,1
CUST_001630,Control,27.81,42.7,51.37,63.17,low,West,Desktop,Premium,3,1
CUST_001631,Control,60.09,71.81,66.66,68.05,medium,West,Desktop,Premium,13,0
CUST_001632,Treatment,183.38,182.79,186.35,205.75,medium,North,Desktop,Enterprise,2,1
CUST_001633,Treatment,145.87,124.86,140.83,167.73,medium,East,Desktop,Enterprise,18,0
CUST_001634,Treatment,61.26,84.52,68.99,78.91,high,West,Mobile,Basic,35,0
CUST_001635,Control,32.33,36.68,43.61,39.41,medium,West,Mobile,Basic,8,0
CUST_001636,Treatment,58.51,69.61,70.74,63.29,high,North,Desktop,Basic,13,0
CUST_001637,Treatment,6.06,14.89,10.58,16.72,low,South,Mobile,Basic,1,1
CUST_001638,Treatment,58.54,47.6,47.93,50.77,medium,North,Desktop,Premium,41,0
CUST_001639,Control,49.95,52.04,50.47,64.66,medium,South,Mobile,Premium,1,1
CUST_001640,Control,22.99,26.38,11.77,28.29,medium,West,Desktop,Basic,24,0
CUST_001641,Control,77.84,74.75,75.8,92.57,low,East,Desktop,Enterprise,5,1
CUST_001642,Treatment,25.18,32.08,31.98,30.89,low,North,Desktop,Premium,3,1
CUST_001643,Treatment,11.86,15.23,13.98,13.75,low,North,Mobile,Basic,4,1
CUST_001644,Treatment,123.62,138.08,133.62,142.62,high,North,Desktop,Premium,1,1
CUST_001645,Treatment,67.17,58.59,57.72,56.6,low,East,Mobile,Premium,2,1
CUST_001646,Control,56.47,63.25,78.59,71.49,high,West,Mobile,Premium,18,0
CUST_001647,Treatment,20.21,20.71,15.2,19.94,low,West,Mobile,Basic,40,0
CUST_001648,Control,30.23,26.08,32.61,33.5,medium,East,Mobile,Basic,60,0
CUST_001649,Control,85.0,65.13,86.6,66.51,low,South,Mobile,Premium,14,0
CUST_001650,Treatment,28.78,20.38,33.21,19.26,medium,North,Tablet,Basic,3,1
CUST_001651,Treatment,42.17,34.75,46.38,52.58,medium,East,Mobile,Basic,5,1
CUST_001652,Control,23.06,27.93,39.23,34.27,medium,North,Mobile,Basic,17,0
CUST_001653,Control,53.14,44.25,62.62,48.89,low,North,Desktop,Premium,7,0
CUST_001654,Treatment,68.23,64.03,68.48,81.93,high,East,Desktop,Premium,38,0
CUST_001655,Control,23.91,24.76,22.58,27.71,low,South,Desktop,Premium,31,0
CUST_001656,Control,50.93,62.27,60.17,69.92,medium,North,Desktop,Premium,1,1
CUST_001657,Control,1.91,8.02,15.31,0.0,low,East,Mobile,Basic,13,0
CUST_001658,Control,134.61,133.73,138.43,132.64,medium,North,Desktop,Enterprise,2,1
CUST_001659,Treatment,19.11,21.18,30.37,1.76,medium,East,Desktop,Basic,12,0
CUST_001660,Control,19.97,24.74,20.49,34.2,medium,South,Mobile,Basic,11,0
CUST_001661,Treatment,15.14,27.1,23.54,37.99,medium,East,Desktop,Basic,1,1
CUST_001662,Control,85.84,84.94,99.48,109.24,low,West,Mobile,Enterprise,1,1
CUST_001663,Treatment,96.82,100.52,100.4,107.7,medium,West,Desktop,Enterprise,1,1
CUST_001664,Control,44.16,38.61,35.18,39.68,medium,East,Mobile,Basic,42,0
CUST_001665,Control,61.73,62.03,65.04,68.89,medium,East,Desktop,Premium,22,0
CUST_001666,Control,49.22,37.93,47.66,57.21,medium,West,Mobile,Premium,3,1
CUST_001667,Control,53.27,68.82,62.13,58.94,medium,East,Desktop,Premium,3,1
CUST_001668,Treatment,52.9,38.83,31.94,50.48,medium,East,Desktop,Premium,1,1
CUST_001669,Treatment,26.2,20.02,24.5,21.42,medium,North,Desktop,Basic,1,1
CUST_001670,Treatment,72.12,56.61,67.75,65.27,low,East,Desktop,Premium,8,0
CUST_001671,Control,45.34,35.4,30.86,44.0,medium,South,Tablet,Basic,7,0
CUST_001672,Treatment,61.27,52.19,46.24,47.95,high,East,Desktop,Basic,15,0
CUST_001673,Treatment,18.42,30.95,30.77,46.83,medium,South,Tablet,Basic,34,0
CUST_001674,Control,49.58,48.88,56.63,40.51,high,South,Tablet,Basic,50,0
CUST_001675,Treatment,27.8,52.26,39.49,40.23,low,South,Tablet,Premium,2,1
CUST_001676,Control,39.49,47.81,43.11,60.22,high,North,Desktop,Basic,3,1
CUST_001677,Treatment,58.94,47.7,55.26,63.45,high,North,Mobile,Basic,32,0
CUST_001678,Treatment,74.97,73.35,66.14,76.23,low,South,Mobile,Enterprise,14,0
CUST_001679,Treatment,89.88,83.97,93.1,101.61,medium,North,Desktop,Premium,6,0
CUST_001680,Control,50.38,46.67,64.45,68.99,medium,East,Desktop,Premium,43,0
CUST_001681,Control,35.83,47.35,33.43,36.74,medium,North,Mobile,Premium,28,0
CUST_001682,Control,86.1,105.29,100.52,102.29,high,South,Desktop,Premium,4,1
CUST_001683,Treatment,34.29,28.23,26.96,32.3,low,North,Desktop,Basic,26,0
CUST_001684,Treatment,31.36,35.74,29.2,19.43,low,West,Desktop,Basic,4,1
CUST_001685,Treatment,63.45,54.71,68.17,74.45,medium,North,Tablet,Premium,1,1
CUST_001686,Control,19.98,53.73,19.15,24.36,low,South,Mobile,Basic,5,1
CUST_001687,Treatment,54.55,46.05,33.94,25.89,medium,East,Desktop,Basic,1,1
CUST_001688,Treatment,37.4,41.7,35.14,42.05,low,West,Mobile,Premium,32,0
CUST_001689,Control,77.12,93.23,99.43,95.12,medium,West,Desktop,Premium,2,1
CUST_001690,Control,21.37,37.61,34.51,29.6,high,South,Desktop,Basic,11,0
CUST_001691,Control,45.31,19.85,39.89,22.27,low,North,Tablet,Basic,8,0
CUST_001692,Control,61.76,58.96,75.43,78.79,medium,North,Desktop,Premium,28,0
CUST_001693,Treatment,249.62,251.73,268.29,287.62,high,West,Mobile,Enterprise,24,0
CUST_001694,Control,16.12,35.58,32.44,18.6,low,West,Desktop,Basic,4,1
CUST_001695,Control,31.24,29.66,55.6,53.35,low,South,Mobile,Premium,6,0
CUST_001696,Treatment,25.67,43.27,26.73,45.48,high,South,Mobile,Basic,21,0
CUST_001697,Control,21.04,28.76,37.12,31.66,high,North,Mobile,Basic,11,0
CUST_001698,Control,20.82,21.91,16.02,38.28,low,West,Tablet,Basic,27,0
CUST_001699,Control,125.7,151.45,141.84,164.19,high,East,Desktop,Premium,14,0
CUST_001700,Treatment,66.52,46.44,57.55,74.36,medium,North,Desktop,Premium,16,0
CUST_001701,Control,166.78,163.73,179.87,175.03,medium,West,Desktop,Enterprise,5,1
CUST_001702,Treatment,26.67,30.22,21.55,38.99,medium,South,Desktop,Basic,1,1
CUST_001703,Treatment,27.39,23.8,28.43,21.28,low,North,Tablet,Basic,3,1
CUST_001704,Control,35.42,53.17,49.6,57.26,low,East,Desktop,Premium,6,0
CUST_001705,Control,66.76,60.4,80.89,66.19,low,East,Tablet,Enterprise,13,0
CUST_001706,Treatment,25.62,8.27,21.06,36.63,low,East,Tablet,Basic,2,1
CUST_001707,Control,105.35,105.35,103.16,121.52,medium,North,Desktop,Enterprise,11,0
CUST_001708,Treatment,51.54,38.54,64.37,41.36,high,East,Mobile,Basic,7,0
CUST_001709,Treatment,53.3,28.83,54.16,42.02,medium,North,Desktop,Premium,7,0
CUST_001710,Control,47.65,39.66,44.66,40.93,high,East,Mobile,Basic,6,0
CUST_001711,Treatment,68.6,61.27,53.48,62.97,medium,West,Desktop,Premium,9,0
CUST_001712,Treatment,97.71,100.29,111.96,109.8,low,West,Mobile,Enterprise,17,0
CUST_001713,Treatment,23.5,23.47,27.81,27.04,medium,North,Desktop,Basic,4,1
CUST_001714,Treatment,36.1,58.33,56.49,74.23,medium,East,Tablet,Premium,11,0
CUST_001715,Treatment,39.46,50.84,31.12,37.25,high,South,Tablet,Basic,3,1
CUST_001716,Treatment,70.29,73.74,65.95,81.08,medium,North,Mobile,Premium,6,0
CUST_001717,Treatment,11.21,28.93,14.3,45.77,high,South,Mobile,Basic,9,0
CUST_001718,Control,42.27,69.11,60.65,56.36,medium,North,Mobile,Premium,23,0
CUST_001719,Control,39.58,53.99,49.59,43.29,high,North,Desktop,Basic,2,1
CUST_001720,Treatment,43.93,45.94,42.13,39.07,low,North,Mobile,Premium,7,0
CUST_001721,Control,16.57,27.11,28.0,27.77,low,West,Desktop,Basic,7,0
CUST_001722,Treatment,58.58,54.98,66.58,59.0,high,West,Desktop,Premium,2,1
CUST_001723,Control,59.08,58.29,63.38,60.95,high,South,Desktop,Premium,6,0
CUST_001724,Treatment,64.19,74.78,58.79,69.08,medium,North,Mobile,Premium,28,0
CUST_001725,Treatment,43.43,52.85,41.4,50.44,medium,East,Desktop,Premium,48,0
CUST_001726,Treatment,12.01,7.12,5.86,18.45,low,East,Tablet,Basic,29,0
CUST_001727,Control,195.2,191.14,207.71,198.58,high,South,Mobile,Enterprise,7,0
CUST_001728,Control,47.1,41.65,47.32,64.84,low,East,Mobile,Premium,6,0
CUST_001729,Control,69.53,70.15,65.77,72.09,medium,West,Mobile,Premium,10,0
CUST_001730,Control,9.33,9.15,23.1,16.93,low,East,Mobile,Basic,1,1
CUST_001731,Control,41.84,48.31,43.34,41.17,high,West,Mobile,Basic,12,0
CUST_001732,Treatment,87.45,105.24,94.27,112.85,high,East,Mobile,Premium,1,1
CUST_001733,Treatment,109.77,106.73,132.9,123.29,medium,North,Desktop,Enterprise,7,0
CUST_001734,Treatment,38.73,39.5,41.5,39.65,low,East,Desktop,Premium,3,1
CUST_001735,Treatment,38.12,47.53,39.94,44.1,medium,West,Tablet,Basic,1,1
CUST_001736,Control,20.07,31.99,19.68,31.59,medium,West,Desktop,Basic,1,1
CUST_001737,Treatment,39.07,42.81,48.04,49.68,high,South,Mobile,Basic,14,0
CUST_001738,Treatment,14.47,5.37,22.64,1.14,low,South,Desktop,Basic,8,0
CUST_001739,Treatment,25.48,30.7,39.67,28.18,medium,North,Desktop,Basic,41,0
CUST_001740,Treatment,16.39,22.77,12.97,30.9,low,West,Desktop,Premium,4,1
CUST_001741,Treatment,51.76,46.63,56.36,63.78,high,East,Desktop,Basic,35,0
CUST_001742,Treatment,33.34,10.57,26.77,39.22,medium,East,Mobile,Basic,11,0
CUST_001743,Treatment,21.56,17.85,27.66,38.23,low,East,Desktop,Basic,3,1
CUST_001744,Treatment,132.98,154.71,141.07,178.93,medium,East,Desktop,Enterprise,9,0
CUST_001745,Treatment,73.0,69.62,78.64,84.33,medium,South,Desktop,Premium,17,0
CUST_001746,Treatment,73.37,73.71,63.51,67.46,low,East,Mobile,Enterprise,1,1
CUST_001747,Control,70.48,52.59,55.72,71.53,low,South,Desktop,Premium,2,1
CUST_001748,Treatment,47.46,50.69,36.7,50.9,medium,West,Desktop,Basic,12,0
CUST_001749,Control,122.35,109.0,118.99,124.56,high,East,Desktop,Premium,4,1
CUST_001750,Treatment,26.37,29.36,33.61,36.47,medium,East,Desktop,Basic,6,0
CUST_001751,Treatment,22.46,14.16,24.76,22.67,medium,South,Desktop,Basic,2,1
CUST_001752,Treatment,45.13,51.49,39.57,44.08,low,East,Mobile,Enterprise,21,0
CUST_001753,Control,40.45,40.88,42.98,53.04,low,West,Mobile,Premium,24,0
CUST_001754,Treatment,84.86,98.84,93.1,101.76,low,West,Mobile,Enterprise,1,1
CUST_001755,Treatment,86.13,98.62,95.79,120.47,high,East,Desktop,Premium,2,1
CUST_001756,Control,53.07,45.99,38.37,43.91,high,North,Desktop,Basic,14,0
CUST_001757,Control,154.58,144.98,150.3,170.47,high,North,Mobile,Premium,1,1
CUST_001758,Control,32.08,53.37,36.43,44.75,medium,South,Desktop,Basic,1,1
CUST_001759,Treatment,145.99,142.51,161.44,186.75,high,North,Desktop,Enterprise,11,0
CUST_001760,Treatment,108.95,140.76,122.06,158.91,high,East,Mobile,Enterprise,2,1
CUST_001761,Treatment,95.01,99.92,106.15,112.37,high,North,Mobile,Premium,6,0
CUST_001762,Control,17.99,24.21,26.51,16.7,medium,East,Mobile,Basic,15,0
CUST_001763,Control,38.5,64.87,57.06,74.15,low,East,Desktop,Premium,37,0
CUST_001764,Control,86.93,87.55,75.29,87.39,high,East,Tablet,Enterprise,3,1
CUST_001765,Control,43.25,46.94,39.55,44.33,low,West,Mobile,Premium,2,1
CUST_001766,Treatment,33.47,7.82,16.29,29.79,low,South,Desktop,Basic,38,0
CUST_001767,Treatment,44.19,26.15,43.1,39.4,medium,West,Mobile,Basic,7,0
CUST_001768,Treatment,55.0,67.81,57.38,75.01,low,East,Mobile,Enterprise,32,0
CUST_001769,Treatment,44.81,60.72,52.35,53.85,medium,East,Desktop,Basic,1,1
CUST_001770,Control,13.22,30.89,39.28,28.05,medium,West,Desktop,Basic,1,1
CUST_001771,Treatment,154.13,148.76,166.31,189.72,medium,South,Mobile,Enterprise,3,1
CUST_001772,Treatment,53.33,58.37,63.98,70.78,medium,North,Mobile,Premium,17,0
CUST_001773,Control,89.67,102.53,101.36,107.58,low,North,Mobile,Enterprise,6,0
CUST_001774,Treatment,14.13,18.06,22.4,16.63,low,East,Tablet,Basic,1,1
CUST_001775,Control,139.63,156.59,144.92,158.73,medium,South,Desktop,Enterprise,1,1
CUST_001776,Control,50.47,43.62,58.13,42.05,low,North,Desktop,Premium,1,1
CUST_001777,Control,56.74,64.22,73.74,73.27,high,North,Mobile,Premium,4,1
CUST_001778,Treatment,145.11,145.66,145.03,182.49,high,South,Tablet,Enterprise,26,0
CUST_001779,Control,61.07,63.07,58.65,67.38,high,East,Desktop,Basic,7,0
CUST_001780,Control,69.03,42.25,66.94,57.34,low,East,Desktop,Enterprise,11,0
CUST_001781,Treatment,43.67,41.53,41.79,38.56,high,North,Desktop,Basic,4,1
CUST_001782,Treatment,37.0,34.91,28.91,42.11,medium,North,Desktop,Basic,10,0
CUST_001783,Control,23.4,36.1,28.22,41.43,medium,East,Mobile,Basic,8,0
CUST_001784,Treatment,33.28,25.18,38.16,40.06,medium,West,Mobile,Basic,10,0
CUST_001785,Control,27.24,18.58,34.47,40.53,medium,West,Desktop,Basic,16,0
CUST_001786,Treatment,10.09,31.61,12.07,31.28,low,East,Desktop,Basic,58,0
CUST_001787,Control,41.45,61.28,54.97,46.16,high,South,Desktop,Basic,30,0
CUST_001788,Treatment,118.67,111.53,115.39,131.08,medium,South,Desktop,Enterprise,1,1
CUST_001789,Treatment,51.74,50.27,51.54,52.97,low,South,Mobile,Premium,4,1
CUST_001790,Control,27.79,29.27,39.39,26.73,medium,East,Desktop,Basic,7,0
CUST_001791,Control,64.61,75.61,59.72,78.09,high,South,Desktop,Premium,32,0
CUST_001792,Treatment,39.51,51.42,69.27,57.3,medium,East,Mobile,Premium,17,0
CUST_001793,Control,65.42,76.86,44.62,69.52,high,East,Mobile,Basic,4,1
CUST_001794,Control,49.79,52.53,47.97,41.08,medium,North,Desktop,Basic,12,0
CUST_001795,Control,23.37,31.76,33.5,31.86,low,East,Desktop,Basic,1,1
CUST_001796,Control,31.8,38.16,25.55,21.13,low,West,Desktop,Basic,13,0
CUST_001797,Control,18.35,38.28,43.62,36.54,medium,East,Mobile,Premium,1,1
CUST_001798,Control,24.35,34.42,37.09,36.65,medium,North,Tablet,Basic,5,1
CUST_001799,Control,225.13,225.7,239.26,253.2,high,South,Mobile,Enterprise,17,0
CUST_001800,Treatment,44.91,33.54,52.75,51.74,medium,South,Desktop,Premium,9,0
CUST_001801,Control,63.36,61.69,74.94,70.01,medium,North,Desktop,Premium,7,0
CUST_001802,Control,22.3,22.91,22.77,28.0,low,North,Desktop,Basic,8,0
CUST_001803,Treatment,48.57,55.62,45.45,52.95,low,East,Desktop,Premium,1,1
CUST_001804,Treatment,0.0,28.25,4.05,12.92,low,South,Desktop,Basic,1,1
CUST_001805,Treatment,21.18,14.7,13.86,27.6,low,South,Tablet,Basic,2,1
CUST_001806,Control,27.22,38.84,37.15,39.45,low,West,Tablet,Premium,8,0
CUST_001807,Control,96.66,98.7,96.0,103.56,medium,South,Mobile,Enterprise,1,1
CUST_001808,Treatment,54.59,58.87,59.58,60.73,medium,North,Desktop,Premium,18,0
CUST_001809,Control,16.45,34.69,11.63,35.04,medium,West,Desktop,Basic,6,0
CUST_001810,Control,76.9,86.79,86.52,94.52,low,North,Mobile,Premium,7,0
CUST_001811,Control,104.03,90.26,102.4,94.12,high,South,Desktop,Premium,23,0
CUST_001812,Treatment,32.24,50.27,38.95,47.91,high,East,Desktop,Basic,6,0
CUST_001813,Treatment,47.47,50.71,50.6,73.15,medium,North,Desktop,Premium,20,0
CUST_001814,Control,149.93,152.31,166.51,169.8,high,East,Desktop,Enterprise,1,1
CUST_001815,Control,31.56,53.6,47.08,37.53,medium,South,Desktop,Premium,14,0
CUST_001816,Control,14.1,34.17,27.86,31.07,low,West,Desktop,Basic,1,1
CUST_001817,Treatment,45.06,40.69,46.54,54.85,medium,East,Mobile,Basic,25,0
CUST_001818,Treatment,46.64,58.71,50.98,55.93,low,East,Desktop,Premium,7,0
CUST_001819,Control,61.33,51.12,53.1,51.48,low,West,Mobile,Premium,3,1
CUST_001820,Treatment,53.13,62.32,63.8,80.98,high,West,Mobile,Basic,24,0
CUST_001821,Control,31.01,18.74,25.75,29.9,medium,East,Mobile,Basic,1,1
CUST_001822,Treatment,119.33,107.09,130.73,162.25,high,East,Tablet,Enterprise,12,0
CUST_001823,Control,28.92,18.91,29.49,35.87,low,East,Mobile,Premium,13,0
CUST_001824,Treatment,43.54,35.04,38.86,35.55,medium,South,Desktop,Basic,9,0
CUST_001825,Control,59.5,58.82,80.38,66.67,low,East,Mobile,Premium,3,1
CUST_001826,Treatment,39.84,34.65,44.94,40.12,low,South,Mobile,Premium,10,0
CUST_001827,Control,31.13,19.8,43.34,20.61,low,South,Mobile,Basic,3,1
CUST_001828,Treatment,48.66,34.44,26.73,56.75,medium,East,Mobile,Basic,30,0
CUST_001829,Treatment,62.74,48.5,57.54,64.97,medium,East,Desktop,Premium,51,0
CUST_001830,Control,24.68,55.03,43.88,43.06,high,North,Desktop,Basic,15,0
CUST_001831,Control,22.75,39.29,26.19,18.11,medium,East,Mobile,Basic,1,1
CUST_001832,Control,60.04,53.0,69.31,71.27,high,East,Mobile,Basic,37,0
CUST_001833,Treatment,32.23,36.83,38.72,47.15,low,West,Mobile,Premium,1,1
CUST_001834,Treatment,38.87,24.92,42.03,42.28,medium,South,Desktop,Basic,28,0
CUST_001835,Treatment,52.47,50.87,66.58,69.65,medium,East,Desktop,Premium,2,1
CUST_001836,Control,85.44,90.99,93.57,87.95,medium,East,Desktop,Premium,1,1
CUST_001837,Control,102.35,113.39,124.0,119.88,medium,South,Desktop,Enterprise,18,0
CUST_001838,Treatment,43.39,44.18,39.88,38.42,low,South,Desktop,Premium,1,1
CUST_001839,Treatment,82.34,76.04,102.14,97.95,medium,West,Desktop,Enterprise,2,1
CUST_001840,Control,208.08,212.51,206.54,227.43,medium,East,Mobile,Enterprise,1,1
CUST_001841,Treatment,43.3,35.42,49.28,43.86,low,West,Desktop,Premium,15,0
CUST_001842,Control,16.89,27.96,8.79,30.35,medium,East,Desktop,Basic,1,1
CUST_001843,Control,28.85,34.31,45.0,34.49,medium,North,Desktop,Basic,3,1
CUST_001844,Treatment,38.38,50.11,23.85,43.43,low,South,Tablet,Basic,9,0
CUST_001845,Control,22.15,23.43,21.04,13.45,low,West,Desktop,Basic,4,1
CUST_001846,Treatment,62.35,51.5,47.28,61.23,high,South,Mobile,Basic,14,0
CUST_001847,Control,107.67,114.62,106.73,115.32,high,South,Desktop,Enterprise,1,1
CUST_001848,Treatment,29.58,28.8,23.51,22.74,low,North,Mobile,Basic,30,0
CUST_001849,Treatment,27.73,25.93,42.78,23.25,low,West,Desktop,Basic,2,1
CUST_001850,Treatment,47.16,55.96,53.84,59.98,medium,South,Desktop,Premium,13,0
CUST_001851,Control,33.76,37.7,37.88,44.21,high,West,Mobile,Basic,20,0
CUST_001852,Control,7.64,8.37,3.62,19.63,low,East,Mobile,Premium,1,1
CUST_001853,Control,30.86,41.54,26.23,42.88,medium,East,Mobile,Basic,12,0
CUST_001854,Treatment,21.9,12.81,22.48,14.54,low,West,Desktop,Basic,15,0
CUST_001855,Control,49.84,40.52,42.61,65.21,medium,East,Desktop,Basic,16,0
CUST_001856,Treatment,45.79,41.83,43.05,68.38,low,South,Tablet,Premium,14,0
CUST_001857,Control,46.5,50.72,44.8,57.65,medium,East,Mobile,Basic,4,1
CUST_001858,Control,129.95,106.75,112.18,110.4,high,East,Desktop,Premium,1,1
CUST_001859,Control,12.88,0.0,3.41,20.78,low,North,Mobile,Basic,1,1
CUST_001860,Treatment,39.94,29.14,32.86,44.26,medium,North,Mobile,Basic,3,1
CUST_001861,Control,41.48,26.98,22.06,24.46,low,North,Desktop,Basic,15,0
CUST_001862,Treatment,12.36,10.11,25.81,5.94,low,North,Desktop,Basic,7,0
CUST_001863,Control,34.17,21.91,28.43,25.14,low,West,Desktop,Basic,1,1
CUST_001864,Control,16.39,11.19,28.95,40.23,low,East,Desktop,Premium,30,0
CUST_001865,Treatment,31.44,40.72,27.72,40.03,medium,South,Mobile,Basic,6,0
CUST_001866,Treatment,28.2,27.82,27.8,35.62,medium,North,Desktop,Basic,35,0
CUST_001867,Treatment,109.96,117.55,119.63,125.68,medium,East,Mobile,Enterprise,12,0
CUST_001868,Treatment,7.0,4.99,11.69,20.69,low,East,Desktop,Basic,10,0
CUST_001869,Treatment,40.32,30.83,45.73,56.81,medium,East,Tablet,Basic,3,1
CUST_001870,Control,21.09,30.4,35.16,38.24,low,East,Mobile,Premium,1,1
CUST_001871,Treatment,76.33,81.47,66.33,73.9,medium,West,Mobile,Enterprise,20,0
CUST_001872,Treatment,21.21,8.76,20.14,25.7,low,North,Mobile,Basic,2,1
CUST_001873,Treatment,32.33,16.86,26.57,21.57,low,North,Desktop,Basic,2,1
CUST_001874,Treatment,14.86,23.68,42.68,42.84,high,East,Desktop,Basic,30,0
CUST_001875,Control,79.51,94.63,82.72,86.84,low,East,Tablet,Premium,13,0
CUST_001876,Control,76.42,60.34,62.73,75.57,low,East,Tablet,Premium,8,0
CUST_001877,Treatment,40.53,28.79,36.57,43.91,medium,West,Desktop,Basic,46,0
CUST_001878,Control,21.95,18.57,6.83,28.39,low,West,Mobile,Basic,43,0
CUST_001879,Control,53.67,62.08,61.3,55.92,low,East,Desktop,Premium,35,0
CUST_001880,Treatment,42.22,54.47,37.48,46.63,low,West,Desktop,Premium,34,0
CUST_001881,Treatment,95.04,88.29,99.87,128.83,high,East,Mobile,Premium,35,0
CUST_001882,Treatment,50.32,50.4,56.62,66.63,medium,East,Desktop,Premium,2,1
CUST_001883,Treatment,53.86,54.77,62.77,70.58,low,North,Mobile,Enterprise,60,0
CUST_001884,Treatment,34.19,31.24,35.38,22.97,low,South,Desktop,Basic,1,1
CUST_001885,Treatment,70.32,68.14,75.07,70.37,low,North,Desktop,Premium,7,0
CUST_001886,Control,28.48,44.06,29.68,31.09,low,East,Desktop,Basic,2,1
CUST_001887,Control,92.54,106.36,115.79,112.68,low,North,Desktop,Enterprise,10,0
CUST_001888,Control,130.59,141.55,151.65,163.52,medium,North,Desktop,Premium,2,1
CUST_001889,Treatment,177.11,189.32,188.16,221.36,medium,South,Desktop,Enterprise,16,0
CUST_001890,Control,30.63,68.45,73.5,40.99,low,East,Mobile,Premium,34,0
CUST_001891,Treatment,21.64,30.5,26.11,24.35,low,West,Mobile,Basic,4,1
CUST_001892,Treatment,24.55,22.73,26.58,18.04,medium,North,Desktop,Basic,4,1
CUST_001893,Control,20.23,38.07,34.46,16.46,medium,South,Desktop,Basic,16,0
CUST_001894,Treatment,54.32,60.51,59.22,72.19,high,East,Desktop,Premium,4,1
CUST_001895,Control,26.13,15.89,17.67,21.98,medium,North,Desktop,Basic,2,1
CUST_001896,Treatment,53.96,76.05,50.59,70.39,medium,North,Mobile,Premium,20,0
CUST_001897,Treatment,31.57,17.33,16.22,34.03,high,South,Desktop,Basic,6,0
CUST_001898,Treatment,38.28,53.04,34.48,66.34,high,West,Desktop,Basic,50,0
CUST_001899,Control,49.14,47.6,64.83,61.68,high,North,Mobile,Basic,1,1
CUST_001900,Treatment,42.59,42.65,56.1,64.32,high,North,Desktop,Basic,17,0
CUST_001901,Control,29.75,24.01,36.22,36.31,high,West,Desktop,Basic,13,0
CUST_001902,Treatment,19.01,24.66,21.93,27.54,medium,North,Mobile,Basic,9,0
CUST_001903,Treatment,64.48,56.35,65.13,55.35,low,East,Tablet,Premium,3,1
CUST_001904,Treatment,82.43,64.75,82.67,92.54,medium,East,Desktop,Premium,7,0
CUST_001905,Treatment,15.35,32.41,25.04,22.27,low,South,Tablet,Premium,1,1
CUST_001906,Control,20.2,15.49,28.29,31.45,medium,North,Mobile,Basic,11,0
CUST_001907,Treatment,45.04,43.17,39.58,44.48,medium,West,Desktop,Basic,48,0
CUST_001908,Control,32.15,45.13,35.18,46.46,high,South,Desktop,Basic,1,1
CUST_001909,Control,43.93,41.78,44.11,23.93,medium,West,Mobile,Basic,1,1
CUST_001910,Control,25.74,17.88,28.93,18.04,medium,North,Desktop,Basic,24,0
CUST_001911,Treatment,51.6,60.56,63.27,67.91,medium,West,Mobile,Premium,17,0
CUST_001912,Control,85.01,87.64,98.76,108.84,high,West,Mobile,Premium,6,0
CUST_001913,Control,63.75,72.64,56.68,73.21,medium,South,Mobile,Premium,6,0
CUST_001914,Treatment,63.45,62.02,74.79,59.29,low,South,Mobile,Premium,1,1
CUST_001915,Treatment,36.01,37.75,40.51,27.76,low,West,Mobile,Basic,11,0
CUST_001916,Treatment,53.89,67.32,54.37,67.48,medium,North,Desktop,Premium,7,0
CUST_001917,Treatment,16.33,22.78,27.21,39.43,medium,South,Tablet,Basic,9,0
CUST_001918,Control,12.59,7.64,26.11,24.39,low,North,Desktop,Basic,40,0
CUST_001919,Control,82.53,90.02,85.14,95.7,medium,South,Desktop,Premium,13,0
CUST_001920,Control,28.55,40.41,42.13,49.63,low,West,Tablet,Premium,4,1
CUST_001921,Control,53.58,23.87,31.8,45.43,low,South,Desktop,Premium,9,0
CUST_001922,Treatment,21.65,33.34,29.85,47.07,medium,West,Mobile,Basic,6,0
CUST_001923,Control,17.19,18.3,15.96,33.22,medium,East,Mobile,Basic,31,0
CUST_001924,Treatment,35.1,34.21,46.9,55.9,medium,East,Tablet,Premium,25,0
CUST_001925,Treatment,62.23,72.41,64.87,66.35,medium,South,Desktop,Premium,5,1
CUST_001926,Treatment,29.32,32.53,31.64,44.55,medium,East,Mobile,Basic,1,1
CUST_001927,Control,20.51,29.92,29.02,40.37,medium,West,Desktop,Basic,27,0
CUST_001928,Treatment,193.21,185.12,190.98,222.17,high,East,Mobile,Enterprise,10,0
CUST_001929,Control,20.29,31.79,31.66,33.52,medium,West,Desktop,Basic,1,1
CUST_001930,Treatment,19.91,36.1,31.37,42.97,low,North,Desktop,Premium,7,0
CUST_001931,Control,36.04,33.51,44.38,49.64,high,East,Desktop,Basic,2,1
CUST_001932,Treatment,46.08,51.19,30.88,37.72,low,North,Mobile,Premium,5,1
CUST_001933,Control,14.08,0.0,7.47,14.35,low,North,Tablet,Basic,20,0
CUST_001934,Treatment,20.87,33.91,31.69,27.57,low,East,Desktop,Basic,21,0
CUST_001935,Treatment,207.99,221.28,212.47,250.32,high,South,Tablet,Enterprise,7,0
CUST_001936,Control,21.74,26.81,30.63,30.28,medium,South,Desktop,Basic,3,1
CUST_001937,Treatment,98.21,110.19,107.56,131.07,high,East,Desktop,Premium,10,0
CUST_001938,Control,13.0,16.02,20.12,20.78,medium,North,Mobile,Basic,3,1
CUST_001939,Control,79.27,62.11,64.26,68.41,medium,North,Mobile,Premium,1,1
CUST_001940,Treatment,55.46,65.41,57.0,50.07,medium,West,Mobile,Premium,1,1
CUST_001941,Control,26.12,37.76,25.23,22.18,medium,West,Desktop,Basic,55,0
CUST_001942,Treatment,22.59,47.05,25.11,42.24,high,West,Desktop,Basic,11,0
CUST_001943,Treatment,26.46,28.3,33.32,36.94,medium,North,Mobile,Basic,34,0
CUST_001944,Treatment,66.84,71.39,73.59,75.34,high,South,Desktop,Premium,2,1
CUST_001945,Control,49.33,26.22,38.46,29.04,high,South,Desktop,Basic,10,0
CUST_001946,Control,55.02,50.02,54.65,51.32,high,North,Desktop,Basic,60,0
CUST_001947,Treatment,43.59,51.63,58.89,73.98,medium,South,Mobile,Premium,1,1
CUST_001948,Treatment,144.27,127.78,140.22,154.99,medium,South,Desktop,Enterprise,4,1
CUST_001949,Treatment,23.21,40.73,22.18,45.32,low,North,Mobile,Premium,8,0
CUST_001950,Control,0.0,13.46,24.29,20.43,low,East,Desktop,Basic,24,0
CUST_001951,Control,87.19,108.35,87.09,107.61,medium,South,Desktop,Premium,32,0
CUST_001952,Control,24.1,12.8,40.18,21.73,low,North,Desktop,Basic,27,0
CUST_001953,Control,30.68,16.79,37.17,6.15,low,East,Tablet,Basic,6,0
CUST_001954,Treatment,58.9,61.78,53.16,64.55,low,West,Mobile,Premium,4,1
CUST_001955,Control,85.03,86.91,80.21,78.62,medium,East,Mobile,Premium,13,0
CUST_001956,Treatment,53.84,70.11,47.43,52.66,low,East,Mobile,Premium,15,0
CUST_001957,Treatment,13.47,0.0,9.01,17.3,low,West,Mobile,Basic,13,0
CUST_001958,Control,19.61,16.42,28.39,25.49,low,East,Tablet,Premium,20,0
CUST_001959,Treatment,37.35,34.28,33.27,39.02,medium,East,Desktop,Basic,1,1
CUST_001960,Control,10.48,16.48,26.59,10.89,low,South,Tablet,Basic,3,1
CUST_001961,Control,119.54,129.84,119.9,137.98,medium,North,Desktop,Enterprise,24,0
CUST_001962,Treatment,24.71,13.45,11.14,16.62,medium,East,Desktop,Basic,3,1
CUST_001963,Treatment,42.01,42.22,42.61,30.25,medium,East,Mobile,Basic,12,0
CUST_001964,Treatment,30.94,19.2,28.19,22.33,low,West,Mobile,Basic,10,0
CUST_001965,Treatment,14.94,37.33,30.67,36.52,low,South,Mobile,Basic,16,0
CUST_001966,Control,26.69,32.8,37.76,17.64,medium,West,Desktop,Basic,17,0
CUST_001967,Control,113.87,105.54,115.21,114.29,medium,South,Tablet,Enterprise,2,1
CUST_001968,Treatment,32.74,48.74,35.63,43.31,medium,East,Mobile,Premium,7,0
CUST_001969,Control,20.07,37.96,29.15,25.05,medium,South,Tablet,Basic,29,0
CUST_001970,Control,22.55,27.02,38.63,25.66,medium,South,Mobile,Basic,2,1
CUST_001971,Control,79.53,72.57,93.22,98.19,medium,North,Mobile,Premium,60,0
CUST_001972,Control,102.04,98.19,106.04,119.29,high,North,Desktop,Premium,5,1
CUST_001973,Control,52.62,74.27,52.15,71.4,high,East,Desktop,Basic,28,0
CUST_001974,Control,19.03,31.98,25.39,25.23,medium,West,Desktop,Basic,26,0
CUST_001975,Control,16.2,28.08,16.7,20.92,medium,West,Mobile,Basic,2,1
CUST_001976,Control,37.7,24.2,31.07,25.74,medium,South,Mobile,Basic,5,1
CUST_001977,Treatment,50.44,63.61,62.89,87.75,low,East,Desktop,Premium,2,1
CUST_001978,Control,41.21,52.12,38.71,52.39,low,South,Desktop,Premium,13,0
CUST_001979,Treatment,46.05,39.12,41.35,35.11,medium,North,Desktop,Basic,13,0
CUST_001980,Treatment,26.68,43.05,38.83,45.44,medium,East,Desktop,Basic,21,0
CUST_001981,Treatment,101.22,108.46,106.53,123.87,high,West,Desktop,Enterprise,19,0
CUST_001982,Control,11.83,0.0,23.57,5.79,low,West,Tablet,Basic,3,1
CUST_001983,Control,131.26,143.75,147.2,160.81,medium,North,Desktop,Enterprise,33,0
CUST_001984,Treatment,168.94,175.72,191.7,218.98,high,West,Mobile,Enterprise,1,1
CUST_001985,Treatment,81.36,89.11,95.94,96.14,medium,North,Mobile,Enterprise,18,0
CUST_001986,Control,41.78,32.43,36.18,25.77,medium,South,Desktop,Basic,19,0
CUST_001987,Treatment,136.45,126.84,145.7,148.99,medium,South,Desktop,Enterprise,1,1
CUST_001988,Control,67.12,66.0,73.91,69.05,medium,South,Desktop,Premium,1,1
CUST_001989,Control,33.95,29.67,23.07,23.18,high,South,Mobile,Basic,11,0
CUST_001990,Control,53.64,64.79,45.07,65.74,high,West,Mobile,Premium,9,0
CUST_001991,Treatment,40.29,45.55,75.25,50.18,medium,East,Tablet,Premium,30,0
CUST_001992,Control,37.67,45.77,21.72,50.39,low,West,Mobile,Premium,3,1
CUST_001993,Treatment,153.47,170.2,176.41,195.68,high,East,Tablet,Enterprise,22,0
CUST_001994,Treatment,33.22,46.92,43.82,49.41,low,East,Mobile,Premium,18,0
CUST_001995,Treatment,59.14,76.98,87.99,80.3,medium,North,Desktop,Enterprise,1,1
CUST_001996,Control,20.38,38.32,21.4,28.84,medium,North,Desktop,Basic,22,0
CUST_001997,Control,15.57,18.8,32.05,23.01,medium,South,Desktop,Basic,6,0
CUST_001998,Control,44.96,44.41,53.75,66.31,low,East,Mobile,Premium,27,0
CUST_001999,Control,43.98,40.82,49.03,46.77,medium,North,Mobile,Basic,7,0
CUST_002000,Treatment,15.39,15.71,28.02,31.76,medium,East,Mobile,Basic,7,0
CUST_002001,Control,79.52,73.48,70.77,84.52,high,North,Mobile,Premium,5,1
CUST_002002,Control,21.28,29.54,14.82,23.87,low,South,Tablet,Premium,1,1
CUST_002003,Control,68.59,88.39,82.29,89.65,high,South,Mobile,Premium,27,0
CUST_002004,Treatment,21.97,16.67,21.4,23.63,medium,North,Mobile,Basic,1,1
CUST_002005,Control,34.54,25.5,20.16,24.87,medium,North,Mobile,Basic,10,0
CUST_002006,Control,55.3,69.39,74.64,69.94,medium,East,Mobile,Premium,7,0
CUST_002007,Control,38.81,48.15,47.61,52.98,medium,East,Mobile,Basic,11,0
CUST_002008,Control,33.77,31.93,53.89,42.22,low,East,Mobile,Premium,3,1
CUST_002009,Control,44.23,32.83,34.57,44.64,low,West,Desktop,Basic,57,0
CUST_002010,Treatment,26.39,25.52,29.45,30.27,medium,East,Desktop,Basic,36,0
CUST_002011,Control,25.78,26.48,27.13,14.17,medium,South,Mobile,Basic,2,1
CUST_002012,Control,51.3,49.54,54.46,56.35,high,West,Desktop,Basic,33,0
CUST_002013,Treatment,16.89,24.93,31.15,23.23,low,North,Desktop,Basic,19,0
CUST_002014,Control,20.68,14.41,31.45,47.22,low,West,Mobile,Basic,1,1
CUST_002015,Treatment,50.98,52.76,49.91,58.74,low,South,Mobile,Premium,4,1
CUST_002016,Treatment,54.84,44.84,75.9,64.52,low,East,Desktop,Premium,7,0
CUST_002017,Treatment,34.76,34.62,38.49,41.07,low,East,Mobile,Basic,20,0
CUST_002018,Control,3.68,13.27,21.47,9.95,low,East,Mobile,Basic,11,0
CUST_002019,Treatment,28.72,22.07,30.39,16.26,medium,North,Desktop,Basic,18,0
CUST_002020,Treatment,0.0,12.79,0.0,11.57,low,West,Mobile,Basic,11,0
CUST_002021,Control,51.37,60.65,52.26,58.72,high,West,Mobile,Basic,22,0
CUST_002022,Control,84.53,97.31,99.06,99.12,medium,East,Mobile,Premium,5,1
CUST_002023,Control,0.08,6.18,14.09,13.32,low,West,Tablet,Basic,33,0
CUST_002024,Treatment,57.12,67.69,68.82,69.6,medium,North,Mobile,Premium,4,1
CUST_002025,Treatment,26.8,20.15,21.48,29.72,low,East,Desktop,Basic,46,0
CUST_002026,Control,31.06,31.67,38.67,34.43,medium,West,Mobile,Basic,1,1
CUST_002027,Control,14.4,10.58,23.06,25.51,low,West,Desktop,Basic,20,0
CUST_002028,Control,32.08,33.66,47.25,22.92,medium,North,Desktop,Basic,5,1
CUST_002029,Treatment,63.06,76.11,80.0,105.26,medium,East,Mobile,Premium,13,0
CUST_002030,Control,22.12,26.5,35.56,47.25,medium,East,Desktop,Basic,8,0
CUST_002031,Treatment,47.41,18.28,33.62,55.03,medium,East,Desktop,Basic,9,0
CUST_002032,Treatment,96.42,92.94,106.81,95.99,low,West,Mobile,Enterprise,3,1
CUST_002033,Control,32.89,35.61,53.67,41.3,high,West,Desktop,Basic,1,1
CUST_002034,Control,44.61,60.5,30.63,51.48,medium,South,Mobile,Premium,32,0
CUST_002035,Control,46.95,36.5,38.48,42.49,medium,North,Desktop,Basic,18,0
CUST_002036,Treatment,48.98,55.41,58.28,56.56,high,North,Desktop,Basic,6,0
CUST_002037,Control,44.3,39.82,35.73,42.41,low,South,Mobile,Premium,6,0
CUST_002038,Treatment,28.11,16.64,29.6,25.81,medium,North,Desktop,Basic,3,1
CUST_002039,Control,36.16,20.47,33.39,26.79,low,East,Desktop,Premium,22,0
CUST_002040,Control,16.98,20.33,26.07,29.69,low,West,Mobile,Basic,4,1
CUST_002041,Control,63.94,76.34,66.5,69.4,medium,South,Mobile,Enterprise,11,0
CUST_002042,Treatment,31.72,22.66,28.55,28.48,low,East,Mobile,Basic,23,0
CUST_002043,Control,42.28,40.63,48.1,43.49,high,East,Desktop,Basic,44,0
CUST_002044,Treatment,21.86,32.12,18.61,30.33,low,North,Desktop,Basic,4,1
CUST_002045,Treatment,58.69,54.77,51.77,75.3,medium,South,Mobile,Premium,23,0
CUST_002046,Treatment,29.51,30.01,32.71,31.46,low,East,Desktop,Basic,9,0
CUST_002047,Control,107.86,131.95,125.95,119.16,high,North,Mobile,Basic,1,1
CUST_002048,Control,124.97,122.29,117.21,127.19,high,South,Desktop,Enterprise,40,0
CUST_002049,Control,42.65,48.8,58.44,63.97,medium,North,Mobile,Premium,1,1
CUST_002050,Control,6.08,30.78,0.65,3.81,low,North,Mobile,Basic,20,0
CUST_002051,Treatment,28.59,26.04,20.49,21.43,medium,West,Mobile,Basic,11,0
CUST_002052,Control,61.0,48.89,47.48,81.0,medium,East,Mobile,Premium,5,1
CUST_002053,Treatment,67.01,76.53,72.8,86.0,medium,South,Desktop,Enterprise,8,0
CUST_002054,Treatment,91.22,103.63,92.53,86.59,medium,East,Mobile,Premium,15,0
CUST_002055,Control,154.28,159.23,174.01,185.42,high,East,Desktop,Enterprise,20,0
CUST_002056,Treatment,42.81,50.92,46.83,47.27,high,South,Mobile,Basic,5,1
CUST_002057,Treatment,10.68,9.54,12.57,17.51,low,East,Mobile,Basic,7,0
CUST_002058,Control,29.59,19.99,19.34,22.76,low,North,Mobile,Premium,10,0
CUST_002059,Control,50.44,46.87,61.05,60.66,medium,East,Mobile,Premium,24,0
CUST_002060,Treatment,88.8,114.61,124.57,120.43,low,East,Desktop,Enterprise,12,0
CUST_002061,Treatment,63.87,64.58,71.84,84.57,medium,North,Mobile,Premium,7,0
CUST_002062,Treatment,44.61,52.01,49.9,70.13,medium,North,Tablet,Premium,35,0
CUST_002063,Control,39.59,55.88,56.43,63.63,medium,East,Desktop,Premium,10,0
CUST_002064,Control,82.55,109.78,93.02,112.52,high,East,Desktop,Premium,7,0
CUST_002065,Treatment,118.43,126.05,132.33,129.11,medium,West,Tablet,Premium,37,0
CUST_002066,Treatment,79.05,76.66,80.18,82.3,low,North,Desktop,Premium,21,0
CUST_002067,Control,29.32,7.13,24.09,25.02,low,North,Desktop,Basic,37,0
CUST_002068,Treatment,43.18,16.64,31.23,30.48,medium,East,Mobile,Basic,3,1
CUST_002069,Treatment,27.8,22.6,40.57,39.85,medium,West,Mobile,Premium,17,0
CUST_002070,Control,36.58,33.98,31.67,33.02,low,East,Desktop,Premium,1,1
CUST_002071,Treatment,62.49,61.18,55.96,70.38,medium,South,Tablet,Premium,7,0
CUST_002072,Control,15.65,24.66,30.02,35.81,low,East,Mobile,Basic,1,1
CUST_002073,Control,46.76,47.12,58.68,56.19,high,South,Mobile,Basic,14,0
CUST_002074,Treatment,81.85,80.4,76.57,76.6,low,North,Mobile,Premium,19,0
CUST_002075,Control,42.39,25.07,44.21,42.41,medium,West,Mobile,Premium,17,0
CUST_002076,Treatment,11.86,14.83,26.68,21.36,low,West,Desktop,Basic,38,0
CUST_002077,Control,93.61,80.66,83.53,80.81,medium,North,Desktop,Premium,13,0
CUST_002078,Control,33.03,34.95,33.56,21.69,medium,East,Mobile,Basic,49,0
CUST_002079,Control,128.37,106.71,128.58,126.63,high,South,Mobile,Premium,20,0
CUST_002080,Treatment,17.91,12.25,2.8,7.24,low,East,Desktop,Basic,16,0
CUST_002081,Control,78.58,80.72,87.14,76.19,medium,East,Desktop,Premium,22,0
CUST_002082,Control,12.6,25.75,21.47,3.13,low,East,Mobile,Basic,1,1
CUST_002083,Treatment,28.65,35.35,20.43,24.65,low,North,Desktop,Basic,1,1
CUST_002084,Control,42.34,61.97,57.12,47.64,low,East,Mobile,Premium,2,1
CUST_002085,Control,56.16,43.48,32.37,54.5,low,East,Mobile,Premium,9,0
CUST_002086,Control,86.26,83.27,75.43,81.78,low,West,Mobile,Enterprise,36,0
CUST_002087,Control,46.49,64.1,81.1,80.13,medium,North,Mobile,Premium,12,0
CUST_002088,Treatment,107.1,119.13,110.9,133.22,medium,West,Desktop,Enterprise,3,1
CUST_002089,Treatment,71.97,63.94,47.79,69.84,medium,East,Mobile,Premium,1,1
CUST_002090,Treatment,54.29,50.97,59.17,65.42,low,East,Desktop,Premium,31,0
CUST_002091,Treatment,47.96,24.65,40.98,38.37,low,East,Mobile,Premium,3,1
CUST_002092,Control,31.82,68.89,54.29,58.55,medium,East,Desktop,Basic,2,1
CUST_002093,Control,109.76,116.57,98.24,110.63,medium,North,Desktop,Enterprise,29,0
CUST_002094,Treatment,61.96,65.46,60.96,79.27,medium,South,Mobile,Enterprise,26,0
CUST_002095,Treatment,25.85,16.74,33.4,27.28,medium,South,Mobile,Basic,4,1
CUST_002096,Control,6.9,20.42,12.77,13.61,medium,South,Tablet,Basic,17,0
CUST_002097,Control,73.56,89.42,72.73,72.22,low,North,Tablet,Enterprise,24,0
CUST_002098,Treatment,59.44,67.48,61.39,75.43,medium,East,Mobile,Premium,5,1
CUST_002099,Control,24.9,19.64,18.4,39.61,low,North,Desktop,Basic,11,0
CUST_002100,Treatment,53.53,36.93,50.39,55.53,medium,North,Desktop,Basic,54,0
CUST_002101,Treatment,29.64,1.31,29.29,8.18,low,South,Mobile,Basic,34,0
CUST_002102,Control,23.57,27.73,28.48,30.17,high,North,Mobile,Basic,19,0
CUST_002103,Treatment,63.56,66.3,65.19,76.53,high,West,Desktop,Basic,6,0
CUST_002104,Control,43.76,52.23,75.47,58.57,high,East,Mobile,Premium,25,0
CUST_002105,Control,32.89,20.95,29.58,33.88,medium,East,Mobile,Basic,44,0
CUST_002106,Treatment,92.83,95.04,96.57,94.17,medium,West,Desktop,Premium,5,1
CUST_002107,Control,7.77,13.31,24.48,12.32,low,North,Mobile,Basic,26,0
CUST_002108,Control,141.77,151.75,152.91,159.99,medium,East,Desktop,Enterprise,24,0
CUST_002109,Treatment,48.81,46.43,46.13,39.41,medium,East,Tablet,Basic,25,0
CUST_002110,Treatment,9.6,34.9,32.91,40.17,medium,South,Mobile,Basic,2,1
CUST_002111,Control,43.66,41.46,41.51,42.7,high,East,Desktop,Basic,6,0
CUST_002112,Treatment,67.0,67.87,70.4,84.83,low,East,Mobile,Premium,31,0
CUST_002113,Treatment,43.07,56.72,44.81,57.16,medium,West,Desktop,Basic,10,0
CUST_002114,Treatment,50.68,53.1,59.81,67.86,high,North,Desktop,Basic,18,0
CUST_002115,Control,19.54,20.6,19.95,26.34,low,North,Desktop,Basic,17,0
CUST_002116,Control,63.57,60.41,55.66,62.74,high,North,Desktop,Basic,21,0
CUST_002117,Control,71.39,62.18,55.26,57.99,medium,South,Desktop,Premium,32,0
CUST_002118,Treatment,10.18,0.0,9.56,14.03,low,East,Mobile,Basic,21,0
CUST_002119,Control,55.37,53.63,58.24,69.37,low,North,Mobile,Enterprise,10,0
CUST_002120,Treatment,70.38,64.17,68.47,66.83,high,North,Desktop,Basic,60,0
CUST_002121,Control,39.07,39.65,35.58,56.01,medium,East,Desktop,Basic,18,0
CUST_002122,Treatment,121.06,116.46,123.85,148.69,high,West,Desktop,Premium,4,1
CUST_002123,Treatment,55.18,64.74,79.0,65.16,low,South,Desktop,Premium,14,0
CUST_002124,Control,18.47,19.06,23.37,30.08,high,North,Mobile,Basic,48,0
CUST_002125,Treatment,139.6,117.78,135.27,154.58,medium,West,Desktop,Enterprise,4,1
CUST_002126,Treatment,35.78,31.81,35.25,36.42,medium,West,Mobile,Basic,14,0
CUST_002127,Treatment,181.73,205.62,200.87,222.93,medium,West,Desktop,Enterprise,1,1
CUST_002128,Control,23.79,19.8,26.57,45.97,medium,North,Mobile,Basic,2,1
CUST_002129,Treatment,53.45,56.37,58.39,54.07,medium,East,Mobile,Premium,22,0
CUST_002130,Control,41.88,43.47,50.15,53.97,low,North,Desktop,Basic,20,0
CUST_002131,Treatment,31.01,27.99,27.66,25.49,low,West,Desktop,Basic,3,1
CUST_002132,Control,56.02,42.37,18.63,42.81,medium,East,Desktop,Premium,24,0
CUST_002133,Treatment,181.87,182.85,193.2,207.57,medium,East,Mobile,Enterprise,3,1
CUST_002134,Control,52.38,63.19,61.82,58.34,low,East,Desktop,Enterprise,4,1
CUST_002135,Treatment,17.53,33.31,32.32,29.57,high,North,Tablet,Basic,10,0
CUST_002136,Control,68.33,71.07,82.55,98.71,medium,North,Desktop,Premium,8,0
CUST_002137,Control,58.6,65.59,49.4,71.31,high,South,Tablet,Basic,52,0
CUST_002138,Treatment,104.64,101.29,119.36,125.35,medium,West,Mobile,Enterprise,3,1
CUST_002139,Control,78.21,64.53,75.84,95.9,high,South,Desktop,Premium,4,1
CUST_002140,Treatment,95.66,84.36,110.95,107.95,high,West,Tablet,Basic,8,0
CUST_002141,Control,107.12,97.13,89.54,105.41,medium,North,Mobile,Enterprise,7,0
CUST_002142,Control,16.49,27.14,31.93,38.05,low,South,Desktop,Basic,1,1
CUST_002143,Treatment,8.4,19.18,23.69,15.42,low,South,Desktop,Basic,16,0
CUST_002144,Control,7.37,18.44,2.82,12.03,low,West,Desktop,Basic,9,0
CUST_002145,Treatment,67.85,79.67,82.21,79.68,low,South,Mobile,Premium,11,0
CUST_002146,Treatment,81.74,79.13,81.85,88.63,low,West,Mobile,Enterprise,1,1
CUST_002147,Treatment,25.01,15.77,23.99,28.93,low,East,Desktop,Basic,27,0
CUST_002148,Control,20.24,33.75,49.06,35.77,medium,West,Desktop,Basic,10,0
CUST_002149,Control,37.22,46.18,35.31,41.23,low,North,Mobile,Premium,35,0
CUST_002150,Treatment,30.66,19.5,10.02,21.22,medium,South,Mobile,Basic,10,0
CUST_002151,Treatment,34.93,23.44,30.19,38.95,medium,North,Mobile,Basic,5,1
CUST_002152,Control,50.74,37.37,53.57,43.64,medium,West,Mobile,Premium,19,0
CUST_002153,Control,43.68,38.95,50.66,39.14,medium,South,Mobile,Premium,16,0
CUST_002154,Treatment,48.74,52.92,47.52,65.14,medium,North,Desktop,Premium,5,1
CUST_002155,Control,30.59,29.37,39.15,14.5,medium,West,Desktop,Basic,5,1
CUST_002156,Control,53.54,49.45,56.15,76.97,low,East,Mobile,Enterprise,9,0
CUST_002157,Control,15.5,22.88,41.57,28.32,low,North,Mobile,Premium,2,1
CUST_002158,Treatment,16.87,38.69,34.98,29.21,low,South,Mobile,Basic,30,0
CUST_002159,Treatment,48.62,52.13,62.59,23.64,low,South,Desktop,Premium,16,0
CUST_002160,Treatment,220.87,211.33,232.04,276.63,high,West,Desktop,Enterprise,2,1
CUST_002161,Control,16.25,22.28,11.82,32.99,medium,South,Mobile,Basic,1,1
CUST_002162,Treatment,51.7,51.43,50.83,66.05,medium,East,Desktop,Basic,18,0
CUST_002163,Control,116.5,134.07,149.56,162.1,medium,East,Tablet,Enterprise,30,0
CUST_002164,Control,23.33,11.84,28.49,22.65,medium,South,Mobile,Basic,4,1
CUST_002165,Treatment,75.32,62.31,59.61,82.19,high,North,Mobile,Basic,6,0
CUST_002166,Control,67.93,61.75,70.39,80.03,low,East,Desktop,Premium,17,0
CUST_002167,Treatment,14.57,10.83,16.28,31.91,low,West,Desktop,Basic,2,1
CUST_002168,Control,15.92,14.08,3.15,14.22,low,West,Desktop,Basic,2,1
CUST_002169,Control,71.55,81.03,94.84,85.64,low,South,Mobile,Enterprise,1,1
CUST_002170,Control,19.22,18.03,24.55,17.58,low,South,Desktop,Basic,4,1
CUST_002171,Control,33.11,43.54,52.87,43.6,low,West,Desktop,Premium,11,0
CUST_002172,Control,12.71,18.64,1.44,8.12,low,East,Mobile,Basic,48,0
CUST_002173,Control,30.89,15.19,25.86,11.5,medium,West,Mobile,Basic,2,1
CUST_002174,Control,15.2,26.08,38.18,37.27,low,North,Desktop,Basic,1,1
CUST_002175,Control,46.97,44.33,54.17,45.04,low,North,Mobile,Basic,3,1
CUST_002176,Control,34.46,22.79,20.36,30.54,medium,East,Mobile,Basic,1,1
CUST_002177,Control,29.75,37.23,24.36,28.92,low,West,Tablet,Basic,2,1
CUST_002178,Control,18.4,2.76,7.22,7.85,low,North,Tablet,Basic,6,0
CUST_002179,Treatment,37.58,43.71,64.95,52.34,high,South,Mobile,Basic,3,1
CUST_002180,Treatment,71.18,78.94,74.14,70.71,high,North,Mobile,Premium,4,1
CUST_002181,Control,19.17,17.47,27.47,3.57,low,North,Desktop,Basic,20,0
CUST_002182,Treatment,36.88,24.81,30.51,28.91,medium,West,Desktop,Basic,8,0
CUST_002183,Control,46.62,44.09,33.02,49.67,low,South,Desktop,Premium,16,0
CUST_002184,Control,32.11,34.4,27.61,30.59,medium,West,Desktop,Basic,2,1
CUST_002185,Control,146.71,153.6,153.13,149.21,medium,North,Desktop,Enterprise,9,0
CUST_002186,Treatment,50.54,73.87,84.37,82.21,medium,West,Desktop,Premium,13,0
CUST_002187,Control,67.54,85.19,88.54,75.93,medium,West,Tablet,Enterprise,19,0
CUST_002188,Control,64.71,59.82,60.77,57.96,medium,North,Desktop,Premium,33,0
CUST_002189,Control,62.43,60.13,63.05,66.5,medium,North,Tablet,Premium,8,0
CUST_002190,Control,54.71,55.16,64.32,60.07,medium,East,Desktop,Premium,12,0
CUST_002191,Treatment,30.37,45.85,37.5,44.62,high,East,Tablet,Basic,3,1
CUST_002192,Control,97.92,97.34,106.67,103.41,medium,East,Desktop,Enterprise,5,1
CUST_002193,Treatment,57.7,56.52,61.58,61.85,low,East,Desktop,Basic,5,1
CUST_002194,Control,111.02,123.88,118.44,121.37,medium,East,Mobile,Premium,5,1
CUST_002195,Control,7.35,30.79,19.44,24.98,medium,West,Desktop,Basic,17,0
CUST_002196,Treatment,35.44,21.13,22.3,42.79,low,East,Desktop,Basic,15,0
CUST_002197,Control,170.23,143.95,155.55,157.38,medium,North,Tablet,Enterprise,3,1
CUST_002198,Control,85.61,93.79,118.46,114.93,high,East,Mobile,Premium,1,1
CUST_002199,Treatment,98.68,84.45,71.53,82.38,medium,North,Desktop,Premium,26,0
CUST_002200,Treatment,37.32,35.9,29.81,52.66,medium,South,Desktop,Basic,1,1
CUST_002201,Treatment,58.02,67.77,69.32,81.5,high,West,Desktop,Basic,16,0
CUST_002202,Treatment,35.85,55.11,29.28,54.32,high,North,Mobile,Basic,1,1
CUST_002203,Treatment,33.66,41.16,49.11,40.82,medium,East,Desktop,Basic,7,0
CUST_002204,Control,87.94,89.27,91.29,115.09,medium,East,Mobile,Premium,6,0
CUST_002205,Control,86.25,92.47,77.04,85.5,high,South,Desktop,Premium,28,0
CUST_002206,Control,203.4,194.42,233.5,228.06,medium,East,Mobile,Enterprise,20,0
CUST_002207,Control,65.31,52.28,59.41,54.57,low,East,Mobile,Premium,2,1
CUST_002208,Treatment,56.86,57.26,57.05,54.76,low,South,Mobile,Enterprise,9,0
CUST_002209,Control,22.29,31.35,23.91,14.67,medium,East,Mobile,Basic,6,0
CUST_002210,Control,80.21,81.1,77.87,90.88,medium,East,Desktop,Premium,1,1
CUST_002211,Control,71.57,66.55,63.99,72.78,medium,South,Mobile,Enterprise,12,0
CUST_002212,Treatment,32.81,48.36,52.07,55.87,medium,West,Tablet,Basic,1,1
CUST_002213,Treatment,53.68,64.95,41.78,58.16,low,East,Mobile,Enterprise,13,0
CUST_002214,Control,35.15,39.2,29.49,29.09,medium,South,Mobile,Basic,1,1
CUST_002215,Treatment,168.34,164.8,167.57,215.28,medium,East,Desktop,Enterprise,15,0
CUST_002216,Control,23.5,18.76,43.15,34.81,medium,West,Mobile,Basic,11,0
CUST_002217,Treatment,31.56,24.56,17.78,29.71,medium,West,Tablet,Basic,3,1
CUST_002218,Treatment,136.35,151.84,154.29,182.8,high,East,Desktop,Enterprise,12,0
CUST_002219,Treatment,128.72,125.85,130.11,159.82,high,West,Mobile,Enterprise,6,0
CUST_002220,Control,44.59,41.58,56.32,40.39,low,North,Desktop,Premium,7,0
CUST_002221,Control,29.11,36.38,31.39,42.84,medium,South,Mobile,Basic,21,0
CUST_002222,Treatment,96.04,95.85,97.85,110.21,low,South,Mobile,Enterprise,7,0
CUST_002223,Control,57.39,45.53,64.42,56.23,high,North,Mobile,Basic,5,1
CUST_002224,Control,34.11,17.19,30.03,27.86,low,West,Desktop,Basic,12,0
CUST_002225,Control,37.95,50.9,39.54,65.15,high,North,Desktop,Basic,14,0
CUST_002226,Control,34.46,29.9,31.15,38.1,medium,North,Desktop,Basic,1,1
CUST_002227,Control,77.27,85.59,99.85,102.24,high,North,Desktop,Premium,1,1
CUST_002228,Control,170.83,178.29,171.29,173.57,medium,South,Desktop,Enterprise,27,0
CUST_002229,Treatment,17.85,18.08,23.0,44.05,medium,South,Mobile,Basic,1,1
CUST_002230,Control,35.83,41.88,40.3,41.48,medium,East,Mobile,Basic,4,1
CUST_002231,Treatment,100.52,81.6,108.68,92.32,medium,South,Desktop,Premium,20,0
CUST_002232,Treatment,15.65,22.85,32.17,30.76,low,South,Mobile,Basic,22,0
CUST_002233,Control,98.02,82.26,95.08,102.69,high,West,Mobile,Premium,2,1
CUST_002234,Control,157.48,157.55,170.68,158.44,medium,West,Mobile,Enterprise,1,1
CUST_002235,Control,85.93,86.19,94.42,89.82,medium,West,Desktop,Premium,13,0
CUST_002236,Control,66.45,59.06,48.33,72.11,medium,West,Tablet,Premium,10,0
CUST_002237,Treatment,145.44,136.85,152.26,161.3,low,East,Mobile,Enterprise,5,1
CUST_002238,Treatment,71.2,75.72,77.72,99.37,high,East,Desktop,Premium,3,1
CUST_002239,Control,2.46,4.75,2.5,6.25,low,East,Mobile,Basic,4,1
CUST_002240,Control,78.51,68.91,75.04,75.9,high,South,Mobile,Premium,4,1
CUST_002241,Treatment,21.47,21.42,17.71,25.26,low,East,Mobile,Basic,25,0
CUST_002242,Control,32.34,41.63,20.19,41.68,low,North,Mobile,Premium,1,1
CUST_002243,Treatment,98.48,106.08,120.41,140.76,high,West,Tablet,Premium,8,0
CUST_002244,Treatment,135.41,130.64,110.01,150.8,high,North,Desktop,Enterprise,13,0
CUST_002245,Treatment,177.35,176.8,169.32,209.32,high,North,Tablet,Premium,23,0
CUST_002246,Control,49.85,61.99,42.56,58.95,low,West,Mobile,Premium,28,0
CUST_002247,Control,68.33,57.4,67.05,67.27,low,East,Mobile,Premium,11,0
CUST_002248,Control,1.53,5.78,15.71,25.24,low,West,Mobile,Basic,19,0
CUST_002249,Treatment,91.89,102.32,94.19,106.74,low,West,Desktop,Enterprise,8,0
CUST_002250,Treatment,21.76,31.95,16.48,27.84,medium,East,Desktop,Basic,28,0
CUST_002251,Treatment,39.33,20.79,30.14,50.98,medium,North,Desktop,Basic,3,1
CUST_002252,Control,56.24,45.43,44.31,41.41,medium,West,Desktop,Basic,4,1
CUST_002253,Control,38.73,32.81,24.97,33.25,low,South,Desktop,Premium,5,1
CUST_002254,Control,103.91,83.54,98.09,115.1,medium,South,Tablet,Enterprise,10,0
CUST_002255,Control,79.79,66.75,79.64,81.21,low,North,Tablet,Enterprise,4,1
CUST_002256,Control,27.87,14.4,27.04,35.41,medium,South,Mobile,Basic,23,0
CUST_002257,Treatment,44.37,45.55,52.25,50.63,high,West,Mobile,Basic,19,0
CUST_002258,Control,70.79,71.75,83.5,75.81,medium,East,Desktop,Enterprise,6,0
CUST_002259,Control,99.19,94.82,107.63,103.7,medium,West,Desktop,Enterprise,8,0
CUST_002260,Treatment,55.29,57.39,47.99,55.03,medium,North,Desktop,Premium,51,0
CUST_002261,Treatment,40.49,30.21,24.26,51.98,medium,South,Desktop,Basic,44,0
CUST_002262,Control,46.94,45.72,43.53,54.34,medium,North,Desktop,Premium,1,1
CUST_002263,Treatment,20.42,18.23,22.18,33.64,low,North,Tablet,Premium,18,0
CUST_002264,Treatment,40.47,27.79,24.71,48.18,medium,North,Desktop,Basic,7,0
CUST_002265,Treatment,81.63,83.09,79.06,95.38,medium,South,Mobile,Premium,1,1
CUST_002266,Control,176.84,202.49,205.61,220.96,high,West,Mobile,Enterprise,1,1
CUST_002267,Control,96.43,95.79,78.92,94.55,low,West,Mobile,Premium,24,0
CUST_002268,Treatment,38.62,55.15,36.2,51.6,medium,South,Mobile,Basic,20,0
CUST_002269,Control,128.17,106.48,115.34,133.65,medium,West,Desktop,Enterprise,8,0
CUST_002270,Treatment,66.15,74.65,65.6,91.06,medium,North,Mobile,Premium,16,0
CUST_002271,Treatment,38.14,32.89,12.12,9.69,medium,West,Desktop,Basic,17,0
CUST_002272,Control,24.84,17.24,47.78,42.89,low,West,Desktop,Premium,1,1
CUST_002273,Treatment,95.66,101.74,102.07,112.85,medium,West,Tablet,Premium,3,1
CUST_002274,Control,38.0,54.61,45.36,62.5,low,West,Desktop,Premium,1,1
CUST_002275,Treatment,39.63,56.29,58.99,68.87,medium,South,Desktop,Premium,26,0
CUST_002276,Treatment,32.23,36.28,34.27,56.36,medium,East,Mobile,Basic,28,0
CUST_002277,Control,32.01,17.83,17.13,17.87,low,North,Desktop,Basic,5,1
CUST_002278,Treatment,45.91,51.4,44.25,49.89,medium,North,Mobile,Premium,6,0
CUST_002279,Treatment,31.86,17.12,25.88,26.85,medium,East,Desktop,Basic,1,1
CUST_002280,Treatment,10.95,45.9,39.18,20.2,medium,West,Desktop,Basic,35,0
CUST_002281,Control,22.49,13.8,14.47,6.97,low,North,Desktop,Basic,7,0
CUST_002282,Treatment,29.77,35.07,12.91,31.63,low,West,Desktop,Basic,1,1
CUST_002283,Control,41.04,51.57,50.98,37.09,low,West,Desktop,Premium,29,0
CUST_002284,Control,38.29,30.46,24.96,35.12,medium,South,Desktop,Basic,2,1
CUST_002285,Treatment,40.96,37.5,38.82,24.35,medium,South,Mobile,Basic,6,0
CUST_002286,Control,44.55,68.68,86.4,57.27,medium,East,Tablet,Premium,9,0
CUST_002287,Treatment,33.73,32.8,31.35,41.88,medium,East,Desktop,Basic,1,1
CUST_002288,Control,19.77,21.77,16.08,16.97,medium,West,Mobile,Basic,2,1
CUST_002289,Treatment,25.86,39.13,34.67,46.9,medium,North,Mobile,Premium,45,0
CUST_002290,Control,33.45,29.98,34.91,32.65,medium,North,Mobile,Basic,13,0
CUST_002291,Control,19.72,25.22,30.04,31.92,low,East,Mobile,Basic,6,0
CUST_002292,Control,19.87,29.1,31.32,12.81,low,North,Tablet,Basic,6,0
CUST_002293,Treatment,202.76,203.94,231.29,232.48,high,North,Desktop,Enterprise,5,1
CUST_002294,Control,18.19,19.02,17.09,35.73,medium,East,Desktop,Basic,16,0
CUST_002295,Treatment,22.15,41.41,33.88,39.62,medium,East,Mobile,Basic,8,0
CUST_002296,Control,45.08,52.03,52.2,62.75,high,East,Desktop,Basic,6,0
CUST_002297,Control,27.02,9.73,18.91,28.34,low,West,Mobile,Basic,1,1
CUST_002298,Treatment,36.24,25.44,18.61,36.97,medium,West,Desktop,Basic,1,1
CUST_002299,Treatment,78.57,75.25,87.23,80.84,medium,South,Mobile,Premium,15,0
CUST_002300,Control,33.77,39.68,25.72,18.66,low,West,Desktop,Basic,29,0
CUST_002301,Control,52.55,43.38,43.28,34.54,high,South,Desktop,Basic,17,0
CUST_002302,Control,30.1,31.55,20.07,24.1,medium,North,Desktop,Basic,12,0
CUST_002303,Control,26.61,14.1,38.02,28.55,medium,North,Mobile,Basic,13,0
CUST_002304,Treatment,39.51,22.83,30.5,14.55,low,West,Mobile,Premium,2,1
CUST_002305,Treatment,18.27,33.57,23.44,28.37,low,West,Mobile,Basic,7,0
CUST_002306,Treatment,77.49,80.32,70.58,85.08,medium,West,Mobile,Premium,31,0
CUST_002307,Treatment,37.42,48.68,31.72,42.16,medium,West,Mobile,Basic,2,1
CUST_002308,Treatment,34.26,59.68,32.88,60.07,high,West,Desktop,Basic,16,0
CUST_002309,Treatment,58.56,61.84,48.56,63.49,medium,South,Desktop,Premium,19,0
CUST_002310,Control,23.81,39.85,30.22,34.37,low,East,Tablet,Premium,6,0
CUST_002311,Treatment,63.72,64.77,69.4,86.32,low,West,Mobile,Premium,18,0
CUST_002312,Treatment,65.21,63.99,51.84,74.36,medium,West,Tablet,Premium,10,0
CUST_002313,Treatment,56.91,65.42,59.52,52.72,medium,South,Desktop,Premium,3,1
CUST_002314,Treatment,59.57,54.12,59.31,81.55,medium,East,Mobile,Premium,31,0
CUST_002315,Treatment,22.0,31.23,31.62,8.99,low,North,Mobile,Premium,26,0
CUST_002316,Treatment,20.18,28.41,35.15,19.6,medium,West,Desktop,Basic,7,0
CUST_002317,Treatment,2.29,7.37,12.82,33.63,low,West,Mobile,Basic,1,1
CUST_002318,Control,27.18,14.27,41.06,24.07,low,North,Desktop,Basic,27,0
CUST_002319,Treatment,170.69,179.66,186.78,188.78,medium,North,Mobile,Enterprise,5,1
CUST_002320,Treatment,66.3,64.02,66.73,83.38,medium,East,Mobile,Premium,14,0
CUST_002321,Treatment,172.59,188.24,187.5,213.22,high,South,Desktop,Enterprise,15,0
CUST_002322,Treatment,20.76,24.73,32.21,16.24,low,East,Mobile,Basic,3,1
CUST_002323,Control,47.84,67.59,52.29,63.58,low,South,Desktop,Premium,13,0
CUST_002324,Control,47.26,75.5,68.03,68.92,medium,West,Desktop,Premium,14,0
CUST_002325,Treatment,40.96,40.23,38.74,26.51,low,West,Mobile,Premium,1,1
CUST_002326,Treatment,24.01,25.11,25.14,36.29,low,East,Mobile,Basic,8,0
CUST_002327,Treatment,171.6,186.72,180.67,220.63,high,North,Desktop,Enterprise,3,1
CUST_002328,Treatment,30.76,11.07,32.29,18.17,medium,East,Desktop,Basic,16,0
CUST_002329,Treatment,83.39,69.32,71.44,69.75,medium,East,Desktop,Premium,7,0
CUST_002330,Treatment,80.85,92.02,94.82,118.44,medium,West,Desktop,Premium,7,0
CUST_002331,Treatment,11.61,16.36,27.07,26.75,low,West,Mobile,Basic,21,0
CUST_002332,Treatment,66.37,78.46,95.48,103.57,high,South,Mobile,Basic,6,0
CUST_002333,Treatment,23.79,41.97,30.75,22.2,low,North,Desktop,Premium,3,1
CUST_002334,Treatment,69.79,63.77,60.67,63.84,medium,West,Desktop,Premium,3,1
CUST_002335,Control,36.31,24.98,28.26,34.19,medium,North,Desktop,Basic,6,0
CUST_002336,Treatment,43.68,39.22,32.31,31.8,medium,East,Desktop,Basic,1,1
CUST_002337,Treatment,40.05,32.02,31.34,15.19,medium,North,Mobile,Basic,15,0
CUST_002338,Control,45.37,59.91,61.46,54.88,high,South,Mobile,Basic,13,0
CUST_002339,Treatment,249.29,271.01,276.0,289.04,high,North,Desktop,Enterprise,13,0
CUST_002340,Treatment,57.51,47.58,62.82,49.16,high,West,Desktop,Basic,6,0
CUST_002341,Treatment,145.51,153.66,181.68,177.99,medium,East,Desktop,Enterprise,2,1
CUST_002342,Control,104.54,106.49,112.71,116.8,high,West,Mobile,Premium,1,1
CUST_002343,Control,18.52,15.37,19.34,27.39,low,North,Mobile,Basic,34,0
CUST_002344,Control,89.53,97.37,101.82,119.14,high,South,Mobile,Premium,4,1
CUST_002345,Control,33.54,31.1,23.77,26.08,low,North,Mobile,Basic,6,0
CUST_002346,Treatment,65.51,44.03,56.18,56.74,medium,West,Mobile,Premium,22,0
CUST_002347,Treatment,44.52,56.8,52.94,55.13,low,East,Desktop,Premium,4,1
CUST_002348,Treatment,36.51,23.24,28.9,41.42,medium,East,Mobile,Basic,30,0
CUST_002349,Treatment,35.73,38.67,29.54,33.86,medium,West,Desktop,Basic,11,0
CUST_002350,Control,10.65,17.49,20.57,11.99,low,West,Mobile,Basic,4,1
CUST_002351,Control,31.21,36.57,32.79,9.6,low,South,Mobile,Premium,6,0
CUST_002352,Control,36.39,49.54,67.93,39.62,high,North,Desktop,Basic,6,0
CUST_002353,Control,71.13,51.51,49.85,66.63,medium,North,Desktop,Premium,2,1
CUST_002354,Control,46.06,50.59,39.94,40.24,low,South,Mobile,Premium,8,0
CUST_002355,Control,31.72,36.11,40.28,35.74,medium,North,Desktop,Basic,9,0
CUST_002356,Treatment,25.13,23.4,25.2,35.12,high,South,Desktop,Basic,19,0
CUST_002357,Control,44.25,39.32,45.72,43.49,high,North,Desktop,Basic,6,0
CUST_002358,Treatment,84.53,90.57,84.14,98.1,low,East,Desktop,Premium,31,0
CUST_002359,Control,30.25,29.35,35.61,30.95,medium,East,Desktop,Basic,17,0
CUST_002360,Treatment,36.76,38.41,47.77,55.85,low,South,Desktop,Premium,35,0
CUST_002361,Control,18.13,19.47,20.37,33.07,low,East,Tablet,Basic,34,0
CUST_002362,Treatment,148.03,163.89,157.46,159.48,low,West,Desktop,Enterprise,7,0
CUST_002363,Control,11.56,20.13,20.38,35.97,medium,East,Desktop,Basic,6,0
CUST_002364,Control,70.41,87.52,97.54,89.29,medium,North,Mobile,Premium,3,1
CUST_002365,Control,64.76,57.1,64.39,72.84,medium,North,Mobile,Premium,30,0
CUST_002366,Treatment,72.53,100.47,73.76,95.45,medium,North,Tablet,Enterprise,1,1
CUST_002367,Treatment,77.14,90.01,76.77,86.42,low,North,Tablet,Enterprise,1,1
CUST_002368,Control,53.22,48.2,55.05,43.19,low,South,Desktop,Premium,1,1
CUST_002369,Treatment,8.46,6.3,15.12,15.53,low,East,Tablet,Basic,25,0
CUST_002370,Treatment,74.78,102.84,73.86,110.41,high,East,Desktop,Premium,1,1
CUST_002371,Control,22.33,11.25,13.07,19.54,medium,East,Mobile,Basic,16,0
CUST_002372,Treatment,30.26,15.5,22.01,12.82,medium,North,Mobile,Basic,7,0
CUST_002373,Control,95.29,109.52,92.31,95.06,medium,South,Desktop,Premium,40,0
CUST_002374,Control,63.4,48.22,62.12,61.35,medium,East,Mobile,Basic,7,0
CUST_002375,Treatment,159.23,188.56,160.39,194.62,high,West,Desktop,Enterprise,14,0
CUST_002376,Control,29.68,16.55,35.06,42.76,high,East,Desktop,Basic,13,0
CUST_002377,Treatment,30.74,32.3,25.38,44.23,medium,East,Mobile,Basic,22,0
CUST_002378,Control,30.9,56.14,42.94,60.12,medium,East,Desktop,Premium,11,0
CUST_002379,Control,167.07,175.01,196.78,191.03,high,North,Mobile,Premium,7,0
CUST_002380,Treatment,139.23,162.49,144.57,200.76,high,East,Mobile,Enterprise,10,0
CUST_002381,Control,38.31,35.91,40.34,41.49,low,East,Mobile,Premium,16,0
CUST_002382,Treatment,57.18,62.5,56.41,45.53,low,South,Mobile,Premium,2,1
CUST_002383,Treatment,38.64,57.1,57.89,48.25,low,West,Mobile,Premium,1,1
CUST_002384,Control,64.48,48.14,66.28,47.76,low,East,Desktop,Premium,8,0
CUST_002385,Treatment,18.82,17.04,30.61,28.53,medium,South,Desktop,Basic,15,0
CUST_002386,Control,106.8,102.77,98.7,118.4,low,East,Desktop,Enterprise,4,1
CUST_002387,Treatment,45.62,40.7,58.89,50.71,low,East,Mobile,Premium,12,0
CUST_002388,Control,23.37,25.24,22.97,23.16,low,South,Desktop,Basic,4,1
CUST_002389,Treatment,38.8,42.1,51.89,83.97,high,East,Mobile,Premium,6,0
CUST_002390,Control,64.59,59.63,51.54,55.73,medium,East,Desktop,Premium,13,0
CUST_002391,Treatment,29.46,29.93,33.3,31.16,low,East,Desktop,Basic,16,0
CUST_002392,Control,14.71,22.03,5.93,13.1,low,North,Mobile,Basic,14,0
CUST_002393,Treatment,34.89,29.19,48.01,38.92,low,South,Desktop,Premium,1,1
CUST_002394,Treatment,83.3,93.67,87.72,97.86,medium,North,Desktop,Premium,2,1
CUST_002395,Treatment,79.42,88.89,79.31,92.77,low,North,Mobile,Premium,17,0
CUST_002396,Control,206.32,220.92,223.03,222.86,medium,East,Desktop,Enterprise,2,1
CUST_002397,Control,31.1,40.35,27.68,55.6,medium,East,Tablet,Basic,1,1
CUST_002398,Treatment,71.85,84.23,75.12,99.34,medium,South,Tablet,Premium,26,0
CUST_002399,Control,83.02,90.25,90.86,102.27,medium,South,Tablet,Enterprise,24,0
CUST_002400,Control,35.13,39.75,22.34,35.44,medium,South,Mobile,Basic,10,0
CUST_002401,Treatment,67.93,57.23,38.56,45.35,medium,South,Tablet,Premium,22,0
CUST_002402,Control,72.34,59.39,68.27,81.33,high,East,Desktop,Premium,8,0
CUST_002403,Treatment,47.07,55.03,52.19,83.26,high,West,Desktop,Basic,35,0
CUST_002404,Control,68.09,59.45,54.91,73.85,low,South,Mobile,Premium,1,1
CUST_002405,Treatment,0.0,9.15,10.22,18.37,low,East,Mobile,Basic,22,0
CUST_002406,Treatment,219.13,252.19,233.8,304.5,high,North,Desktop,Enterprise,35,0
CUST_002407,Treatment,23.23,48.55,47.38,44.9,high,East,Desktop,Basic,6,0
CUST_002408,Treatment,79.36,81.17,75.47,102.78,high,West,Mobile,Premium,1,1
CUST_002409,Control,28.12,13.3,25.8,31.89,low,North,Desktop,Premium,10,0
CUST_002410,Control,119.04,130.41,145.2,132.16,medium,North,Mobile,Enterprise,5,1
CUST_002411,Treatment,116.51,103.7,117.67,127.31,medium,East,Mobile,Enterprise,11,0
CUST_002412,Control,41.9,44.07,50.04,43.21,high,North,Mobile,Basic,22,0
CUST_002413,Control,29.71,44.68,45.26,34.57,low,East,Mobile,Premium,9,0
CUST_002414,Control,27.87,21.65,28.93,27.9,medium,East,Mobile,Basic,1,1
CUST_002415,Treatment,96.92,102.79,114.93,126.69,high,South,Desktop,Premium,7,0
CUST_002416,Treatment,144.77,141.34,153.78,174.57,high,North,Desktop,Enterprise,2,1
CUST_002417,Treatment,40.86,62.46,71.09,78.0,medium,South,Desktop,Premium,3,1
CUST_002418,Treatment,30.69,43.28,57.1,47.62,high,East,Mobile,Basic,6,0
CUST_002419,Control,43.41,41.55,59.38,66.62,medium,West,Desktop,Premium,15,0
CUST_002420,Treatment,95.03,97.61,106.46,117.12,low,West,Mobile,Enterprise,1,1
CUST_002421,Control,23.96,27.96,24.0,22.83,low,East,Desktop,Basic,4,1
CUST_002422,Treatment,22.12,28.67,33.25,46.35,medium,South,Desktop,Basic,16,0
CUST_002423,Control,20.74,28.11,17.87,42.62,medium,West,Mobile,Basic,7,0
CUST_002424,Control,54.42,33.31,43.62,57.75,low,East,Desktop,Premium,8,0
CUST_002425,Control,41.45,52.77,57.02,66.97,low,East,Desktop,Premium,39,0
CUST_002426,Treatment,35.65,26.57,33.22,22.62,low,South,Desktop,Premium,8,0
CUST_002427,Control,174.4,190.81,178.49,193.5,high,South,Mobile,Enterprise,7,0
CUST_002428,Treatment,44.28,43.89,41.36,73.03,high,West,Desktop,Basic,2,1
CUST_002429,Treatment,115.92,120.98,136.71,128.31,medium,West,Desktop,Enterprise,13,0
CUST_002430,Control,41.98,46.4,35.13,47.52,low,South,Desktop,Premium,6,0
CUST_002431,Control,62.26,64.45,65.08,70.24,medium,North,Mobile,Premium,11,0
CUST_002432,Treatment,173.28,170.16,170.56,198.04,medium,West,Mobile,Enterprise,15,0
CUST_002433,Treatment,46.0,47.38,51.24,59.45,high,West,Mobile,Basic,6,0
CUST_002434,Control,24.66,26.62,26.7,26.87,low,East,Mobile,Basic,13,0
CUST_002435,Treatment,37.86,27.51,35.14,49.77,medium,North,Desktop,Basic,23,0
CUST_002436,Treatment,53.97,64.58,59.84,63.61,low,South,Desktop,Premium,2,1
CUST_002437,Control,48.66,73.47,59.53,68.83,low,West,Mobile,Premium,1,1
CUST_002438,Treatment,86.69,89.7,82.99,84.68,medium,West,Mobile,Premium,1,1
CUST_002439,Treatment,29.41,39.02,36.9,47.32,high,East,Desktop,Basic,3,1
CUST_002440,Control,98.37,107.59,97.77,95.29,medium,South,Mobile,Premium,47,0
CUST_002441,Control,86.57,73.32,94.59,94.99,low,West,Mobile,Enterprise,1,1
CUST_002442,Treatment,67.59,76.03,80.32,97.03,medium,North,Desktop,Premium,45,0
CUST_002443,Treatment,25.68,24.16,17.57,26.89,low,West,Desktop,Basic,8,0
CUST_002444,Treatment,26.47,35.89,36.73,30.68,medium,North,Desktop,Basic,1,1
CUST_002445,Treatment,35.61,55.27,48.75,65.34,high,West,Mobile,Basic,9,0
CUST_002446,Treatment,124.58,125.61,135.84,152.37,medium,East,Desktop,Enterprise,12,0
CUST_002447,Treatment,49.15,48.66,34.42,57.45,low,West,Desktop,Basic,1,1
CUST_002448,Treatment,12.96,31.5,38.73,26.35,medium,South,Mobile,Basic,8,0
CUST_002449,Treatment,39.73,38.09,41.53,66.31,medium,West,Mobile,Basic,38,0
CUST_002450,Control,15.39,19.61,23.13,17.7,medium,East,Desktop,Basic,17,0
CUST_002451,Control,13.88,24.87,21.95,15.57,low,South,Desktop,Basic,6,0
CUST_002452,Control,29.44,31.05,30.99,20.49,low,South,Tablet,Premium,58,0
CUST_002453,Treatment,58.53,52.51,59.01,51.11,medium,North,Desktop,Premium,9,0
CUST_002454,Treatment,38.65,28.49,18.04,42.54,low,East,Mobile,Premium,1,1
CUST_002455,Treatment,232.77,244.32,239.46,274.97,high,South,Desktop,Enterprise,9,0
CUST_002456,Control,15.43,25.71,11.79,42.7,medium,North,Mobile,Basic,42,0
CUST_002457,Treatment,84.47,88.04,84.27,101.19,medium,East,Mobile,Premium,21,0
CUST_002458,Treatment,158.72,176.04,182.16,185.2,medium,North,Desktop,Enterprise,36,0
CUST_002459,Control,60.81,76.19,63.26,76.82,high,East,Tablet,Premium,13,0
CUST_002460,Treatment,68.78,74.03,74.31,91.73,high,East,Desktop,Premium,2,1
CUST_002461,Control,41.11,35.39,33.05,45.91,medium,South,Mobile,Basic,7,0
CUST_002462,Control,19.12,22.56,22.37,17.81,low,East,Mobile,Basic,15,0
CUST_002463,Treatment,15.84,27.1,25.84,25.41,low,East,Desktop,Basic,27,0
CUST_002464,Control,46.24,70.96,71.75,61.52,medium,East,Mobile,Premium,13,0
CUST_002465,Treatment,35.12,55.61,46.44,40.8,medium,South,Desktop,Basic,20,0
CUST_002466,Treatment,21.94,10.8,18.19,4.81,low,West,Desktop,Basic,1,1
CUST_002467,Control,98.16,100.83,95.22,93.67,high,East,Mobile,Enterprise,2,1
CUST_002468,Treatment,19.83,40.26,29.29,25.72,medium,East,Desktop,Basic,1,1
CUST_002469,Treatment,35.29,35.71,42.57,44.88,low,North,Mobile,Basic,1,1
CUST_002470,Control,15.07,17.75,31.96,57.89,low,West,Desktop,Premium,24,0
CUST_002471,Treatment,54.88,73.38,68.98,81.26,low,East,Desktop,Premium,26,0
CUST_002472,Control,13.91,21.4,30.67,19.9,low,East,Desktop,Basic,20,0
CUST_002473,Treatment,6.59,4.01,14.28,10.93,low,East,Desktop,Basic,3,1
CUST_002474,Treatment,36.3,45.1,29.45,36.6,medium,North,Mobile,Basic,2,1
CUST_002475,Control,79.46,66.64,80.03,87.45,low,West,Desktop,Premium,37,0
CUST_002476,Treatment,54.39,51.46,48.03,38.82,low,South,Desktop,Premium,30,0
CUST_002477,Treatment,29.61,33.01,40.68,39.4,medium,South,Desktop,Basic,19,0
CUST_002478,Control,33.22,23.8,33.9,29.06,low,South,Tablet,Basic,20,0
CUST_002479,Treatment,40.48,35.39,25.67,21.96,low,South,Mobile,Premium,2,1
CUST_002480,Treatment,30.45,5.67,16.13,34.08,low,South,Desktop,Basic,12,0
CUST_002481,Treatment,2.56,20.6,30.22,9.9,low,East,Mobile,Basic,17,0
CUST_002482,Control,132.62,137.27,116.37,123.3,low,North,Desktop,Enterprise,9,0
CUST_002483,Control,47.61,42.97,48.78,52.06,medium,West,Desktop,Premium,20,0
CUST_002484,Treatment,20.89,13.94,29.39,33.37,high,South,Mobile,Basic,3,1
CUST_002485,Treatment,36.05,37.94,43.48,44.89,medium,East,Desktop,Basic,9,0
CUST_002486,Control,19.62,5.31,26.63,30.44,low,East,Tablet,Basic,4,1
CUST_002487,Treatment,303.79,300.32,314.09,351.25,high,East,Desktop,Enterprise,4,1
CUST_002488,Treatment,12.21,16.13,18.01,36.8,medium,North,Mobile,Basic,7,0
CUST_002489,Control,42.14,36.47,38.95,52.41,low,West,Desktop,Premium,8,0
CUST_002490,Treatment,37.1,40.85,51.31,54.28,low,East,Mobile,Premium,11,0
CUST_002491,Control,29.36,37.22,33.16,32.76,high,North,Mobile,Basic,54,0
CUST_002492,Treatment,40.2,52.03,38.21,66.94,low,East,Desktop,Premium,22,0
CUST_002493,Treatment,30.66,22.86,23.67,12.85,low,West,Desktop,Basic,6,0
CUST_002494,Treatment,97.6,112.17,96.95,134.6,high,East,Desktop,Premium,1,1
CUST_002495,Treatment,39.68,45.51,44.31,38.02,high,East,Desktop,Basic,5,1
CUST_002496,Treatment,81.92,72.26,83.45,91.08,high,South,Desktop,Premium,5,1
CUST_002497,Treatment,22.2,30.63,12.77,36.89,medium,West,Desktop,Basic,11,0
CUST_002498,Treatment,59.26,50.43,52.79,54.28,low,East,Mobile,Premium,1,1
CUST_002499,Treatment,53.94,36.21,48.26,46.71,high,North,Mobile,Basic,6,0
CUST_002500,Control,15.89,9.36,24.05,31.83,low,North,Mobile,Basic,41,0
CUST_002501,Control,39.25,35.78,42.42,31.69,low,North,Mobile,Premium,2,1
CUST_002502,Control,61.85,70.84,63.44,79.14,medium,South,Tablet,Premium,3,1
CUST_002503,Control,66.29,62.58,62.25,57.97,medium,North,Mobile,Premium,37,0
CUST_002504,Treatment,17.32,9.67,22.4,39.51,medium,North,Mobile,Basic,38,0
CUST_002505,Control,75.94,88.44,113.55,97.68,low,West,Desktop,Enterprise,1,1
CUST_002506,Treatment,21.18,5.82,29.31,54.73,medium,East,Desktop,Basic,5,1
CUST_002507,Treatment,185.1,182.65,196.14,208.01,medium,North,Mobile,Enterprise,14,0
CUST_002508,Control,21.59,24.05,24.48,29.7,medium,South,Desktop,Basic,3,1
CUST_002509,Treatment,70.11,78.87,82.13,88.42,medium,East,Mobile,Premium,14,0
CUST_002510,Control,40.11,36.53,36.08,47.78,medium,South,Tablet,Basic,34,0
CUST_002511,Control,60.04,58.12,44.95,52.27,low,East,Mobile,Premium,8,0
CUST_002512,Control,249.32,244.46,250.91,268.28,high,South,Desktop,Enterprise,9,0
CUST_002513,Treatment,0.0,1.25,12.44,27.88,medium,East,Tablet,Basic,20,0
CUST_002514,Control,72.53,67.09,67.7,55.7,low,North,Desktop,Premium,4,1
CUST_002515,Control,55.11,74.8,54.66,76.42,high,South,Mobile,Premium,21,0
CUST_002516,Control,39.14,26.04,51.7,40.53,medium,East,Desktop,Basic,3,1
CUST_002517,Treatment,18.17,17.19,20.21,29.19,medium,East,Mobile,Basic,14,0
CUST_002518,Treatment,14.37,14.27,11.22,26.02,low,East,Desktop,Basic,20,0
CUST_002519,Treatment,30.54,15.65,27.17,18.76,low,North,Mobile,Basic,1,1
CUST_002520,Control,19.46,15.12,39.47,20.78,low,South,Desktop,Basic,9,0
CUST_002521,Treatment,20.9,15.89,4.68,28.96,low,West,Desktop,Basic,7,0
CUST_002522,Treatment,24.85,31.33,23.62,26.77,low,South,Mobile,Basic,14,0
CUST_002523,Treatment,44.99,46.24,59.5,51.64,medium,South,Mobile,Basic,13,0
CUST_002524,Treatment,72.55,76.8,55.34,82.46,medium,South,Tablet,Premium,2,1
CUST_002525,Treatment,41.15,44.23,42.23,45.39,medium,North,Desktop,Basic,3,1
CUST_002526,Control,30.87,38.16,48.06,63.43,medium,East,Mobile,Premium,1,1
CUST_002527,Control,86.75,97.26,94.52,100.11,medium,South,Desktop,Enterprise,3,1
CUST_002528,Treatment,37.0,37.42,36.58,36.13,medium,East,Mobile,Basic,4,1
CUST_002529,Treatment,114.71,99.45,111.35,110.72,medium,South,Mobile,Premium,1,1
CUST_002530,Control,40.01,33.58,24.91,36.23,high,East,Desktop,Basic,3,1
CUST_002531,Control,111.64,100.93,111.54,114.75,high,South,Mobile,Enterprise,1,1
CUST_002532,Treatment,50.17,37.51,37.19,43.86,medium,East,Mobile,Basic,5,1
CUST_002533,Control,24.87,26.81,14.84,28.49,medium,West,Mobile,Basic,25,0
CUST_002534,Treatment,78.92,87.8,73.91,87.08,low,East,Desktop,Premium,1,1
CUST_002535,Control,93.06,101.52,109.7,110.7,high,West,Mobile,Premium,16,0
CUST_002536,Treatment,62.68,63.92,51.98,59.98,medium,South,Mobile,Premium,18,0
CUST_002537,Treatment,43.97,55.93,50.37,44.36,low,East,Mobile,Premium,16,0
CUST_002538,Control,40.7,51.67,38.45,55.83,medium,East,Desktop,Basic,1,1
CUST_002539,Treatment,87.46,94.09,97.21,86.97,medium,South,Desktop,Premium,2,1
CUST_002540,Treatment,67.86,83.75,65.32,78.37,medium,South,Desktop,Premium,27,0
CUST_002541,Treatment,67.2,44.36,60.8,57.14,medium,West,Mobile,Basic,1,1
CUST_002542,Control,64.18,67.6,75.68,80.21,medium,West,Tablet,Premium,9,0
CUST_002543,Treatment,39.95,47.91,47.9,48.13,low,North,Tablet,Enterprise,12,0
CUST_002544,Control,50.54,56.72,52.35,68.3,high,East,Mobile,Basic,21,0
CUST_002545,Treatment,63.17,64.55,69.32,80.72,low,South,Mobile,Premium,20,0
CUST_002546,Control,96.47,79.78,85.43,88.55,low,West,Tablet,Enterprise,13,0
CUST_002547,Treatment,132.93,129.39,145.12,166.3,high,North,Mobile,Enterprise,25,0
CUST_002548,Treatment,12.1,12.64,24.24,16.7,low,South,Desktop,Basic,20,0
CUST_002549,Treatment,77.89,65.34,73.27,87.59,high,West,Desktop,Premium,16,0
CUST_002550,Treatment,40.21,33.74,47.85,30.74,low,West,Mobile,Premium,6,0
CUST_002551,Treatment,65.6,63.32,59.1,58.65,low,South,Desktop,Premium,26,0
CUST_002552,Treatment,35.63,33.77,23.52,30.16,low,East,Mobile,Premium,1,1
CUST_002553,Control,319.63,303.13,321.4,337.18,high,West,Mobile,Enterprise,1,1
CUST_002554,Control,64.05,77.63,98.63,76.87,medium,East,Tablet,Premium,26,0
CUST_002555,Control,72.64,84.89,62.75,88.81,medium,East,Mobile,Premium,15,0
CUST_002556,Control,24.93,26.33,39.73,31.82,medium,East,Desktop,Basic,8,0
CUST_002557,Control,94.99,77.92,84.5,94.63,medium,East,Desktop,Premium,24,0
CUST_002558,Control,55.3,43.03,62.52,29.96,low,East,Tablet,Enterprise,5,1
CUST_002559,Control,138.63,137.93,140.56,153.2,medium,South,Desktop,Enterprise,18,0
CUST_002560,Control,31.65,24.55,29.75,21.79,medium,East,Desktop,Basic,12,0
CUST_002561,Treatment,65.44,82.1,77.61,92.84,medium,North,Desktop,Premium,4,1
CUST_002562,Control,27.25,28.01,35.54,43.92,medium,North,Desktop,Basic,1,1
CUST_002563,Control,15.46,23.69,23.4,18.74,low,North,Mobile,Basic,9,0
CUST_002564,Control,33.21,29.38,34.36,38.54,medium,East,Desktop,Basic,14,0
CUST_002565,Control,48.51,52.62,48.39,49.73,medium,East,Desktop,Premium,22,0
CUST_002566,Control,71.91,53.6,69.4,65.67,high,East,Desktop,Premium,4,1
CUST_002567,Control,18.29,30.13,12.31,25.64,medium,East,Desktop,Basic,9,0
CUST_002568,Control,117.98,140.38,128.84,137.15,medium,East,Desktop,Enterprise,13,0
CUST_002569,Control,81.46,88.96,100.84,92.46,medium,South,Mobile,Premium,7,0
CUST_002570,Treatment,36.97,34.73,35.38,28.55,high,East,Mobile,Basic,31,0
CUST_002571,Control,110.3,78.59,100.68,103.67,high,West,Desktop,Premium,12,0
CUST_002572,Treatment,0.0,16.54,7.45,21.46,low,South,Desktop,Basic,10,0
CUST_002573,Control,37.38,15.24,39.11,25.71,medium,South,Tablet,Basic,37,0
CUST_002574,Control,23.06,22.37,14.18,6.05,medium,North,Tablet,Basic,36,0
CUST_002575,Control,28.35,26.99,32.78,41.19,medium,East,Mobile,Basic,4,1
CUST_002576,Control,52.16,35.51,50.09,45.57,high,East,Mobile,Basic,9,0
CUST_002577,Treatment,51.81,66.98,51.4,56.61,low,North,Mobile,Premium,32,0
CUST_002578,Control,14.85,16.03,6.11,26.02,low,South,Desktop,Basic,10,0
CUST_002579,Treatment,72.19,87.96,89.39,78.92,medium,East,Mobile,Premium,24,0
CUST_002580,Control,39.68,35.39,51.33,52.05,medium,East,Mobile,Premium,10,0
CUST_002581,Control,78.48,87.96,81.48,71.26,low,North,Mobile,Enterprise,1,1
CUST_002582,Treatment,51.02,48.48,32.02,65.53,low,North,Desktop,Premium,25,0
CUST_002583,Control,43.52,40.56,45.32,46.98,high,West,Mobile,Basic,1,1
CUST_002584,Control,33.31,25.81,41.14,40.51,medium,South,Desktop,Basic,33,0
CUST_002585,Control,40.38,46.54,55.34,58.33,medium,South,Mobile,Basic,1,1
CUST_002586,Control,22.69,55.54,23.91,44.99,high,North,Desktop,Basic,43,0
CUST_002587,Treatment,39.72,48.63,54.01,30.24,low,North,Desktop,Premium,14,0
CUST_002588,Control,46.8,47.49,55.8,68.73,high,North,Mobile,Premium,15,0
CUST_002589,Treatment,20.84,31.67,14.95,34.29,medium,West,Desktop,Basic,4,1
CUST_002590,Control,35.27,34.86,37.53,21.45,low,North,Mobile,Premium,13,0
CUST_002591,Control,56.22,45.6,51.41,49.04,medium,North,Tablet,Premium,8,0
CUST_002592,Control,22.95,20.3,35.1,19.82,medium,North,Desktop,Basic,15,0
CUST_002593,Treatment,38.67,50.48,61.93,68.97,medium,West,Tablet,Premium,4,1
CUST_002594,Treatment,114.16,122.24,119.39,140.38,low,North,Mobile,Enterprise,19,0
CUST_002595,Control,13.34,23.97,52.69,26.42,medium,West,Mobile,Basic,1,1
CUST_002596,Control,78.38,92.89,100.1,94.96,medium,North,Desktop,Enterprise,19,0
CUST_002597,Treatment,18.76,32.12,18.6,40.07,medium,North,Desktop,Basic,20,0
CUST_002598,Control,74.35,86.92,94.39,89.57,high,South,Mobile,Premium,9,0
CUST_002599,Treatment,86.91,89.92,99.51,108.05,low,North,Desktop,Enterprise,16,0
CUST_002600,Control,114.76,108.51,119.08,113.46,medium,South,Desktop,Enterprise,7,0
CUST_002601,Control,283.28,282.63,291.41,328.05,medium,West,Desktop,Enterprise,1,1
CUST_002602,Control,56.99,53.41,56.38,62.77,medium,North,Mobile,Premium,32,0
CUST_002603,Treatment,43.62,45.65,24.19,44.88,high,West,Mobile,Basic,5,1
CUST_002604,Control,88.91,88.23,91.98,94.98,low,South,Desktop,Enterprise,1,1
CUST_002605,Treatment,28.19,27.87,30.06,26.84,medium,North,Mobile,Basic,16,0
CUST_002606,Control,57.09,60.55,56.5,73.28,high,East,Mobile,Basic,5,1
CUST_002607,Control,27.32,34.8,30.79,33.14,medium,North,Desktop,Basic,12,0
CUST_002608,Control,33.71,47.47,19.37,29.18,medium,North,Mobile,Basic,2,1
CUST_002609,Control,25.77,24.39,37.6,29.15,low,West,Desktop,Basic,23,0
CUST_002610,Control,240.29,230.15,241.55,236.5,high,West,Desktop,Enterprise,11,0
CUST_002611,Control,23.8,22.62,40.37,35.38,medium,East,Desktop,Basic,42,0
CUST_002612,Treatment,29.15,22.01,22.73,33.9,low,South,Mobile,Basic,14,0
CUST_002613,Control,69.86,78.25,76.16,85.74,high,West,Mobile,Premium,19,0
CUST_002614,Treatment,136.96,114.72,126.25,149.88,high,East,Mobile,Premium,22,0
CUST_002615,Treatment,90.7,90.6,89.21,104.99,medium,South,Desktop,Premium,2,1
CUST_002616,Control,36.18,36.51,41.59,44.91,medium,South,Mobile,Premium,32,0
CUST_002617,Treatment,27.83,12.39,19.58,21.59,low,South,Mobile,Basic,4,1
CUST_002618,Control,15.07,0.0,11.32,42.4,low,West,Desktop,Basic,3,1
CUST_002619,Treatment,41.96,37.16,37.06,51.06,high,North,Mobile,Basic,21,0
CUST_002620,Treatment,54.65,50.66,47.43,53.14,high,West,Mobile,Basic,28,0
CUST_002621,Control,109.36,106.46,116.82,108.21,medium,West,Mobile,Enterprise,28,0
CUST_002622,Treatment,46.43,58.18,67.22,70.26,medium,East,Desktop,Premium,7,0
CUST_002623,Control,43.06,48.07,61.29,55.93,medium,North,Desktop,Basic,14,0
CUST_002624,Treatment,47.12,42.56,36.44,33.16,medium,West,Tablet,Premium,2,1
CUST_002625,Treatment,25.72,19.19,24.67,31.05,medium,West,Mobile,Basic,9,0
CUST_002626,Control,38.19,60.26,53.95,46.51,low,East,Desktop,Premium,15,0
CUST_002627,Treatment,19.9,34.96,14.41,22.87,low,East,Mobile,Premium,5,1
CUST_002628,Treatment,98.6,106.01,103.53,106.59,medium,East,Mobile,Enterprise,13,0
CUST_002629,Treatment,28.14,24.73,38.84,37.33,low,East,Desktop,Premium,11,0
CUST_002630,Control,35.47,46.72,48.69,51.97,medium,East,Desktop,Premium,5,1
CUST_002631,Control,33.05,36.77,17.0,23.19,high,South,Mobile,Basic,5,1
CUST_002632,Control,33.19,39.65,28.46,32.95,low,East,Desktop,Premium,6,0
CUST_002633,Treatment,61.68,43.34,60.25,41.2,medium,West,Desktop,Premium,8,0
CUST_002634,Control,3.71,20.24,19.38,19.33,low,East,Mobile,Basic,51,0
CUST_002635,Control,82.87,94.35,79.96,103.7,medium,North,Mobile,Premium,1,1
CUST_002636,Control,20.59,26.71,40.81,41.13,low,North,Mobile,Premium,2,1
CUST_002637,Treatment,33.46,39.65,49.96,56.74,medium,West,Desktop,Basic,6,0
CUST_002638,Treatment,17.11,35.58,31.38,50.28,medium,South,Desktop,Basic,44,0
CUST_002639,Treatment,66.66,49.42,63.11,77.52,high,East,Desktop,Premium,18,0
CUST_002640,Treatment,40.11,32.81,31.03,43.91,high,East,Mobile,Basic,8,0
CUST_002641,Treatment,8.79,22.93,14.7,21.05,low,East,Desktop,Basic,7,0
CUST_002642,Control,67.1,72.91,76.7,81.45,medium,West,Mobile,Premium,1,1
CUST_002643,Control,73.06,76.66,81.66,78.13,medium,East,Tablet,Premium,1,1
CUST_002644,Treatment,16.31,31.48,35.91,35.18,medium,North,Desktop,Basic,19,0
CUST_002645,Treatment,44.33,39.42,49.52,55.09,low,East,Desktop,Premium,3,1
CUST_002646,Control,54.45,64.03,45.03,63.19,medium,West,Tablet,Premium,10,0
CUST_002647,Treatment,44.06,48.95,47.41,73.81,high,East,Mobile,Basic,8,0
CUST_002648,Treatment,143.26,135.51,130.88,160.17,high,North,Desktop,Premium,37,0
CUST_002649,Control,102.16,91.47,93.19,111.75,low,North,Desktop,Enterprise,14,0
CUST_002650,Control,43.65,57.64,49.96,47.83,medium,North,Desktop,Premium,6,0
CUST_002651,Treatment,12.54,21.43,1.29,20.9,low,West,Mobile,Basic,4,1
CUST_002652,Treatment,26.34,14.69,9.65,19.81,medium,North,Desktop,Basic,60,0
CUST_002653,Treatment,92.18,68.18,103.54,109.1,low,West,Desktop,Enterprise,1,1
CUST_002654,Treatment,33.35,40.63,36.54,63.64,low,West,Desktop,Premium,14,0
CUST_002655,Treatment,48.45,55.53,47.43,58.7,medium,North,Desktop,Basic,17,0
CUST_002656,Treatment,53.37,54.23,54.59,60.5,medium,East,Mobile,Premium,14,0
CUST_002657,Control,46.29,62.02,47.65,66.13,medium,East,Desktop,Premium,1,1
CUST_002658,Treatment,68.0,73.95,65.88,74.7,high,South,Desktop,Basic,11,0
CUST_002659,Treatment,235.04,235.25,245.16,242.71,medium,South,Tablet,Enterprise,1,1
CUST_002660,Control,18.85,30.71,30.22,40.88,low,East,Tablet,Basic,11,0
CUST_002661,Control,25.26,30.32,44.36,35.15,medium,East,Desktop,Basic,23,0
CUST_002662,Treatment,101.33,101.66,114.76,120.47,high,West,Desktop,Premium,8,0
CUST_002663,Control,51.22,50.81,58.9,53.92,high,East,Tablet,Basic,24,0
CUST_002664,Control,189.7,185.18,194.16,217.35,high,East,Tablet,Enterprise,7,0
CUST_002665,Control,29.71,28.85,40.36,45.54,low,South,Mobile,Premium,6,0
CUST_002666,Control,64.98,68.42,74.84,57.32,medium,East,Desktop,Premium,1,1
CUST_002667,Control,21.17,44.03,42.44,32.34,high,West,Mobile,Basic,1,1
CUST_002668,Control,103.99,103.42,101.14,112.62,high,North,Tablet,Premium,9,0
CUST_002669,Treatment,145.06,162.58,162.59,193.1,high,West,Mobile,Enterprise,4,1
CUST_002670,Treatment,200.28,208.31,227.41,223.52,medium,South,Desktop,Enterprise,13,0
CUST_002671,Treatment,31.98,37.31,48.57,53.59,low,North,Desktop,Premium,8,0
CUST_002672,Control,26.71,32.04,35.13,33.5,medium,East,Mobile,Basic,41,0
CUST_002673,Control,62.78,70.78,66.74,77.21,low,West,Tablet,Premium,20,0
CUST_002674,Treatment,26.95,31.52,26.51,29.63,low,East,Desktop,Basic,37,0
CUST_002675,Treatment,243.97,252.53,243.91,315.12,high,East,Mobile,Enterprise,42,0
CUST_002676,Control,37.92,28.85,36.43,47.44,low,South,Desktop,Premium,11,0
CUST_002677,Treatment,127.6,127.53,132.98,156.02,high,South,Mobile,Premium,9,0
CUST_002678,Control,40.12,50.45,52.14,62.8,medium,East,Tablet,Premium,7,0
CUST_002679,Control,47.57,71.74,61.47,66.58,high,East,Mobile,Basic,13,0
CUST_002680,Control,106.19,103.99,125.49,128.69,medium,North,Desktop,Enterprise,1,1
CUST_002681,Treatment,78.2,88.52,86.66,109.58,high,West,Mobile,Premium,10,0
CUST_002682,Control,210.09,217.12,237.7,237.5,medium,West,Mobile,Enterprise,6,0
CUST_002683,Treatment,43.6,56.09,51.44,58.38,high,East,Desktop,Basic,7,0
CUST_002684,Treatment,29.74,37.22,37.15,31.96,low,South,Mobile,Premium,17,0
CUST_002685,Control,23.5,19.51,25.82,30.98,medium,North,Desktop,Basic,19,0
CUST_002686,Control,78.38,56.27,72.33,55.33,low,South,Mobile,Premium,4,1
CUST_002687,Control,46.94,59.28,45.0,51.13,medium,West,Mobile,Premium,3,1
CUST_002688,Treatment,24.7,10.98,17.56,11.51,medium,East,Mobile,Basic,6,0
CUST_002689,Control,25.91,29.23,34.89,29.24,low,East,Mobile,Basic,15,0
CUST_002690,Treatment,27.53,18.39,40.31,10.11,medium,South,Mobile,Basic,7,0
CUST_002691,Treatment,25.59,30.17,17.04,17.15,low,South,Mobile,Basic,1,1
CUST_002692,Control,154.43,154.99,179.63,179.75,high,East,Mobile,Enterprise,2,1
CUST_002693,Treatment,68.61,70.0,80.16,70.26,medium,East,Tablet,Premium,26,0
CUST_002694,Treatment,41.24,39.43,33.48,24.0,medium,North,Desktop,Basic,6,0
CUST_002695,Control,189.99,179.27,175.52,197.85,medium,North,Mobile,Enterprise,2,1
CUST_002696,Treatment,65.09,79.14,77.5,71.52,medium,North,Mobile,Premium,2,1
CUST_002697,Control,21.26,6.96,25.91,22.96,medium,North,Mobile,Basic,11,0
CUST_002698,Control,64.95,74.82,62.6,73.59,medium,North,Mobile,Premium,2,1
CUST_002699,Treatment,52.55,45.95,31.34,60.04,high,South,Desktop,Basic,1,1
CUST_002700,Control,68.25,56.46,72.52,71.24,medium,West,Mobile,Premium,8,0
CUST_002701,Control,52.98,69.62,59.21,55.17,low,East,Tablet,Premium,4,1
CUST_002702,Treatment,26.66,27.48,26.72,30.11,high,South,Desktop,Basic,31,0
CUST_002703,Control,33.21,26.11,6.61,15.17,medium,South,Desktop,Basic,4,1
CUST_002704,Treatment,25.71,26.62,10.27,30.49,low,South,Tablet,Premium,23,0
CUST_002705,Control,39.28,29.64,43.36,32.21,low,West,Mobile,Basic,4,1
CUST_002706,Control,7.73,19.01,15.28,0.21,low,East,Tablet,Basic,5,1
CUST_002707,Control,52.11,66.35,63.31,57.77,medium,North,Desktop,Basic,27,0
CUST_002708,Treatment,68.84,60.76,65.33,83.05,high,West,Desktop,Basic,6,0
CUST_002709,Control,41.17,37.72,32.86,51.4,low,West,Tablet,Basic,11,0
CUST_002710,Control,44.05,48.89,57.74,62.65,medium,North,Desktop,Premium,8,0
CUST_002711,Control,50.29,46.24,35.45,45.44,high,East,Desktop,Basic,32,0
CUST_002712,Control,52.58,51.43,42.82,53.5,low,North,Desktop,Premium,7,0
CUST_002713,Control,40.72,34.28,43.88,35.92,low,North,Tablet,Basic,16,0
CUST_002714,Control,28.43,30.26,26.69,17.13,medium,North,Mobile,Basic,1,1
CUST_002715,Control,91.0,71.95,100.39,91.66,medium,West,Tablet,Premium,22,0
CUST_002716,Control,40.55,29.66,50.14,38.39,high,East,Tablet,Basic,2,1
CUST_002717,Treatment,256.88,265.74,271.96,292.67,high,West,Mobile,Enterprise,3,1
CUST_002718,Control,12.1,32.71,32.53,15.54,low,West,Desktop,Basic,1,1
CUST_002719,Control,19.29,28.32,30.17,23.48,medium,East,Desktop,Basic,2,1
CUST_002720,Treatment,21.0,5.91,15.91,32.91,low,West,Desktop,Basic,28,0
CUST_002721,Control,138.98,155.25,153.63,152.52,medium,North,Desktop,Enterprise,16,0
CUST_002722,Treatment,77.24,80.68,76.44,84.4,high,East,Tablet,Basic,9,0
CUST_002723,Treatment,20.89,25.02,10.9,21.36,medium,South,Desktop,Basic,7,0
CUST_002724,Control,71.29,82.29,71.31,76.51,high,East,Desktop,Premium,11,0
CUST_002725,Treatment,8.79,18.28,32.53,25.31,low,South,Mobile,Basic,23,0
CUST_002726,Treatment,23.61,20.97,9.53,24.16,low,North,Desktop,Basic,6,0
CUST_002727,Treatment,18.87,14.24,24.34,13.17,low,North,Mobile,Basic,21,0
CUST_002728,Treatment,60.55,57.4,56.87,68.32,high,East,Desktop,Basic,5,1
CUST_002729,Treatment,49.79,37.42,55.66,58.18,medium,East,Desktop,Premium,28,0
CUST_002730,Control,88.11,77.96,76.3,90.49,medium,South,Mobile,Premium,4,1
CUST_002731,Treatment,209.09,230.85,217.53,251.67,medium,South,Mobile,Enterprise,19,0
CUST_002732,Treatment,2.63,7.96,21.02,31.51,low,East,Desktop,Basic,27,0
CUST_002733,Control,44.12,35.07,36.35,40.04,high,East,Mobile,Basic,28,0
CUST_002734,Treatment,122.74,116.67,128.88,134.92,high,West,Desktop,Premium,7,0
CUST_002735,Control,26.12,16.29,19.76,20.46,low,North,Mobile,Basic,2,1
CUST_002736,Treatment,43.99,45.67,41.52,44.39,low,East,Desktop,Premium,22,0
CUST_002737,Treatment,170.32,178.79,175.24,201.26,medium,North,Desktop,Enterprise,18,0
CUST_002738,Treatment,22.17,18.5,22.38,5.66,low,East,Desktop,Basic,8,0
CUST_002739,Treatment,24.63,31.48,20.78,22.17,low,West,Mobile,Basic,1,1
CUST_002740,Control,46.37,48.85,53.74,63.81,high,North,Desktop,Basic,17,0
CUST_002741,Control,34.05,34.56,23.96,30.49,medium,West,Desktop,Premium,11,0
CUST_002742,Control,30.76,40.21,27.71,32.92,low,North,Desktop,Premium,1,1
CUST_002743,Control,90.16,82.71,80.93,93.79,medium,South,Mobile,Premium,2,1
CUST_002744,Control,23.8,19.03,13.09,26.11,low,East,Desktop,Basic,2,1
CUST_002745,Treatment,47.7,55.63,50.6,53.98,low,West,Tablet,Premium,31,0
CUST_002746,Treatment,26.32,22.32,17.71,21.46,low,East,Desktop,Basic,2,1
CUST_002747,Control,20.16,28.87,29.74,20.3,medium,North,Desktop,Basic,6,0
CUST_002748,Treatment,43.21,29.68,42.85,36.6,medium,South,Desktop,Basic,2,1
CUST_002749,Control,21.65,30.69,31.12,26.4,low,East,Desktop,Basic,3,1
CUST_002750,Control,66.07,66.08,71.37,71.63,high,West,Mobile,Premium,8,0
CUST_002751,Treatment,52.54,65.11,50.05,75.63,medium,South,Desktop,Premium,7,0
CUST_002752,Control,153.59,149.28,139.27,152.05,medium,North,Desktop,Enterprise,20,0
CUST_002753,Treatment,41.51,35.65,37.79,36.26,low,West,Desktop,Premium,10,0
CUST_002754,Treatment,10.6,17.07,22.86,26.84,low,South,Mobile,Basic,15,0
CUST_002755,Treatment,29.19,20.3,26.03,6.67,low,West,Tablet,Premium,9,0
CUST_002756,Treatment,13.03,20.41,8.99,9.39,low,West,Mobile,Basic,7,0
CUST_002757,Treatment,53.2,45.97,61.87,61.0,low,South,Mobile,Premium,3,1
CUST_002758,Control,61.09,76.47,72.71,82.33,medium,South,Desktop,Premium,2,1
CUST_002759,Control,19.17,20.02,31.24,35.95,low,North,Mobile,Basic,9,0
CUST_002760,Treatment,21.64,27.47,33.06,27.13,low,West,Desktop,Basic,13,0
CUST_002761,Treatment,32.65,29.31,28.6,35.68,medium,West,Desktop,Basic,22,0
CUST_002762,Control,96.03,100.51,78.5,100.75,high,East,Mobile,Premium,2,1
CUST_002763,Treatment,138.11,128.12,133.03,180.38,high,North,Desktop,Premium,1,1
CUST_002764,Control,43.67,51.37,35.73,46.69,medium,North,Desktop,Basic,9,0
CUST_002765,Treatment,51.5,66.73,65.37,74.98,medium,West,Desktop,Basic,23,0
CUST_002766,Control,54.6,53.48,62.56,72.14,high,West,Mobile,Basic,36,0
CUST_002767,Treatment,82.09,78.7,94.67,97.37,medium,West,Mobile,Premium,20,0
CUST_002768,Treatment,42.72,48.19,50.42,49.6,low,East,Mobile,Basic,2,1
CUST_002769,Treatment,46.59,41.55,57.51,31.48,high,East,Desktop,Basic,3,1
CUST_002770,Treatment,7.09,20.43,12.76,22.92,low,North,Mobile,Basic,26,0
CUST_002771,Control,9.14,26.65,25.81,21.49,medium,East,Desktop,Basic,1,1
CUST_002772,Treatment,5.65,11.49,27.17,24.64,low,East,Mobile,Basic,21,0
CUST_002773,Control,71.01,80.37,80.63,80.48,high,East,Mobile,Premium,54,0
CUST_002774,Control,64.6,80.5,71.1,60.8,medium,East,Mobile,Premium,17,0
CUST_002775,Control,63.35,82.94,64.28,77.7,high,East,Mobile,Premium,1,1
CUST_002776,Treatment,32.41,53.47,38.03,26.67,medium,West,Mobile,Basic,7,0
CUST_002777,Treatment,55.73,60.09,72.58,72.38,medium,South,Mobile,Premium,19,0
CUST_002778,Control,40.34,42.59,45.71,44.74,low,West,Desktop,Premium,22,0
CUST_002779,Control,84.17,81.12,86.84,73.5,high,North,Desktop,Premium,1,1
CUST_002780,Control,20.8,26.55,26.5,16.62,low,East,Desktop,Premium,10,0
CUST_002781,Control,61.84,72.19,69.0,71.13,medium,South,Desktop,Premium,15,0
CUST_002782,Control,111.07,132.19,129.53,124.53,medium,North,Desktop,Enterprise,18,0
CUST_002783,Control,31.82,25.04,26.01,30.21,low,North,Desktop,Basic,1,1
CUST_002784,Control,235.43,228.06,246.25,244.88,medium,East,Desktop,Enterprise,28,0
CUST_002785,Treatment,51.21,47.8,45.22,42.71,medium,West,Mobile,Premium,20,0
CUST_002786,Treatment,121.61,142.65,141.58,154.6,medium,East,Tablet,Enterprise,41,0
CUST_002787,Treatment,20.11,10.03,37.18,21.72,medium,North,Desktop,Basic,18,0
CUST_002788,Treatment,166.64,159.65,174.59,186.63,medium,East,Desktop,Enterprise,11,0
CUST_002789,Control,75.8,86.62,78.28,103.01,low,East,Desktop,Enterprise,13,0
CUST_002790,Treatment,73.61,72.47,71.88,83.6,medium,North,Desktop,Premium,5,1
CUST_002791,Treatment,70.09,84.04,77.56,85.8,low,East,Tablet,Enterprise,12,0
CUST_002792,Control,42.64,39.67,45.35,41.12,medium,West,Desktop,Premium,9,0
CUST_002793,Treatment,44.12,34.33,46.03,43.93,high,West,Mobile,Basic,1,1
CUST_002794,Treatment,67.17,64.78,68.47,75.98,medium,North,Mobile,Premium,13,0
CUST_002795,Treatment,100.19,91.05,106.0,118.66,medium,North,Mobile,Premium,2,1
CUST_002796,Treatment,53.24,43.44,45.38,57.19,low,North,Desktop,Premium,6,0
CUST_002797,Treatment,81.42,64.78,59.8,71.58,medium,West,Mobile,Premium,2,1
CUST_002798,Treatment,13.43,34.22,39.14,42.4,medium,West,Desktop,Basic,6,0
CUST_002799,Control,29.58,50.53,28.75,40.59,low,North,Desktop,Premium,30,0
CUST_002800,Control,56.05,69.91,64.06,48.67,low,North,Tablet,Enterprise,2,1
CUST_002801,Treatment,12.38,6.64,17.64,5.16,low,West,Mobile,Basic,7,0
CUST_002802,Control,72.55,99.95,86.98,93.56,high,North,Desktop,Premium,24,0
CUST_002803,Treatment,24.64,10.08,22.28,14.12,low,East,Mobile,Basic,6,0
CUST_002804,Control,64.77,93.39,82.64,78.62,high,North,Desktop,Premium,19,0
CUST_002805,Control,89.48,79.2,93.17,86.02,high,South,Mobile,Premium,26,0
CUST_002806,Treatment,75.56,63.34,56.26,63.65,low,East,Mobile,Premium,8,0
CUST_002807,Control,29.55,29.25,45.94,32.91,medium,East,Desktop,Basic,40,0
CUST_002808,Control,38.42,52.27,35.82,42.65,low,North,Mobile,Premium,11,0
CUST_002809,Treatment,42.69,34.33,27.45,49.76,high,South,Mobile,Basic,1,1
CUST_002810,Treatment,20.09,22.21,19.44,22.88,low,South,Desktop,Basic,1,1
CUST_002811,Treatment,23.81,10.63,20.06,12.51,medium,West,Mobile,Basic,18,0
CUST_002812,Treatment,49.95,54.33,76.41,67.22,medium,West,Desktop,Premium,19,0
CUST_002813,Control,33.71,27.0,35.16,21.59,low,East,Mobile,Basic,7,0
CUST_002814,Control,43.11,47.6,48.87,53.36,high,West,Mobile,Basic,1,1
CUST_002815,Treatment,22.9,31.12,19.6,18.6,high,North,Desktop,Basic,60,0
CUST_002816,Control,58.58,71.13,53.15,66.67,low,East,Mobile,Premium,4,1
CUST_002817,Control,33.2,35.55,25.35,38.4,medium,West,Mobile,Basic,17,0
CUST_002818,Control,161.2,168.34,172.88,172.04,high,North,Mobile,Premium,11,0
CUST_002819,Treatment,167.79,173.5,168.4,200.85,high,East,Desktop,Enterprise,1,1
CUST_002820,Control,24.74,41.42,49.18,35.22,high,South,Desktop,Basic,40,0
CUST_002821,Treatment,38.83,32.86,48.82,45.33,low,North,Desktop,Basic,11,0
CUST_002822,Treatment,146.35,133.04,137.01,153.39,medium,North,Desktop,Enterprise,5,1
CUST_002823,Treatment,45.66,30.12,42.37,42.16,medium,North,Mobile,Premium,1,1
CUST_002824,Control,57.77,53.42,44.59,49.73,medium,East,Desktop,Premium,21,0
CUST_002825,Treatment,23.12,8.15,17.64,18.73,medium,North,Mobile,Basic,29,0
CUST_002826,Treatment,94.86,101.82,95.3,100.33,high,West,Desktop,Enterprise,15,0
CUST_002827,Control,21.02,4.74,27.16,23.32,medium,East,Desktop,Basic,43,0
CUST_002828,Control,15.42,24.09,30.58,14.93,low,North,Mobile,Basic,4,1
CUST_002829,Treatment,10.33,14.95,14.86,9.18,medium,North,Mobile,Basic,31,0
CUST_002830,Treatment,35.12,17.17,22.47,29.64,low,North,Desktop,Basic,3,1
CUST_002831,Control,20.95,30.47,24.99,28.95,low,South,Mobile,Basic,18,0
CUST_002832,Treatment,51.4,56.65,52.97,65.48,medium,East,Desktop,Premium,23,0
CUST_002833,Control,24.58,25.92,18.09,20.14,medium,North,Desktop,Basic,3,1
CUST_002834,Treatment,55.7,48.58,54.36,46.16,medium,North,Mobile,Premium,6,0
CUST_002835,Treatment,23.31,31.17,12.75,25.64,high,West,Desktop,Basic,1,1
CUST_002836,Control,10.25,21.55,28.63,31.6,low,West,Mobile,Basic,1,1
CUST_002837,Treatment,42.66,50.47,42.91,63.52,medium,South,Desktop,Premium,10,0
CUST_002838,Control,83.65,76.73,78.61,84.5,medium,North,Desktop,Premium,8,0
CUST_002839,Control,36.12,29.55,53.97,40.01,low,East,Desktop,Basic,60,0
CUST_002840,Treatment,31.06,27.92,18.67,30.47,medium,East,Mobile,Basic,30,0
CUST_002841,Control,97.44,103.31,100.35,109.42,medium,South,Mobile,Premium,29,0
CUST_002842,Control,33.93,30.18,17.97,22.38,low,East,Mobile,Basic,10,0
CUST_002843,Control,50.37,56.68,55.27,59.51,high,West,Desktop,Basic,1,1
CUST_002844,Control,154.35,152.03,160.63,167.08,medium,East,Mobile,Enterprise,9,0
CUST_002845,Control,62.37,61.21,72.47,71.34,low,South,Mobile,Enterprise,55,0
CUST_002846,Control,105.57,100.14,111.51,115.75,high,East,Tablet,Premium,16,0
CUST_002847,Treatment,17.63,16.29,25.35,24.81,low,West,Desktop,Basic,16,0
CUST_002848,Control,40.37,68.24,61.14,47.69,low,North,Desktop,Premium,1,1
CUST_002849,Control,41.93,54.59,34.26,32.25,low,West,Mobile,Basic,9,0
CUST_002850,Treatment,68.78,65.64,72.22,86.45,low,East,Mobile,Premium,7,0
CUST_002851,Control,115.41,104.35,111.48,118.45,high,East,Mobile,Premium,2,1
CUST_002852,Treatment,50.45,55.66,60.05,57.8,low,East,Desktop,Basic,1,1
CUST_002853,Treatment,61.13,58.96,62.32,64.62,low,South,Desktop,Enterprise,9,0
CUST_002854,Control,72.94,56.79,55.1,69.62,medium,North,Mobile,Premium,52,0
CUST_002855,Control,20.13,35.75,15.29,27.22,medium,East,Mobile,Basic,4,1
CUST_002856,Treatment,19.95,29.61,36.45,30.38,low,West,Mobile,Premium,6,0
CUST_002857,Treatment,35.99,31.96,46.91,43.89,low,South,Desktop,Basic,6,0
CUST_002858,Control,61.3,77.31,68.63,73.16,medium,West,Desktop,Basic,12,0
CUST_002859,Control,33.57,25.69,28.96,36.43,medium,East,Mobile,Basic,4,1
CUST_002860,Treatment,35.04,38.75,32.27,39.48,medium,West,Desktop,Basic,8,0
CUST_002861,Control,22.3,12.7,9.63,34.77,low,East,Desktop,Basic,9,0
CUST_002862,Control,26.21,28.29,32.36,17.49,low,West,Tablet,Basic,1,1
CUST_002863,Control,124.08,120.91,125.45,132.71,medium,East,Mobile,Enterprise,5,1
CUST_002864,Treatment,26.98,21.7,33.03,26.95,medium,North,Desktop,Premium,1,1
CUST_002865,Control,66.67,49.32,38.92,57.2,medium,East,Mobile,Premium,27,0
CUST_002866,Treatment,30.98,40.61,34.79,33.47,medium,East,Mobile,Basic,19,0
CUST_002867,Treatment,32.83,29.42,27.47,22.74,low,North,Desktop,Basic,35,0
CUST_002868,Control,28.06,14.47,39.26,49.69,medium,East,Desktop,Basic,1,1
CUST_002869,Control,10.82,21.73,24.77,24.48,low,East,Desktop,Basic,16,0
CUST_002870,Treatment,17.17,26.12,27.58,34.7,low,East,Desktop,Basic,1,1
CUST_002871,Control,133.91,140.01,148.46,149.52,medium,East,Mobile,Enterprise,20,0
CUST_002872,Control,25.84,17.46,19.95,23.46,low,West,Mobile,Basic,60,0
CUST_002873,Treatment,144.58,138.75,141.49,148.95,medium,North,Desktop,Enterprise,12,0
CUST_002874,Treatment,31.5,34.46,15.11,39.46,medium,East,Desktop,Basic,38,0
CUST_002875,Treatment,53.75,38.02,52.44,83.12,high,East,Mobile,Basic,47,0
CUST_002876,Treatment,12.74,19.01,24.14,31.65,medium,North,Desktop,Basic,24,0
CUST_002877,Treatment,21.23,23.05,21.29,35.97,low,East,Mobile,Basic,22,0
CUST_002878,Treatment,43.95,33.55,52.13,46.12,medium,South,Desktop,Premium,5,1
CUST_002879,Treatment,90.45,79.97,89.0,109.77,medium,East,Mobile,Enterprise,9,0
CUST_002880,Treatment,29.42,33.02,36.12,23.68,medium,North,Desktop,Basic,27,0
CUST_002881,Treatment,19.73,13.45,40.74,40.32,low,East,Desktop,Premium,26,0
CUST_002882,Treatment,129.65,132.16,140.6,148.38,high,East,Mobile,Enterprise,2,1
CUST_002883,Treatment,36.41,26.85,24.6,43.94,medium,West,Desktop,Basic,12,0
CUST_002884,Treatment,25.5,13.42,23.38,27.52,medium,South,Tablet,Basic,6,0
CUST_002885,Treatment,48.48,56.88,53.35,60.59,medium,South,Desktop,Premium,14,0
CUST_002886,Treatment,84.85,82.91,90.43,111.02,high,South,Mobile,Premium,1,1
CUST_002887,Treatment,0.0,14.86,2.25,17.61,low,West,Tablet,Basic,3,1
CUST_002888,Control,53.82,29.93,42.13,39.64,low,North,Mobile,Premium,2,1
CUST_002889,Control,18.73,27.16,27.13,31.61,medium,North,Desktop,Basic,1,1
CUST_002890,Control,42.39,39.28,38.65,44.31,low,North,Mobile,Premium,25,0
CUST_002891,Treatment,44.07,31.88,25.13,29.43,medium,East,Mobile,Basic,1,1
CUST_002892,Treatment,69.26,100.37,94.14,113.43,medium,East,Tablet,Premium,1,1
CUST_002893,Treatment,26.59,39.75,45.8,48.04,high,South,Mobile,Basic,60,0
CUST_002894,Treatment,68.85,74.38,91.17,81.25,medium,West,Mobile,Premium,4,1
CUST_002895,Control,66.99,70.55,77.54,86.71,medium,South,Desktop,Premium,6,0
CUST_002896,Treatment,37.96,40.9,31.13,39.74,medium,South,Mobile,Basic,1,1
CUST_002897,Control,66.44,79.65,82.49,64.79,medium,East,Desktop,Premium,2,1
CUST_002898,Treatment,264.5,296.18,281.95,358.58,high,East,Mobile,Enterprise,33,0
CUST_002899,Control,11.14,9.83,17.56,19.97,medium,East,Tablet,Basic,1,1
CUST_002900,Control,30.01,33.48,23.35,20.12,low,North,Mobile,Basic,9,0
CUST_002901,Control,22.64,28.04,5.4,19.42,low,West,Desktop,Basic,3,1
CUST_002902,Treatment,56.37,43.49,53.04,64.97,low,East,Desktop,Premium,7,0
CUST_002903,Treatment,37.48,30.13,34.82,44.81,high,East,Mobile,Premium,60,0
CUST_002904,Control,127.47,130.53,136.46,133.04,high,North,Desktop,Premium,42,0
CUST_002905,Control,81.7,77.2,69.24,82.53,high,East,Mobile,Premium,14,0
CUST_002906,Control,23.65,20.08,20.91,6.59,low,South,Mobile,Basic,9,0
CUST_002907,Control,37.81,47.36,49.08,61.83,low,South,Desktop,Premium,1,1
CUST_002908,Treatment,11.53,46.35,47.09,36.67,medium,North,Tablet,Basic,12,0
CUST_002909,Control,111.42,131.16,119.13,145.67,high,North,Desktop,Premium,22,0
CUST_002910,Control,101.02,79.06,91.16,89.58,low,West,Desktop,Enterprise,1,1
CUST_002911,Treatment,23.06,20.65,14.91,15.69,low,East,Desktop,Basic,7,0
CUST_002912,Treatment,157.5,154.62,161.32,187.45,high,East,Mobile,Enterprise,9,0
CUST_002913,Treatment,32.71,30.62,40.89,25.42,medium,South,Desktop,Basic,24,0
CUST_002914,Control,127.86,145.08,143.31,139.92,medium,North,Desktop,Enterprise,2,1
CUST_002915,Control,41.71,41.69,43.68,48.92,medium,East,Mobile,Basic,40,0
CUST_002916,Control,37.91,50.87,50.42,54.76,low,North,Tablet,Premium,30,0
CUST_002917,Control,42.48,39.6,32.4,39.05,high,West,Desktop,Basic,1,1
CUST_002918,Control,41.19,34.1,27.05,17.27,medium,East,Mobile,Basic,10,0
CUST_002919,Treatment,61.0,64.53,88.8,58.06,medium,West,Mobile,Premium,2,1
CUST_002920,Control,20.68,31.12,28.26,20.15,high,North,Mobile,Basic,28,0
CUST_002921,Control,24.2,35.07,25.37,36.84,high,West,Mobile,Basic,5,1
CUST_002922,Treatment,11.05,46.93,29.64,33.25,medium,North,Mobile,Basic,11,0
CUST_002923,Control,24.07,20.14,40.16,18.11,low,South,Mobile,Basic,1,1
CUST_002924,Control,140.47,149.67,139.45,162.77,medium,East,Desktop,Enterprise,6,0
CUST_002925,Treatment,38.01,35.15,33.72,46.71,low,East,Tablet,Basic,16,0
CUST_002926,Treatment,50.86,56.37,52.38,37.63,low,East,Tablet,Premium,1,1
CUST_002927,Control,42.51,31.16,28.36,35.94,low,East,Mobile,Premium,5,1
CUST_002928,Treatment,50.22,60.34,34.96,45.97,low,North,Tablet,Premium,2,1
CUST_002929,Control,142.57,131.16,147.84,149.74,medium,West,Mobile,Enterprise,30,0
CUST_002930,Control,18.77,24.13,31.27,20.68,medium,East,Mobile,Basic,1,1
CUST_002931,Treatment,32.67,36.5,41.52,53.62,low,West,Mobile,Premium,11,0
CUST_002932,Treatment,66.93,81.59,90.29,74.24,high,North,Mobile,Basic,35,0
CUST_002933,Control,33.61,35.75,36.59,27.76,medium,North,Mobile,Basic,7,0
CUST_002934,Treatment,143.54,160.53,160.56,176.54,medium,South,Desktop,Enterprise,39,0
CUST_002935,Treatment,150.49,142.53,140.1,173.96,low,North,Tablet,Enterprise,1,1
CUST_002936,Control,44.13,50.25,53.23,36.24,medium,East,Desktop,Basic,11,0
CUST_002937,Control,44.51,33.37,38.36,36.8,low,East,Desktop,Premium,33,0
CUST_002938,Treatment,30.65,43.97,53.77,33.02,low,East,Mobile,Premium,6,0
CUST_002939,Control,88.71,113.16,103.51,114.65,medium,South,Mobile,Enterprise,11,0
CUST_002940,Control,31.86,21.84,20.58,22.74,medium,North,Mobile,Basic,15,0
CUST_002941,Treatment,62.52,61.56,59.96,53.67,medium,South,Mobile,Premium,1,1
CUST_002942,Control,51.69,53.84,53.29,57.56,medium,South,Desktop,Premium,8,0
CUST_002943,Control,230.55,231.58,235.66,255.69,high,North,Mobile,Enterprise,6,0
CUST_002944,Treatment,25.8,18.28,5.7,45.28,low,West,Desktop,Basic,5,1
CUST_002945,Control,22.13,24.0,23.28,31.41,low,East,Desktop,Basic,6,0
CUST_002946,Control,69.6,73.77,89.37,87.15,high,South,Desktop,Premium,28,0
CUST_002947,Treatment,38.29,45.69,39.65,47.31,medium,North,Mobile,Premium,22,0
CUST_002948,Control,332.94,350.93,350.46,366.85,high,North,Desktop,Enterprise,11,0
CUST_002949,Control,78.93,62.72,78.77,83.47,high,West,Desktop,Premium,1,1
CUST_002950,Treatment,24.42,41.33,36.27,49.92,medium,West,Mobile,Basic,30,0
CUST_002951,Treatment,15.41,28.52,42.6,19.0,medium,West,Desktop,Basic,1,1
CUST_002952,Treatment,30.29,25.84,51.62,20.25,low,West,Desktop,Premium,15,0
CUST_002953,Control,22.48,24.77,16.29,29.21,low,South,Desktop,Basic,4,1
CUST_002954,Control,21.03,26.26,33.14,25.28,medium,West,Desktop,Basic,12,0
CUST_002955,Control,74.04,82.13,76.89,88.47,medium,South,Mobile,Enterprise,10,0
CUST_002956,Control,58.32,55.64,58.58,59.44,medium,East,Mobile,Basic,20,0
CUST_002957,Treatment,48.39,44.27,52.02,53.91,high,West,Mobile,Basic,4,1
CUST_002958,Control,254.89,255.4,260.64,278.85,high,West,Desktop,Enterprise,8,0
CUST_002959,Control,13.51,30.4,5.07,23.87,low,North,Mobile,Basic,8,0
CUST_002960,Treatment,45.57,41.93,55.38,55.35,high,North,Mobile,Basic,8,0
CUST_002961,Treatment,37.97,52.35,42.67,52.94,medium,South,Tablet,Basic,4,1
CUST_002962,Treatment,60.21,62.1,83.96,93.8,high,North,Mobile,Premium,2,1
CUST_002963,Control,35.08,30.97,40.23,22.85,medium,West,Desktop,Basic,2,1
CUST_002964,Treatment,45.67,24.84,45.27,45.27,high,North,Desktop,Basic,5,1
CUST_002965,Control,36.35,7.81,29.39,50.68,low,West,Mobile,Basic,1,1
CUST_002966,Treatment,27.76,32.8,35.91,32.92,medium,North,Desktop,Basic,4,1
CUST_002967,Treatment,43.68,36.03,40.85,67.67,low,North,Mobile,Premium,1,1
CUST_002968,Treatment,135.54,138.55,127.46,142.6,low,North,Mobile,Enterprise,26,0
CUST_002969,Control,45.95,28.76,42.37,32.98,medium,West,Desktop,Basic,1,1
CUST_002970,Control,73.82,64.77,66.57,69.84,medium,East,Desktop,Premium,11,0
CUST_002971,Treatment,40.37,42.83,48.09,52.94,medium,South,Mobile,Premium,9,0
CUST_002972,Treatment,38.59,47.33,53.89,65.78,high,West,Desktop,Basic,11,0
CUST_002973,Treatment,32.74,43.94,38.26,33.62,medium,West,Mobile,Basic,34,0
CUST_002974,Control,44.11,27.3,22.99,23.77,high,South,Mobile,Basic,4,1
CUST_002975,Control,15.28,26.71,30.38,24.95,low,North,Desktop,Premium,38,0
CUST_002976,Control,101.59,96.53,100.59,106.79,low,North,Mobile,Enterprise,20,0
CUST_002977,Treatment,78.11,94.78,98.99,90.62,medium,East,Mobile,Enterprise,3,1
CUST_002978,Control,44.69,34.7,41.23,44.35,low,West,Desktop,Premium,16,0
CUST_002979,Control,35.71,19.51,19.33,18.38,low,North,Desktop,Basic,1,1
CUST_002980,Control,34.65,28.47,28.17,42.37,low,East,Desktop,Premium,7,0
CUST_002981,Treatment,20.58,30.07,28.56,19.1,low,North,Mobile,Basic,1,1
CUST_002982,Treatment,188.9,193.48,200.32,216.47,high,North,Mobile,Enterprise,7,0
CUST_002983,Treatment,43.23,52.8,39.01,57.05,low,South,Mobile,Premium,20,0
CUST_002984,Treatment,88.74,105.72,102.85,101.76,medium,West,Mobile,Premium,5,1
CUST_002985,Control,19.76,11.12,21.88,13.19,low,North,Mobile,Basic,4,1
CUST_002986,Control,185.02,183.84,181.48,195.0,medium,North,Desktop,Enterprise,1,1
CUST_002987,Treatment,29.16,27.51,20.42,20.59,medium,North,Mobile,Basic,35,0
CUST_002988,Control,62.25,75.82,71.39,93.8,high,East,Mobile,Premium,18,0
CUST_002989,Control,49.4,43.19,45.96,57.34,medium,South,Desktop,Premium,4,1
CUST_002990,Control,36.11,24.83,6.26,20.87,medium,South,Mobile,Basic,6,0
CUST_002991,Control,59.7,56.32,60.85,47.68,medium,South,Desktop,Premium,18,0
CUST_002992,Control,18.22,34.76,20.1,34.36,medium,East,Mobile,Basic,3,1
CUST_002993,Treatment,17.1,28.64,42.65,44.35,low,West,Mobile,Premium,25,0
CUST_002994,Treatment,81.88,94.88,85.1,100.69,medium,West,Mobile,Premium,7,0
CUST_002995,Control,48.32,44.29,41.48,55.01,low,West,Mobile,Premium,20,0
CUST_002996,Treatment,31.04,23.04,32.34,29.22,medium,West,Mobile,Basic,2,1
CUST_002997,Treatment,29.02,37.95,41.25,46.92,medium,North,Desktop,Basic,10,0
CUST_002998,Control,26.8,16.51,19.03,22.19,medium,East,Mobile,Basic,38,0
CUST_002999,Treatment,144.73,147.0,169.56,186.25,medium,East,Tablet,Enterprise,11,0
CUST_003000,Control,57.57,69.33,54.06,43.47,low,South,Desktop,Premium,3,1
CUST_003001,Control,49.88,34.66,46.64,64.19,medium,North,Mobile,Basic,7,0
CUST_003002,Treatment,41.45,38.18,36.72,39.73,medium,East,Mobile,Basic,4,1
CUST_003003,Control,65.72,66.86,75.1,68.72,medium,East,Desktop,Premium,12,0
CUST_003004,Treatment,92.57,102.75,111.44,118.22,high,North,Desktop,Premium,1,1
CUST_003005,Control,50.86,31.14,40.99,56.34,low,East,Desktop,Premium,1,1
CUST_003006,Control,68.94,60.85,68.08,82.52,medium,North,Desktop,Premium,1,1
CUST_003007,Control,14.31,21.61,5.14,34.32,medium,North,Mobile,Basic,6,0
CUST_003008,Control,30.29,29.21,45.18,42.02,low,East,Desktop,Premium,28,0
CUST_003009,Control,114.83,109.03,106.45,132.93,medium,West,Desktop,Enterprise,12,0
CUST_003010,Treatment,47.48,55.9,56.37,56.94,medium,North,Mobile,Premium,47,0
CUST_003011,Treatment,50.81,45.52,33.55,24.32,high,West,Mobile,Basic,60,0
CUST_003012,Control,16.4,22.19,32.22,18.89,low,West,Desktop,Basic,1,1
CUST_003013,Control,63.86,55.36,57.96,62.42,medium,South,Tablet,Basic,35,0
CUST_003014,Treatment,82.88,87.1,84.49,98.17,high,South,Desktop,Premium,5,1
CUST_003015,Control,37.95,49.04,47.56,40.67,high,North,Desktop,Basic,2,1
CUST_003016,Control,18.17,17.01,22.47,34.08,low,East,Desktop,Basic,41,0
CUST_003017,Treatment,70.6,66.89,75.18,77.27,medium,West,Desktop,Premium,5,1
CUST_003018,Control,123.96,121.94,117.42,133.42,high,East,Desktop,Premium,3,1
CUST_003019,Treatment,39.26,18.33,49.02,38.2,low,East,Desktop,Basic,5,1
CUST_003020,Control,40.48,40.06,42.75,42.9,medium,West,Mobile,Basic,1,1
CUST_003021,Control,106.03,120.58,112.13,107.84,medium,West,Mobile,Premium,13,0
CUST_003022,Treatment,179.54,181.52,188.95,201.74,low,West,Desktop,Enterprise,4,1
CUST_003023,Treatment,131.15,135.63,131.16,159.85,high,East,Desktop,Premium,8,0
CUST_003024,Control,26.1,16.88,18.25,22.85,low,North,Desktop,Basic,10,0
CUST_003025,Treatment,64.1,48.19,60.34,68.24,high,East,Mobile,Basic,11,0
CUST_003026,Control,28.77,25.54,22.56,12.87,low,North,Desktop,Basic,12,0
CUST_003027,Treatment,35.38,26.54,31.95,37.76,low,South,Desktop,Basic,15,0
CUST_003028,Control,118.15,126.54,120.25,126.64,high,East,Desktop,Premium,37,0
CUST_003029,Treatment,102.48,111.28,119.03,111.17,low,West,Mobile,Enterprise,17,0
CUST_003030,Treatment,14.96,27.39,24.68,36.7,low,South,Desktop,Premium,2,1
CUST_003031,Control,17.92,15.3,10.34,11.72,low,North,Mobile,Basic,7,0
CUST_003032,Treatment,28.16,40.33,38.92,51.12,medium,West,Mobile,Basic,12,0
CUST_003033,Treatment,41.66,24.73,29.85,34.47,medium,West,Desktop,Premium,1,1
CUST_003034,Treatment,70.94,92.66,73.68,97.91,medium,West,Desktop,Premium,5,1
CUST_003035,Treatment,32.8,36.73,26.81,28.76,high,North,Mobile,Basic,11,0
CUST_003036,Treatment,67.19,73.53,65.08,75.23,medium,East,Desktop,Premium,16,0
CUST_003037,Treatment,63.4,60.45,69.17,66.82,high,South,Desktop,Basic,6,0
CUST_003038,Treatment,25.25,19.7,11.6,30.15,low,East,Desktop,Basic,24,0
CUST_003039,Treatment,106.58,119.0,114.15,131.12,high,West,Tablet,Premium,9,0
CUST_003040,Control,97.04,105.37,102.54,100.66,medium,North,Tablet,Enterprise,6,0
CUST_003041,Control,84.36,87.97,104.35,82.44,high,East,Mobile,Enterprise,8,0
CUST_003042,Control,51.41,35.17,39.04,32.66,low,West,Mobile,Basic,4,1
CUST_003043,Control,36.84,35.16,39.5,35.99,medium,East,Desktop,Basic,1,1
CUST_003044,Treatment,43.89,27.84,34.7,48.31,medium,South,Tablet,Basic,1,1
CUST_003045,Treatment,110.3,108.17,96.96,123.88,low,East,Mobile,Enterprise,2,1
CUST_003046,Control,17.58,28.32,26.16,35.54,medium,North,Tablet,Basic,28,0
CUST_003047,Control,17.65,18.85,13.0,22.79,medium,East,Mobile,Basic,9,0
CUST_003048,Treatment,21.16,19.4,22.59,24.99,low,North,Mobile,Basic,21,0
CUST_003049,Control,40.48,44.33,16.8,35.73,medium,North,Mobile,Basic,16,0
CUST_003050,Control,152.52,149.98,150.0,155.01,high,East,Desktop,Premium,60,0
CUST_003051,Control,43.39,27.97,44.45,35.56,low,East,Desktop,Premium,15,0
CUST_003052,Control,14.39,12.18,13.32,12.98,low,North,Desktop,Basic,22,0
CUST_003053,Control,42.03,49.63,57.96,53.63,low,West,Desktop,Premium,4,1
CUST_003054,Treatment,69.12,62.19,57.85,65.14,medium,South,Desktop,Premium,7,0
CUST_003055,Treatment,56.93,49.4,23.1,48.25,medium,North,Desktop,Premium,17,0
CUST_003056,Control,23.93,27.35,54.53,14.65,medium,East,Desktop,Basic,48,0
CUST_003057,Control,101.94,116.85,115.39,113.63,low,South,Mobile,Enterprise,24,0
CUST_003058,Treatment,74.49,63.02,81.15,68.77,low,East,Tablet,Enterprise,1,1
CUST_003059,Treatment,49.3,61.84,71.05,60.11,low,South,Mobile,Premium,10,0
CUST_003060,Control,60.12,47.21,57.16,59.04,high,East,Mobile,Basic,21,0
CUST_003061,Treatment,27.9,33.77,23.19,19.81,low,West,Mobile,Premium,15,0
CUST_003062,Treatment,28.7,34.41,37.89,26.47,medium,West,Tablet,Basic,3,1
CUST_003063,Treatment,20.46,45.25,22.14,32.02,medium,East,Desktop,Premium,8,0
CUST_003064,Control,68.06,62.2,70.73,64.59,high,West,Desktop,Basic,2,1
CUST_003065,Treatment,26.55,14.51,14.0,27.24,low,South,Mobile,Basic,2,1
CUST_003066,Control,37.17,31.39,47.79,44.65,low,South,Desktop,Premium,31,0
CUST_003067,Control,29.09,29.85,9.04,16.45,low,South,Desktop,Basic,2,1
CUST_003068,Control,128.85,143.37,149.83,129.0,medium,North,Mobile,Enterprise,1,1
CUST_003069,Treatment,19.71,18.59,29.55,19.96,low,West,Desktop,Basic,1,1
CUST_003070,Treatment,83.23,66.71,74.26,99.74,low,East,Desktop,Enterprise,14,0
CUST_003071,Treatment,8.73,28.69,20.74,33.62,low,South,Mobile,Basic,10,0
CUST_003072,Treatment,0.0,11.47,12.52,29.72,low,West,Desktop,Basic,6,0
CUST_003073,Control,40.73,7.99,29.88,19.86,low,East,Mobile,Basic,5,1
CUST_003074,Control,73.85,72.9,72.85,79.99,medium,South,Mobile,Premium,12,0
CUST_003075,Control,18.79,23.95,42.3,32.39,low,West,Mobile,Premium,57,0
CUST_003076,Treatment,37.98,39.68,42.62,43.68,medium,South,Desktop,Basic,7,0
CUST_003077,Control,183.44,175.83,191.59,194.01,medium,East,Desktop,Enterprise,18,0
CUST_003078,Control,49.74,50.24,51.56,56.77,low,East,Tablet,Premium,16,0
CUST_003079,Treatment,67.26,63.86,44.67,70.33,medium,West,Desktop,Premium,1,1
CUST_003080,Treatment,35.25,14.87,28.45,34.43,low,East,Mobile,Premium,11,0
CUST_003081,Control,15.9,14.71,14.82,8.9,low,North,Tablet,Basic,8,0
CUST_003082,Treatment,133.9,138.12,134.56,159.04,high,South,Mobile,Enterprise,33,0
CUST_003083,Treatment,19.19,17.75,13.53,32.31,medium,East,Desktop,Basic,32,0
CUST_003084,Treatment,10.55,20.98,29.11,25.31,low,West,Mobile,Basic,9,0
CUST_003085,Control,34.54,35.89,42.37,28.94,low,East,Desktop,Basic,12,0
CUST_003086,Treatment,23.72,21.25,35.18,18.7,medium,North,Desktop,Basic,36,0
CUST_003087,Control,24.09,25.12,11.75,33.87,medium,North,Desktop,Basic,8,0
CUST_003088,Control,48.07,30.42,33.71,46.13,medium,West,Desktop,Basic,51,0
CUST_003089,Control,65.09,45.2,48.55,50.37,low,North,Desktop,Premium,8,0
CUST_003090,Treatment,73.43,94.0,78.71,80.9,medium,East,Desktop,Premium,39,0
CUST_003091,Control,14.77,36.08,26.68,38.33,low,North,Desktop,Basic,1,1
CUST_003092,Control,57.57,62.84,65.28,62.07,low,West,Tablet,Enterprise,18,0
CUST_003093,Treatment,4.67,20.88,18.24,27.07,low,West,Mobile,Basic,14,0
CUST_003094,Control,28.44,43.6,37.44,38.48,medium,East,Mobile,Basic,9,0
CUST_003095,Control,40.8,32.63,36.9,23.95,medium,South,Desktop,Basic,2,1
CUST_003096,Control,40.36,41.77,60.07,56.65,low,West,Desktop,Premium,22,0
CUST_003097,Treatment,10.8,12.86,19.27,37.98,low,East,Desktop,Basic,10,0
CUST_003098,Treatment,25.66,31.13,20.92,26.59,medium,North,Mobile,Basic,38,0
CUST_003099,Control,30.59,38.09,43.42,31.54,medium,South,Desktop,Basic,5,1
CUST_003100,Control,7.66,31.55,30.31,37.49,low,East,Desktop,Basic,23,0
CUST_003101,Treatment,26.03,31.95,33.97,31.63,low,West,Mobile,Basic,9,0
CUST_003102,Control,38.23,44.49,41.92,25.21,medium,East,Desktop,Basic,24,0
CUST_003103,Control,54.98,39.79,67.62,67.22,high,West,Mobile,Premium,6,0
CUST_003104,Control,46.28,57.49,50.66,71.55,medium,East,Desktop,Premium,6,0
CUST_003105,Control,79.87,92.55,78.53,83.72,medium,North,Tablet,Premium,45,0
CUST_003106,Treatment,50.73,52.85,52.88,62.98,medium,East,Desktop,Premium,31,0
CUST_003107,Control,100.11,104.77,114.31,124.06,medium,West,Desktop,Enterprise,1,1
CUST_003108,Control,184.17,221.52,215.27,215.33,high,North,Desktop,Enterprise,1,1
CUST_003109,Treatment,34.15,40.69,18.87,21.13,low,North,Mobile,Basic,23,0
CUST_003110,Treatment,12.89,30.67,34.98,23.98,medium,East,Desktop,Basic,12,0
CUST_003111,Control,171.31,190.83,187.48,189.21,medium,West,Mobile,Enterprise,40,0
CUST_003112,Control,125.83,133.47,123.8,148.16,medium,South,Desktop,Enterprise,10,0
CUST_003113,Control,58.62,63.61,80.57,67.47,high,West,Desktop,Premium,29,0
CUST_003114,Control,45.23,39.61,36.47,41.5,low,West,Desktop,Premium,3,1
CUST_003115,Control,37.52,57.08,53.02,55.54,medium,West,Mobile,Premium,17,0
CUST_003116,Treatment,94.53,106.16,97.52,106.9,medium,East,Desktop,Enterprise,4,1
CUST_003117,Treatment,39.58,47.65,58.67,58.46,low,North,Mobile,Basic,7,0
CUST_003118,Control,18.91,9.25,24.23,15.82,low,South,Desktop,Basic,14,0
CUST_003119,Treatment,65.26,50.96,51.26,61.74,low,South,Desktop,Basic,6,0
CUST_003120,Treatment,43.66,40.43,26.94,34.95,low,North,Desktop,Premium,23,0
CUST_003121,Control,58.98,55.71,49.89,65.02,high,North,Mobile,Basic,1,1
CUST_003122,Control,37.44,35.61,43.48,37.23,high,North,Desktop,Basic,32,0
CUST_003123,Control,92.13,75.42,66.35,80.94,medium,East,Mobile,Premium,11,0
CUST_003124,Control,34.77,55.55,46.07,48.16,high,West,Mobile,Basic,3,1
CUST_003125,Control,12.35,14.33,21.85,17.86,low,West,Mobile,Basic,6,0
CUST_003126,Control,9.88,3.62,11.49,26.07,low,North,Mobile,Basic,5,1
CUST_003127,Control,38.28,34.8,23.76,50.76,medium,North,Mobile,Premium,4,1
CUST_003128,Treatment,51.96,70.78,68.75,54.71,high,South,Desktop,Premium,20,0
CUST_003129,Control,23.27,29.22,32.69,32.36,medium,South,Desktop,Basic,3,1
CUST_003130,Treatment,78.77,102.59,103.23,100.2,medium,West,Desktop,Enterprise,2,1
CUST_003131,Treatment,105.26,109.94,114.9,115.21,high,North,Mobile,Premium,12,0
CUST_003132,Control,67.43,67.97,80.07,57.63,medium,North,Desktop,Premium,4,1
CUST_003133,Control,65.66,63.52,71.67,92.18,medium,South,Desktop,Premium,13,0
CUST_003134,Treatment,73.89,66.23,79.49,94.25,low,West,Mobile,Premium,28,0
CUST_003135,Treatment,24.99,28.33,40.25,34.77,medium,West,Desktop,Basic,13,0
CUST_003136,Treatment,28.05,29.55,55.61,35.62,low,North,Mobile,Premium,19,0
CUST_003137,Control,76.62,91.95,83.06,87.62,high,West,Mobile,Premium,10,0
CUST_003138,Control,59.33,65.69,53.38,62.75,medium,North,Desktop,Premium,30,0
CUST_003139,Treatment,83.1,70.56,70.96,71.62,medium,South,Mobile,Premium,6,0
CUST_003140,Control,36.78,45.04,41.54,33.88,low,East,Mobile,Premium,21,0
CUST_003141,Control,35.39,7.58,29.05,30.58,medium,East,Desktop,Basic,1,1
CUST_003142,Control,142.59,141.09,142.8,154.47,medium,North,Mobile,Enterprise,17,0
CUST_003143,Treatment,38.3,37.14,37.62,53.6,low,East,Desktop,Premium,15,0
CUST_003144,Control,35.29,24.77,23.4,45.99,high,East,Mobile,Basic,17,0
CUST_003145,Treatment,47.61,53.35,48.76,58.19,high,East,Desktop,Basic,18,0
CUST_003146,Control,199.56,197.49,196.5,218.72,medium,West,Mobile,Enterprise,34,0
CUST_003147,Treatment,36.15,9.21,30.72,20.92,low,North,Mobile,Basic,8,0
CUST_003148,Control,138.13,148.68,170.17,168.38,medium,West,Desktop,Enterprise,7,0
CUST_003149,Control,57.63,73.54,67.53,74.78,high,South,Mobile,Premium,8,0
CUST_003150,Control,56.48,66.19,66.15,55.62,low,East,Desktop,Premium,1,1
CUST_003151,Treatment,64.89,62.48,61.95,72.03,high,East,Desktop,Basic,1,1
CUST_003152,Treatment,84.31,99.92,105.43,114.41,medium,West,Mobile,Enterprise,17,0
CUST_003153,Treatment,108.01,112.19,119.36,136.84,high,West,Tablet,Enterprise,13,0
CUST_003154,Control,29.85,26.08,34.57,18.66,low,North,Mobile,Basic,15,0
CUST_003155,Control,47.44,62.58,60.74,69.59,low,South,Mobile,Premium,2,1
CUST_003156,Control,35.28,27.68,11.27,29.45,low,East,Mobile,Premium,1,1
CUST_003157,Control,53.46,58.13,55.66,64.75,medium,South,Tablet,Premium,32,0
CUST_003158,Control,76.66,90.79,95.44,101.37,high,East,Desktop,Premium,4,1
CUST_003159,Treatment,86.14,72.6,97.17,104.77,high,North,Mobile,Premium,10,0
CUST_003160,Control,222.74,243.5,244.2,268.72,high,South,Tablet,Enterprise,1,1
CUST_003161,Control,81.33,116.8,94.02,117.06,medium,North,Desktop,Premium,33,0
CUST_003162,Treatment,23.05,24.3,20.01,20.43,low,North,Desktop,Basic,21,0
CUST_003163,Control,109.53,111.13,114.0,111.06,high,East,Tablet,Premium,27,0
CUST_003164,Treatment,24.87,19.83,22.48,45.53,medium,East,Mobile,Basic,19,0
CUST_003165,Control,56.62,46.43,35.62,45.82,low,South,Tablet,Premium,20,0
CUST_003166,Control,60.62,69.35,51.1,46.0,medium,South,Desktop,Premium,17,0
CUST_003167,Control,29.16,28.38,22.31,38.59,low,West,Mobile,Basic,1,1
CUST_003168,Control,63.16,73.94,72.3,83.82,low,West,Mobile,Enterprise,22,0
CUST_003169,Treatment,42.1,41.04,42.83,42.42,medium,East,Mobile,Premium,10,0
CUST_003170,Treatment,22.76,4.24,26.36,39.38,medium,West,Mobile,Basic,1,1
CUST_003171,Treatment,26.09,40.4,31.87,35.23,high,West,Desktop,Basic,13,0
CUST_003172,Treatment,36.68,37.96,33.95,32.11,low,East,Desktop,Basic,1,1
CUST_003173,Treatment,66.98,54.7,66.19,47.28,low,East,Mobile,Premium,1,1
CUST_003174,Treatment,42.47,49.82,45.02,41.68,medium,East,Desktop,Basic,24,0
CUST_003175,Control,88.27,94.32,119.96,111.04,low,West,Mobile,Enterprise,5,1
CUST_003176,Treatment,31.98,47.09,22.96,35.47,medium,East,Desktop,Premium,1,1
CUST_003177,Control,106.98,103.49,100.36,135.78,high,South,Mobile,Premium,19,0
CUST_003178,Control,44.43,42.65,36.4,47.07,high,North,Desktop,Basic,51,0
CUST_003179,Control,119.27,132.8,129.75,125.71,medium,South,Mobile,Enterprise,3,1
CUST_003180,Treatment,22.5,17.21,16.24,17.75,low,East,Desktop,Basic,11,0
CUST_003181,Treatment,86.47,106.26,111.3,115.07,medium,North,Mobile,Enterprise,12,0
CUST_003182,Control,32.51,36.43,44.35,31.91,low,North,Desktop,Enterprise,1,1
CUST_003183,Treatment,72.72,82.32,87.83,97.6,low,South,Desktop,Premium,24,0
CUST_003184,Control,17.83,17.0,27.9,25.27,medium,East,Tablet,Basic,7,0
CUST_003185,Control,42.25,38.66,51.56,57.7,high,East,Desktop,Basic,8,0
CUST_003186,Treatment,18.32,38.37,20.39,9.85,low,East,Tablet,Basic,51,0
CUST_003187,Treatment,230.97,243.63,243.34,288.42,high,East,Mobile,Enterprise,8,0
CUST_003188,Treatment,59.39,57.81,50.96,35.03,high,North,Desktop,Basic,3,1
CUST_003189,Control,7.92,22.09,34.5,17.84,low,West,Mobile,Basic,34,0
CUST_003190,Control,89.11,83.95,73.66,89.38,high,North,Mobile,Premium,1,1
CUST_003191,Treatment,65.41,73.96,75.0,53.14,medium,North,Desktop,Premium,21,0
CUST_003192,Control,46.87,67.48,64.77,64.55,medium,South,Mobile,Premium,54,0
CUST_003193,Treatment,86.88,68.01,83.7,83.09,medium,South,Mobile,Premium,5,1
CUST_003194,Control,76.56,78.91,81.05,80.82,low,South,Mobile,Enterprise,15,0
CUST_003195,Control,47.95,59.95,56.29,57.08,medium,East,Tablet,Premium,15,0
CUST_003196,Control,26.72,32.21,37.62,26.06,medium,East,Mobile,Basic,11,0
CUST_003197,Treatment,74.73,70.6,88.62,94.14,low,East,Desktop,Premium,23,0
CUST_003198,Treatment,81.24,81.99,78.28,90.69,medium,North,Mobile,Premium,48,0
CUST_003199,Control,84.66,77.51,80.17,92.76,medium,East,Mobile,Premium,28,0
CUST_003200,Treatment,37.91,32.01,36.52,51.46,low,West,Desktop,Basic,11,0
CUST_003201,Treatment,44.32,36.07,54.97,52.73,low,North,Desktop,Premium,7,0
CUST_003202,Control,38.15,32.13,36.84,47.55,high,South,Mobile,Basic,42,0
CUST_003203,Control,73.43,70.53,80.09,65.07,low,East,Mobile,Enterprise,6,0
CUST_003204,Control,46.37,45.51,58.68,76.2,medium,West,Desktop,Basic,6,0
CUST_003205,Control,68.57,75.02,85.94,91.09,high,East,Desktop,Premium,12,0
CUST_003206,Control,75.38,86.92,102.83,88.28,high,West,Mobile,Premium,5,1
CUST_003207,Treatment,53.74,46.48,44.58,50.65,medium,East,Desktop,Premium,42,0
CUST_003208,Control,32.42,23.93,32.85,38.0,high,North,Desktop,Basic,1,1
CUST_003209,Control,14.21,8.91,23.52,19.33,low,West,Desktop,Basic,39,0
CUST_003210,Treatment,24.01,29.14,7.04,20.34,medium,East,Desktop,Basic,12,0
CUST_003211,Treatment,111.83,126.01,113.33,132.17,medium,North,Mobile,Premium,10,0
CUST_003212,Control,9.43,12.96,5.64,3.48,low,West,Tablet,Basic,3,1
CUST_003213,Control,128.53,144.68,157.74,123.21,high,North,Desktop,Premium,16,0
CUST_003214,Treatment,287.53,301.74,311.0,360.83,high,North,Desktop,Enterprise,27,0
CUST_003215,Control,32.3,41.02,23.5,37.25,low,East,Mobile,Basic,2,1
CUST_003216,Treatment,51.75,42.72,32.64,33.28,medium,West,Desktop,Basic,6,0
CUST_003217,Treatment,33.17,32.74,33.77,27.82,low,North,Mobile,Premium,22,0
CUST_003218,Treatment,23.51,37.94,38.57,57.63,high,South,Desktop,Basic,10,0
CUST_003219,Control,37.37,19.81,27.78,26.81,medium,North,Desktop,Basic,4,1
CUST_003220,Control,65.47,61.07,68.77,63.96,low,North,Mobile,Enterprise,1,1
CUST_003221,Control,127.41,125.03,143.31,135.63,medium,East,Mobile,Enterprise,15,0
CUST_003222,Treatment,66.95,72.82,81.41,80.84,low,South,Tablet,Premium,12,0
CUST_003223,Treatment,18.26,26.85,39.85,46.87,low,North,Desktop,Basic,26,0
CUST_003224,Treatment,48.88,64.44,67.29,87.6,medium,North,Mobile,Premium,28,0
CUST_003225,Treatment,149.79,142.09,147.46,170.67,medium,North,Mobile,Enterprise,1,1
CUST_003226,Control,190.46,186.04,179.07,205.33,medium,West,Mobile,Enterprise,4,1
CUST_003227,Control,23.1,18.15,30.67,34.16,medium,West,Mobile,Basic,6,0
CUST_003228,Treatment,1.79,11.0,18.92,32.07,low,North,Mobile,Basic,40,0
CUST_003229,Control,109.19,131.73,142.55,137.4,medium,South,Tablet,Enterprise,13,0
CUST_003230,Control,0.0,14.96,25.05,27.63,low,West,Desktop,Basic,4,1
CUST_003231,Control,79.44,68.45,80.29,64.38,high,West,Mobile,Premium,4,1
CUST_003232,Control,50.45,62.41,43.47,47.08,high,East,Mobile,Premium,1,1
CUST_003233,Control,28.34,27.19,35.06,47.08,low,East,Mobile,Basic,2,1
CUST_003234,Treatment,59.14,74.08,71.14,60.53,low,West,Desktop,Premium,6,0
CUST_003235,Treatment,173.48,191.59,200.55,229.26,medium,East,Mobile,Enterprise,1,1
CUST_003236,Control,43.26,53.96,52.69,46.78,medium,East,Desktop,Basic,1,1
CUST_003237,Control,72.08,71.16,72.26,66.08,medium,West,Mobile,Premium,36,0
CUST_003238,Treatment,23.91,19.07,25.29,37.47,low,West,Mobile,Premium,33,0
CUST_003239,Control,24.72,35.53,46.13,33.73,low,South,Mobile,Basic,5,1
CUST_003240,Treatment,165.74,161.15,153.15,175.31,medium,North,Mobile,Enterprise,4,1
CUST_003241,Treatment,44.1,42.76,55.64,45.55,medium,South,Desktop,Basic,1,1
CUST_003242,Control,19.41,23.17,18.66,3.37,low,West,Mobile,Basic,14,0
CUST_003243,Control,22.83,32.04,21.12,33.89,low,South,Desktop,Basic,51,0
CUST_003244,Control,68.12,77.29,78.78,73.04,medium,North,Mobile,Premium,7,0
CUST_003245,Control,46.51,53.06,51.04,48.26,medium,West,Desktop,Premium,2,1
CUST_003246,Treatment,125.31,142.76,137.37,161.15,medium,South,Mobile,Enterprise,1,1
CUST_003247,Control,24.09,31.73,7.83,26.61,low,East,Desktop,Basic,11,0
CUST_003248,Treatment,19.63,21.95,34.83,23.46,low,West,Desktop,Basic,9,0
CUST_003249,Treatment,107.29,88.53,98.72,115.43,medium,East,Desktop,Premium,13,0
CUST_003250,Control,44.64,35.82,40.1,39.95,low,West,Desktop,Basic,4,1
CUST_003251,Treatment,52.52,52.9,47.44,71.75,low,North,Desktop,Enterprise,1,1
CUST_003252,Control,19.67,23.6,20.43,34.78,medium,North,Mobile,Basic,12,0
CUST_003253,Control,27.38,29.91,39.38,24.49,medium,North,Desktop,Basic,3,1
CUST_003254,Control,29.18,27.15,37.97,31.99,low,East,Desktop,Basic,5,1
CUST_003255,Treatment,30.5,17.16,33.22,27.01,low,North,Desktop,Premium,2,1
CUST_003256,Treatment,42.84,40.76,36.34,55.05,medium,North,Desktop,Premium,11,0
CUST_003257,Control,40.19,44.06,30.03,52.24,medium,West,Mobile,Basic,6,0
CUST_003258,Control,80.66,89.98,85.88,89.51,low,East,Desktop,Enterprise,6,0
CUST_003259,Treatment,11.52,12.39,24.61,23.88,low,East,Desktop,Basic,14,0
CUST_003260,Treatment,23.2,27.49,31.23,40.62,medium,West,Mobile,Basic,46,0
CUST_003261,Control,25.1,35.97,26.61,38.35,medium,North,Desktop,Basic,12,0
CUST_003262,Control,47.41,51.39,43.75,49.28,low,East,Mobile,Premium,2,1
CUST_003263,Control,25.37,25.92,21.21,23.34,low,East,Desktop,Basic,1,1
CUST_003264,Treatment,61.94,62.79,63.46,73.85,low,North,Desktop,Enterprise,7,0
CUST_003265,Control,80.78,65.25,76.92,80.26,medium,North,Desktop,Premium,12,0
CUST_003266,Control,51.12,47.46,57.88,45.41,low,West,Desktop,Premium,9,0
CUST_003267,Treatment,63.57,71.6,68.68,101.01,high,South,Mobile,Premium,1,1
CUST_003268,Control,26.04,24.67,17.69,28.68,low,West,Mobile,Basic,36,0
CUST_003269,Treatment,16.94,46.04,37.01,27.06,medium,West,Desktop,Basic,3,1
CUST_003270,Treatment,62.35,75.63,73.21,66.8,medium,North,Desktop,Premium,11,0
CUST_003271,Control,7.17,17.01,30.69,15.27,medium,North,Mobile,Basic,16,0
CUST_003272,Treatment,24.39,27.9,32.74,34.7,low,West,Tablet,Basic,5,1
CUST_003273,Control,214.92,202.98,235.27,233.56,medium,South,Desktop,Enterprise,1,1
CUST_003274,Control,103.88,106.68,111.72,120.52,medium,East,Desktop,Enterprise,10,0
CUST_003275,Treatment,30.75,27.07,45.3,42.64,low,East,Desktop,Premium,52,0
CUST_003276,Treatment,27.78,29.99,36.75,28.87,medium,South,Desktop,Basic,1,1
CUST_003277,Control,82.31,97.75,94.25,96.45,medium,East,Desktop,Premium,6,0
CUST_003278,Treatment,94.8,82.23,108.15,108.38,medium,West,Desktop,Enterprise,5,1
CUST_003279,Control,64.53,60.35,62.6,56.86,high,West,Desktop,Basic,4,1
CUST_003280,Control,28.76,32.14,40.92,39.66,low,West,Desktop,Premium,1,1
CUST_003281,Treatment,17.44,18.92,14.77,31.67,medium,West,Mobile,Basic,2,1
CUST_003282,Control,58.16,51.98,40.58,51.93,medium,North,Mobile,Premium,35,0
CUST_003283,Control,23.29,22.77,12.32,5.61,low,North,Desktop,Basic,60,0
CUST_003284,Treatment,20.44,20.07,32.93,30.27,medium,North,Mobile,Basic,2,1
CUST_003285,Treatment,14.27,32.5,6.65,31.18,medium,North,Mobile,Basic,10,0
CUST_003286,Treatment,51.2,49.91,68.15,56.64,low,North,Mobile,Premium,7,0
CUST_003287,Control,91.92,78.08,70.53,72.99,high,East,Mobile,Premium,6,0
CUST_003288,Treatment,13.48,23.87,4.71,39.12,low,West,Mobile,Basic,23,0
CUST_003289,Treatment,156.75,157.79,161.4,207.26,high,East,Desktop,Premium,29,0
CUST_003290,Treatment,74.8,75.76,63.36,72.56,medium,West,Desktop,Premium,48,0
CUST_003291,Treatment,31.96,42.15,42.61,30.0,high,North,Mobile,Basic,10,0
CUST_003292,Treatment,43.18,39.51,50.42,59.61,low,East,Desktop,Premium,3,1
CUST_003293,Treatment,60.1,63.42,88.66,86.06,medium,South,Mobile,Premium,37,0
CUST_003294,Treatment,38.64,32.18,38.33,36.14,low,North,Tablet,Basic,9,0
CUST_003295,Treatment,8.84,9.54,17.5,27.8,low,East,Desktop,Basic,46,0
CUST_003296,Control,28.82,33.68,35.74,47.36,low,East,Desktop,Premium,4,1
CUST_003297,Treatment,46.15,36.85,45.06,53.56,medium,North,Tablet,Premium,21,0
CUST_003298,Control,10.15,5.25,13.72,19.25,low,East,Desktop,Basic,26,0
CUST_003299,Control,4.08,20.87,34.86,23.63,medium,East,Desktop,Basic,15,0
CUST_003300,Treatment,51.37,61.07,66.83,72.04,low,East,Mobile,Premium,51,0
CUST_003301,Treatment,30.06,43.6,34.4,32.44,medium,West,Mobile,Basic,30,0
CUST_003302,Control,135.07,143.87,150.13,146.32,high,East,Mobile,Premium,5,1
CUST_003303,Control,26.96,30.28,21.39,25.01,medium,South,Desktop,Basic,12,0
CUST_003304,Treatment,69.57,57.78,71.85,75.72,high,North,Desktop,Premium,1,1
CUST_003305,Control,57.19,54.41,77.71,53.04,low,West,Tablet,Premium,6,0
CUST_003306,Control,19.97,43.43,35.06,31.17,high,East,Desktop,Basic,13,0
CUST_003307,Control,40.13,38.62,41.49,56.85,high,East,Tablet,Basic,27,0
CUST_003308,Treatment,45.45,26.77,34.17,52.7,medium,South,Desktop,Basic,6,0
CUST_003309,Treatment,68.04,69.79,79.71,74.85,medium,East,Desktop,Enterprise,9,0
CUST_003310,Control,25.51,21.74,23.63,29.93,low,West,Desktop,Premium,5,1
CUST_003311,Control,179.62,191.97,190.17,201.89,medium,East,Mobile,Enterprise,9,0
CUST_003312,Control,33.88,33.66,33.72,13.31,high,West,Mobile,Basic,8,0
CUST_003313,Treatment,185.77,187.29,180.53,225.48,high,West,Mobile,Enterprise,1,1
CUST_003314,Treatment,25.71,13.17,9.28,15.93,low,East,Desktop,Basic,37,0
CUST_003315,Control,46.21,46.55,39.66,39.85,medium,North,Desktop,Premium,7,0
CUST_003316,Control,53.79,56.68,57.51,69.3,low,North,Desktop,Premium,3,1
CUST_003317,Control,119.16,114.58,144.94,145.56,high,South,Desktop,Premium,29,0
CUST_003318,Treatment,6.11,5.33,15.91,16.87,medium,West,Mobile,Basic,28,0
CUST_003319,Control,30.89,39.42,41.09,42.14,medium,South,Desktop,Basic,13,0
CUST_003320,Treatment,66.1,85.04,79.19,76.17,low,West,Mobile,Enterprise,7,0
CUST_003321,Treatment,31.08,34.63,42.08,52.67,low,East,Desktop,Premium,53,0
CUST_003322,Control,27.52,29.24,25.14,28.18,low,North,Desktop,Basic,5,1
CUST_003323,Treatment,35.95,25.92,23.54,51.94,high,West,Mobile,Basic,6,0
CUST_003324,Treatment,21.17,24.23,17.74,20.76,low,East,Mobile,Basic,2,1
CUST_003325,Treatment,49.22,64.95,41.44,72.21,medium,West,Desktop,Premium,3,1
CUST_003326,Treatment,36.63,44.79,44.73,41.35,medium,West,Mobile,Basic,22,0
CUST_003327,Control,119.59,120.35,124.52,135.28,medium,East,Mobile,Enterprise,7,0
CUST_003328,Control,69.19,65.88,91.56,78.13,medium,North,Desktop,Premium,5,1
CUST_003329,Control,42.55,29.32,41.61,33.8,high,North,Desktop,Basic,2,1
CUST_003330,Control,35.18,45.5,63.32,48.95,medium,South,Desktop,Premium,20,0
CUST_003331,Control,53.31,52.48,43.46,60.6,medium,East,Mobile,Premium,3,1
CUST_003332,Control,38.61,19.83,28.1,28.88,low,East,Desktop,Premium,33,0
CUST_003333,Control,33.86,18.43,34.41,33.26,low,West,Desktop,Premium,39,0
CUST_003334,Treatment,59.7,60.59,61.91,66.98,high,West,Desktop,Premium,6,0
CUST_003335,Control,58.42,77.52,75.19,85.34,medium,North,Desktop,Enterprise,5,1
CUST_003336,Control,20.52,29.25,20.34,21.74,medium,East,Desktop,Basic,6,0
CUST_003337,Control,49.13,55.91,64.14,72.91,medium,North,Tablet,Premium,14,0
CUST_003338,Treatment,19.38,40.37,28.06,34.23,low,West,Mobile,Premium,8,0
CUST_003339,Control,27.65,52.92,52.29,52.31,low,East,Desktop,Premium,5,1
CUST_003340,Treatment,37.34,37.72,31.21,33.9,high,North,Mobile,Basic,1,1
CUST_003341,Treatment,212.43,248.13,249.81,302.17,high,North,Mobile,Enterprise,10,0
CUST_003342,Treatment,170.43,178.13,184.71,207.05,low,West,Mobile,Enterprise,18,0
CUST_003343,Treatment,56.18,33.02,39.59,33.21,high,West,Mobile,Basic,7,0
CUST_003344,Treatment,43.67,51.4,39.78,66.31,high,East,Desktop,Premium,25,0
CUST_003345,Control,55.66,77.76,82.98,78.18,high,North,Mobile,Basic,1,1
CUST_003346,Treatment,56.64,56.2,38.55,69.2,high,East,Desktop,Basic,12,0
CUST_003347,Control,38.05,46.15,47.67,59.34,low,East,Mobile,Enterprise,2,1
CUST_003348,Control,41.39,44.03,39.21,51.02,medium,North,Tablet,Premium,8,0
CUST_003349,Control,28.75,24.11,30.06,31.25,medium,West,Mobile,Basic,10,0
CUST_003350,Control,19.96,24.34,25.26,20.72,high,North,Desktop,Basic,13,0
CUST_003351,Control,61.19,46.1,55.41,55.96,high,North,Desktop,Basic,23,0
CUST_003352,Control,101.21,101.52,111.89,85.38,medium,East,Desktop,Enterprise,5,1
CUST_003353,Control,41.95,48.72,45.59,68.97,medium,North,Desktop,Basic,10,0
CUST_003354,Control,34.26,28.31,42.84,36.14,low,East,Tablet,Basic,1,1
CUST_003355,Treatment,49.46,29.47,57.52,41.36,low,North,Mobile,Premium,28,0
CUST_003356,Control,14.81,43.58,13.14,15.09,low,West,Mobile,Basic,12,0
CUST_003357,Treatment,26.61,24.39,23.5,24.01,low,West,Mobile,Basic,10,0
CUST_003358,Treatment,31.6,26.92,44.87,39.81,medium,North,Desktop,Basic,14,0
CUST_003359,Treatment,29.94,26.51,15.99,18.3,medium,East,Mobile,Basic,2,1
CUST_003360,Control,9.6,20.49,17.06,23.79,low,West,Desktop,Basic,11,0
CUST_003361,Treatment,48.77,55.24,30.58,60.23,high,West,Mobile,Basic,15,0
CUST_003362,Treatment,70.2,59.05,69.32,86.13,medium,West,Mobile,Basic,1,1
CUST_003363,Control,155.2,174.52,170.22,187.75,medium,North,Desktop,Enterprise,8,0
CUST_003364,Control,28.72,41.56,34.45,20.18,low,South,Desktop,Premium,1,1
CUST_003365,Control,33.34,25.38,43.15,45.19,low,East,Desktop,Premium,2,1
CUST_003366,Treatment,11.37,10.19,7.21,10.94,low,East,Mobile,Basic,17,0
CUST_003367,Treatment,53.1,57.02,72.15,79.73,medium,South,Desktop,Premium,8,0
CUST_003368,Control,6.69,15.48,10.11,7.02,low,East,Mobile,Basic,5,1
CUST_003369,Control,13.66,16.46,14.05,27.31,low,East,Tablet,Basic,2,1
CUST_003370,Control,34.54,36.89,44.06,40.0,medium,North,Desktop,Premium,30,0
CUST_003371,Treatment,88.72,105.59,122.04,115.56,low,North,Desktop,Enterprise,4,1
CUST_003372,Treatment,56.93,27.16,23.74,38.12,medium,West,Desktop,Basic,24,0
CUST_003373,Control,111.33,121.45,110.8,105.86,medium,East,Mobile,Enterprise,3,1
CUST_003374,Control,44.39,39.23,30.38,26.89,high,South,Desktop,Basic,1,1
CUST_003375,Control,40.93,19.52,26.97,44.39,medium,South,Tablet,Basic,40,0
CUST_003376,Treatment,18.99,33.87,36.77,51.06,medium,North,Desktop,Basic,7,0
CUST_003377,Treatment,21.14,22.21,27.68,17.39,low,North,Mobile,Basic,1,1
CUST_003378,Control,28.22,30.7,24.22,24.23,low,South,Desktop,Premium,7,0
CUST_003379,Treatment,91.43,89.91,94.77,132.77,high,West,Mobile,Premium,12,0
CUST_003380,Control,29.84,38.14,17.0,24.78,medium,East,Desktop,Basic,1,1
CUST_003381,Control,82.0,67.8,77.4,69.27,medium,North,Desktop,Premium,29,0
CUST_003382,Control,143.65,138.33,150.56,167.4,high,South,Desktop,Enterprise,1,1
CUST_003383,Treatment,98.59,82.49,97.54,98.93,medium,West,Desktop,Enterprise,3,1
CUST_003384,Treatment,20.22,26.59,28.6,39.46,low,East,Mobile,Basic,18,0
CUST_003385,Treatment,98.14,88.35,89.1,104.92,low,East,Mobile,Enterprise,10,0
CUST_003386,Control,24.61,30.59,26.69,11.27,low,North,Desktop,Basic,17,0
CUST_003387,Control,24.61,36.54,41.65,31.79,medium,East,Mobile,Basic,26,0
CUST_003388,Control,9.86,14.63,25.69,25.18,medium,North,Desktop,Basic,12,0
CUST_003389,Treatment,108.67,129.87,119.21,141.55,medium,South,Desktop,Enterprise,3,1
CUST_003390,Control,20.49,35.62,32.4,24.25,low,North,Mobile,Basic,6,0
CUST_003391,Treatment,12.45,13.96,15.07,27.04,low,South,Desktop,Basic,13,0
CUST_003392,Control,10.52,26.69,11.35,16.06,low,West,Mobile,Basic,9,0
CUST_003393,Treatment,8.75,15.25,9.84,6.17,medium,East,Desktop,Basic,8,0
CUST_003394,Control,3.46,25.06,13.88,27.21,low,East,Mobile,Basic,1,1
CUST_003395,Control,114.36,109.98,101.9,119.84,high,South,Desktop,Premium,4,1
CUST_003396,Control,7.3,13.67,20.71,14.04,low,South,Desktop,Basic,15,0
CUST_003397,Control,129.97,132.57,140.85,150.23,high,West,Desktop,Premium,6,0
CUST_003398,Control,22.05,32.27,23.77,45.45,medium,North,Desktop,Basic,26,0
CUST_003399,Treatment,38.57,40.52,42.9,55.7,high,South,Desktop,Basic,34,0
CUST_003400,Control,34.42,61.53,42.79,48.91,medium,East,Desktop,Premium,6,0
CUST_003401,Control,52.48,44.23,64.58,55.66,high,West,Mobile,Premium,5,1
CUST_003402,Control,116.12,126.6,119.78,110.83,low,East,Mobile,Enterprise,12,0
CUST_003403,Control,24.37,32.07,27.4,24.29,low,East,Desktop,Basic,8,0
CUST_003404,Control,38.82,57.71,53.19,55.52,medium,East,Mobile,Premium,1,1
CUST_003405,Control,5.47,11.52,41.16,11.25,medium,East,Mobile,Basic,6,0
CUST_003406,Control,9.81,14.99,16.49,31.6,medium,East,Mobile,Basic,14,0
CUST_003407,Control,42.77,49.91,41.65,51.87,low,North,Desktop,Premium,12,0
CUST_003408,Treatment,36.93,30.29,34.12,47.76,medium,South,Desktop,Basic,8,0
CUST_003409,Treatment,21.93,38.5,42.02,61.32,high,East,Desktop,Basic,27,0
CUST_003410,Control,19.96,34.72,23.84,23.12,low,South,Mobile,Basic,11,0
CUST_003411,Control,65.12,68.95,61.57,65.66,medium,East,Mobile,Premium,1,1
CUST_003412,Control,31.76,33.28,36.44,49.57,medium,South,Desktop,Basic,5,1
CUST_003413,Treatment,16.34,22.09,16.42,8.53,low,West,Desktop,Basic,12,0
CUST_003414,Control,18.33,13.87,20.21,24.99,medium,East,Tablet,Basic,3,1
CUST_003415,Treatment,35.14,35.06,31.93,39.95,high,West,Mobile,Basic,1,1
CUST_003416,Control,29.92,29.52,53.52,51.69,low,South,Mobile,Premium,29,0
CUST_003417,Control,16.01,18.83,27.56,19.31,low,West,Mobile,Basic,6,0
CUST_003418,Control,23.41,20.52,19.4,14.58,low,South,Mobile,Basic,4,1
CUST_003419,Treatment,55.55,34.46,47.79,55.81,medium,West,Mobile,Premium,10,0
CUST_003420,Control,91.61,115.45,112.91,112.71,high,West,Desktop,Premium,8,0
CUST_003421,Treatment,36.13,23.81,16.41,38.49,medium,South,Desktop,Basic,24,0
CUST_003422,Treatment,29.54,30.47,43.57,55.32,medium,East,Mobile,Basic,48,0
CUST_003423,Control,17.99,26.0,1.56,11.63,medium,North,Mobile,Basic,32,0
CUST_003424,Treatment,10.93,17.22,3.21,29.52,low,North,Desktop,Basic,12,0
CUST_003425,Control,19.27,47.5,30.38,32.57,medium,North,Desktop,Basic,28,0
CUST_003426,Control,41.25,63.2,70.32,56.36,high,West,Mobile,Basic,16,0
CUST_003427,Treatment,9.05,21.87,25.97,34.39,low,North,Desktop,Basic,2,1
CUST_003428,Control,15.15,29.89,9.33,21.03,low,East,Mobile,Basic,7,0
CUST_003429,Treatment,54.92,58.09,53.89,57.02,low,North,Desktop,Enterprise,8,0
CUST_003430,Treatment,46.17,36.02,22.14,46.48,low,North,Mobile,Premium,6,0
CUST_003431,Control,5.72,24.05,30.07,23.12,medium,West,Mobile,Basic,3,1
CUST_003432,Control,35.14,33.44,31.71,31.38,high,East,Desktop,Basic,5,1
CUST_003433,Control,35.93,33.68,34.97,24.86,medium,South,Mobile,Basic,12,0
CUST_003434,Treatment,55.48,33.13,63.74,61.98,medium,South,Mobile,Basic,2,1
CUST_003435,Treatment,11.83,24.9,18.87,22.05,low,North,Desktop,Basic,8,0
CUST_003436,Treatment,36.86,34.86,57.8,63.05,low,South,Mobile,Premium,14,0
CUST_003437,Treatment,49.72,65.08,59.87,51.19,medium,North,Desktop,Premium,4,1
CUST_003438,Treatment,34.38,45.51,40.37,53.24,high,North,Desktop,Basic,14,0
CUST_003439,Treatment,45.57,35.96,41.74,67.8,medium,East,Tablet,Enterprise,3,1
CUST_003440,Treatment,45.59,53.14,45.37,59.03,medium,North,Desktop,Premium,10,0
CUST_003441,Treatment,32.32,32.89,38.09,39.8,medium,East,Desktop,Basic,6,0
CUST_003442,Control,29.88,19.8,16.98,15.43,low,East,Desktop,Basic,51,0
CUST_003443,Treatment,31.72,40.19,32.3,37.61,high,South,Tablet,Basic,1,1
CUST_003444,Control,20.8,34.18,18.7,30.98,medium,South,Desktop,Basic,41,0
CUST_003445,Control,22.88,38.42,52.08,19.72,medium,West,Desktop,Basic,38,0
CUST_003446,Control,32.93,22.3,16.24,27.57,medium,South,Mobile,Basic,2,1
CUST_003447,Control,80.09,86.9,66.15,95.43,low,West,Mobile,Enterprise,5,1
CUST_003448,Treatment,20.52,30.06,19.01,23.43,medium,East,Tablet,Basic,9,0
CUST_003449,Treatment,20.42,41.02,30.33,20.64,medium,South,Mobile,Basic,45,0
CUST_003450,Treatment,39.82,25.56,16.84,13.48,medium,South,Mobile,Basic,16,0
CUST_003451,Control,54.13,53.03,58.57,65.3,high,North,Tablet,Basic,11,0
CUST_003452,Treatment,33.04,46.56,35.44,44.69,high,South,Mobile,Basic,32,0
CUST_003453,Treatment,79.92,93.22,99.37,89.24,medium,West,Desktop,Premium,13,0
CUST_003454,Treatment,146.02,151.44,158.73,195.27,high,West,Desktop,Enterprise,59,0
CUST_003455,Control,17.17,25.31,19.68,27.83,medium,South,Desktop,Basic,12,0
CUST_003456,Treatment,121.33,114.31,120.17,115.5,medium,South,Mobile,Enterprise,2,1
CUST_003457,Control,36.03,30.22,23.44,35.76,medium,East,Desktop,Basic,7,0
CUST_003458,Control,54.48,47.09,53.03,59.25,high,West,Mobile,Basic,18,0
CUST_003459,Control,47.82,46.29,51.44,43.63,low,South,Desktop,Premium,39,0
CUST_003460,Control,16.89,31.68,5.85,17.73,low,East,Mobile,Basic,26,0
CUST_003461,Control,15.27,37.17,36.02,35.78,low,West,Tablet,Basic,9,0
CUST_003462,Treatment,169.68,164.3,180.48,212.0,high,North,Mobile,Premium,2,1
CUST_003463,Treatment,15.71,25.12,18.34,26.49,low,West,Desktop,Basic,10,0
CUST_003464,Treatment,71.03,62.67,92.43,82.92,medium,East,Desktop,Premium,1,1
CUST_003465,Control,19.36,33.38,26.37,27.56,low,East,Mobile,Basic,13,0
CUST_003466,Control,118.03,119.87,116.53,121.27,high,East,Desktop,Premium,6,0
CUST_003467,Treatment,68.84,44.97,81.03,81.95,medium,South,Desktop,Premium,5,1
CUST_003468,Treatment,36.52,42.51,46.41,54.18,low,South,Mobile,Premium,1,1
CUST_003469,Treatment,120.53,129.67,110.11,120.48,low,North,Mobile,Enterprise,13,0
CUST_003470,Treatment,127.6,133.31,132.76,150.84,high,South,Desktop,Enterprise,3,1
CUST_003471,Treatment,73.03,62.29,70.48,60.04,medium,West,Desktop,Basic,1,1
CUST_003472,Control,23.97,9.81,15.86,18.12,low,South,Desktop,Basic,2,1
CUST_003473,Treatment,31.97,15.49,19.08,37.06,medium,South,Desktop,Basic,3,1
CUST_003474,Control,66.51,80.11,70.21,89.18,low,South,Desktop,Enterprise,52,0
CUST_003475,Treatment,24.74,55.48,33.57,52.11,high,North,Mobile,Basic,2,1
CUST_003476,Control,38.4,43.53,28.3,44.71,high,East,Mobile,Basic,23,0
CUST_003477,Control,19.6,15.83,21.51,4.71,low,West,Mobile,Basic,6,0
CUST_003478,Treatment,237.17,233.48,221.33,278.1,high,West,Mobile,Enterprise,19,0
CUST_003479,Control,44.13,39.33,38.28,37.85,medium,South,Desktop,Basic,22,0
CUST_003480,Control,27.17,21.75,38.11,38.48,medium,South,Mobile,Basic,29,0
CUST_003481,Treatment,94.09,105.37,112.06,120.9,low,East,Mobile,Enterprise,20,0
CUST_003482,Control,24.9,21.84,14.89,20.28,low,West,Desktop,Basic,1,1
CUST_003483,Control,26.55,14.59,12.21,16.23,low,North,Tablet,Basic,7,0
CUST_003484,Treatment,48.88,53.21,46.37,61.75,medium,North,Tablet,Premium,1,1
CUST_003485,Control,99.88,93.15,113.63,97.94,high,South,Desktop,Premium,1,1
CUST_003486,Control,39.02,46.33,40.35,34.53,high,West,Desktop,Basic,15,0
CUST_003487,Treatment,90.14,78.52,95.11,107.17,high,South,Desktop,Basic,7,0
CUST_003488,Treatment,46.75,62.26,57.29,51.42,medium,North,Desktop,Premium,1,1
CUST_003489,Control,20.0,37.71,31.79,33.32,medium,North,Mobile,Basic,29,0
CUST_003490,Treatment,63.55,51.44,47.26,71.02,medium,East,Mobile,Premium,5,1
CUST_003491,Control,59.68,78.24,68.91,67.05,medium,West,Desktop,Premium,6,0
CUST_003492,Treatment,165.14,166.6,147.99,181.78,high,North,Desktop,Enterprise,17,0
CUST_003493,Treatment,9.86,29.52,24.29,35.41,low,East,Mobile,Basic,24,0
CUST_003494,Control,65.46,63.08,79.93,60.94,low,North,Desktop,Premium,36,0
CUST_003495,Treatment,63.5,52.02,34.38,51.79,high,East,Tablet,Basic,21,0
CUST_003496,Control,130.54,141.65,146.62,146.32,medium,South,Desktop,Enterprise,18,0
CUST_003497,Treatment,214.48,223.16,217.96,240.97,medium,North,Desktop,Enterprise,1,1
CUST_003498,Treatment,117.13,127.45,122.82,146.4,high,East,Desktop,Premium,13,0
CUST_003499,Treatment,43.16,23.02,34.59,29.77,medium,North,Desktop,Premium,7,0
CUST_003500,Control,39.86,67.33,62.4,70.42,medium,North,Desktop,Premium,19,0
CUST_003501,Treatment,41.26,41.3,36.28,45.32,low,North,Desktop,Premium,17,0
CUST_003502,Control,49.68,33.17,47.06,56.35,high,North,Desktop,Basic,20,0
CUST_003503,Control,44.97,45.17,44.12,55.63,medium,North,Desktop,Basic,9,0
CUST_003504,Treatment,56.53,48.02,55.88,77.77,low,North,Desktop,Premium,6,0
CUST_003505,Control,53.98,59.06,53.35,71.67,medium,East,Mobile,Basic,32,0
CUST_003506,Control,12.72,22.56,27.54,37.79,low,North,Desktop,Basic,7,0
CUST_003507,Treatment,40.96,45.61,52.0,50.95,medium,East,Desktop,Basic,1,1
CUST_003508,Control,75.21,60.6,76.09,73.75,medium,West,Mobile,Premium,7,0
CUST_003509,Control,67.98,53.71,62.47,67.63,low,West,Mobile,Enterprise,1,1
CUST_003510,Control,19.1,14.38,15.07,30.05,low,West,Desktop,Basic,56,0
CUST_003511,Treatment,64.57,56.71,59.72,63.81,medium,West,Desktop,Premium,1,1
CUST_003512,Treatment,38.93,35.14,61.16,53.23,medium,North,Desktop,Basic,23,0
CUST_003513,Treatment,37.41,41.35,59.49,57.15,high,South,Mobile,Basic,1,1
CUST_003514,Control,79.7,70.53,60.48,69.58,medium,North,Mobile,Premium,24,0
CUST_003515,Control,17.32,16.55,9.45,10.82,medium,West,Mobile,Basic,9,0
CUST_003516,Treatment,20.97,27.63,32.2,40.27,high,North,Desktop,Basic,2,1
CUST_003517,Control,26.47,19.31,30.36,52.38,low,North,Mobile,Premium,3,1
CUST_003518,Control,14.41,19.57,20.29,15.28,low,South,Mobile,Basic,2,1
CUST_003519,Control,26.6,25.44,15.4,36.56,medium,West,Mobile,Basic,8,0
CUST_003520,Treatment,16.09,21.13,23.17,26.57,low,South,Mobile,Basic,3,1
CUST_003521,Control,38.01,32.56,37.04,22.62,medium,South,Desktop,Premium,8,0
CUST_003522,Treatment,19.09,10.29,25.04,17.8,low,South,Tablet,Basic,19,0
CUST_003523,Treatment,42.96,48.35,54.35,74.89,high,West,Tablet,Basic,33,0
CUST_003524,Control,33.27,35.5,44.22,37.54,medium,West,Tablet,Basic,3,1
CUST_003525,Treatment,17.07,30.55,9.44,23.97,low,South,Desktop,Basic,13,0
CUST_003526,Control,170.89,176.71,190.8,177.57,medium,East,Desktop,Enterprise,3,1
CUST_003527,Treatment,141.85,160.24,142.82,172.65,high,West,Mobile,Enterprise,17,0
CUST_003528,Control,26.14,26.35,11.55,20.67,medium,East,Mobile,Basic,24,0
CUST_003529,Control,101.91,74.21,95.96,105.52,medium,East,Mobile,Enterprise,1,1
CUST_003530,Treatment,37.09,37.67,32.26,42.55,medium,East,Desktop,Basic,22,0
CUST_003531,Treatment,55.96,76.99,52.49,63.48,medium,West,Mobile,Premium,12,0
CUST_003532,Treatment,59.05,64.8,52.66,68.2,low,East,Mobile,Premium,2,1
CUST_003533,Control,40.53,43.62,37.72,43.01,high,East,Desktop,Basic,20,0
CUST_003534,Treatment,61.11,70.4,77.07,84.74,medium,South,Desktop,Premium,2,1
CUST_003535,Control,32.32,38.62,29.68,26.2,medium,South,Desktop,Basic,12,0
CUST_003536,Treatment,40.8,48.79,49.28,60.78,medium,South,Tablet,Basic,25,0
CUST_003537,Treatment,49.35,42.49,35.25,47.94,medium,West,Desktop,Basic,60,0
CUST_003538,Treatment,68.74,85.04,78.06,80.97,low,South,Mobile,Enterprise,1,1
CUST_003539,Treatment,51.05,58.74,54.79,56.79,medium,South,Desktop,Premium,1,1
CUST_003540,Treatment,71.65,78.92,53.96,82.62,high,East,Mobile,Basic,1,1
CUST_003541,Control,39.52,49.75,42.24,47.33,medium,North,Desktop,Basic,4,1
CUST_003542,Control,25.51,17.91,10.7,23.04,low,North,Desktop,Basic,35,0
CUST_003543,Control,6.87,15.86,16.05,29.76,low,North,Desktop,Basic,33,0
CUST_003544,Treatment,14.57,21.69,27.22,16.76,low,North,Desktop,Basic,24,0
CUST_003545,Control,73.92,73.57,84.85,63.37,medium,East,Desktop,Premium,13,0
CUST_003546,Treatment,24.84,29.3,16.74,10.56,medium,West,Mobile,Basic,2,1
CUST_003547,Treatment,22.07,12.6,10.44,15.85,low,West,Desktop,Basic,25,0
CUST_003548,Treatment,50.97,41.98,56.79,28.73,low,West,Desktop,Premium,22,0
CUST_003549,Control,22.51,28.55,18.96,30.96,low,West,Desktop,Basic,2,1
CUST_003550,Control,27.26,19.3,29.96,12.01,low,West,Mobile,Basic,17,0
CUST_003551,Treatment,82.08,109.7,103.66,126.03,medium,East,Desktop,Premium,19,0
CUST_003552,Treatment,128.69,121.31,126.71,138.35,high,South,Mobile,Premium,25,0
CUST_003553,Treatment,114.56,103.39,88.62,130.93,high,West,Mobile,Premium,5,1
CUST_003554,Control,110.8,108.23,120.48,113.42,low,South,Tablet,Enterprise,24,0
CUST_003555,Control,57.11,38.73,55.49,56.57,low,East,Desktop,Premium,5,1
CUST_003556,Treatment,72.52,80.05,72.28,93.33,medium,West,Mobile,Enterprise,11,0
CUST_003557,Control,55.06,53.38,51.37,47.41,high,West,Mobile,Premium,60,0
CUST_003558,Control,24.78,31.72,39.38,28.99,medium,East,Mobile,Basic,31,0
CUST_003559,Treatment,33.8,42.0,30.98,37.02,low,East,Mobile,Basic,12,0
CUST_003560,Treatment,36.83,54.52,61.1,58.02,low,East,Desktop,Premium,10,0
CUST_003561,Control,32.12,21.94,46.8,38.89,medium,West,Desktop,Basic,5,1
CUST_003562,Treatment,104.26,77.39,106.32,96.77,high,South,Tablet,Premium,15,0
CUST_003563,Control,23.38,26.65,33.34,33.0,medium,East,Mobile,Basic,60,0
CUST_003564,Control,16.74,32.74,30.35,23.86,medium,North,Desktop,Basic,47,0
CUST_003565,Control,36.49,50.64,45.65,51.69,high,South,Tablet,Basic,11,0
CUST_003566,Treatment,53.39,47.74,32.43,36.52,low,East,Desktop,Premium,24,0
CUST_003567,Treatment,58.52,38.51,39.03,53.27,medium,East,Desktop,Premium,8,0
CUST_003568,Treatment,127.49,140.57,131.59,167.94,high,North,Desktop,Enterprise,10,0
CUST_003569,Control,26.1,22.0,31.33,26.17,high,West,Desktop,Basic,4,1
CUST_003570,Treatment,45.03,23.28,47.95,49.85,low,North,Desktop,Premium,11,0
CUST_003571,Treatment,38.53,48.96,41.83,63.75,high,South,Desktop,Basic,21,0
CUST_003572,Treatment,17.28,32.55,33.43,39.39,medium,North,Desktop,Basic,3,1
CUST_003573,Control,26.0,16.9,22.5,15.91,medium,East,Desktop,Basic,1,1
CUST_003574,Treatment,150.48,165.5,175.98,207.88,medium,West,Desktop,Enterprise,7,0
CUST_003575,Treatment,11.87,33.92,23.18,22.59,medium,South,Desktop,Basic,8,0
CUST_003576,Treatment,26.66,22.06,25.98,33.42,low,East,Mobile,Basic,21,0
CUST_003577,Treatment,24.86,32.61,27.82,15.78,low,South,Desktop,Basic,7,0
CUST_003578,Treatment,28.13,28.95,35.27,41.17,low,West,Desktop,Basic,60,0
CUST_003579,Control,41.31,53.04,59.55,46.47,high,South,Desktop,Basic,1,1
CUST_003580,Treatment,38.77,52.66,51.6,53.67,high,East,Desktop,Basic,34,0
CUST_003581,Control,63.72,86.15,73.65,80.07,medium,West,Desktop,Premium,1,1
CUST_003582,Treatment,8.54,27.28,17.65,26.87,low,East,Desktop,Basic,7,0
CUST_003583,Treatment,58.14,53.24,67.12,75.34,medium,East,Desktop,Premium,52,0
CUST_003584,Treatment,18.46,37.55,17.27,24.62,low,East,Mobile,Basic,7,0
CUST_003585,Control,96.3,82.35,95.01,94.91,high,East,Desktop,Premium,8,0
CUST_003586,Treatment,31.58,35.38,50.03,63.16,medium,West,Desktop,Basic,34,0
CUST_003587,Control,50.34,57.98,52.16,44.67,low,North,Desktop,Premium,1,1
CUST_003588,Control,43.21,38.4,38.85,31.58,medium,East,Desktop,Basic,60,0
CUST_003589,Control,23.6,27.47,24.04,23.18,medium,West,Mobile,Basic,3,1
CUST_003590,Control,165.86,186.7,177.26,201.49,high,East,Desktop,Enterprise,14,0
CUST_003591,Control,78.69,77.04,70.75,70.36,medium,West,Mobile,Premium,6,0
CUST_003592,Treatment,55.67,59.68,50.76,59.08,low,South,Mobile,Premium,6,0
CUST_003593,Treatment,74.1,70.85,77.13,78.87,medium,West,Desktop,Premium,17,0
CUST_003594,Control,44.14,33.36,32.77,37.79,high,West,Desktop,Basic,2,1
CUST_003595,Treatment,27.92,22.39,29.88,29.93,low,East,Desktop,Basic,1,1
CUST_003596,Treatment,41.19,25.08,30.62,24.41,medium,North,Desktop,Basic,8,0
CUST_003597,Treatment,27.89,29.62,25.94,44.32,low,North,Mobile,Premium,11,0
CUST_003598,Control,36.31,72.02,57.49,43.56,low,West,Desktop,Premium,21,0
CUST_003599,Control,18.11,19.95,7.36,5.86,low,North,Desktop,Basic,12,0
CUST_003600,Treatment,61.93,53.81,63.39,71.61,high,North,Mobile,Basic,2,1
CUST_003601,Control,45.89,22.24,22.88,25.7,medium,South,Tablet,Basic,22,0
CUST_003602,Treatment,48.65,64.5,46.93,77.07,high,North,Mobile,Premium,35,0
CUST_003603,Treatment,23.87,29.79,36.91,35.18,medium,North,Mobile,Basic,1,1
CUST_003604,Control,34.15,23.65,31.32,32.71,medium,East,Mobile,Basic,43,0
CUST_003605,Control,50.57,62.32,54.33,37.22,high,North,Desktop,Basic,1,1
CUST_003606,Control,54.71,36.07,50.36,42.68,medium,West,Desktop,Basic,2,1
CUST_003607,Control,26.72,15.92,11.64,0.32,low,West,Tablet,Basic,18,0
CUST_003608,Treatment,90.88,75.1,90.02,87.3,medium,South,Mobile,Premium,31,0
CUST_003609,Control,25.39,26.11,38.93,23.26,low,South,Desktop,Basic,7,0
CUST_003610,Treatment,14.05,30.87,28.55,25.8,medium,North,Desktop,Basic,28,0
CUST_003611,Treatment,119.69,113.99,141.06,140.35,medium,East,Desktop,Enterprise,6,0
CUST_003612,Treatment,48.25,46.04,42.61,50.23,medium,North,Mobile,Basic,16,0
CUST_003613,Control,43.05,55.39,62.9,61.35,high,South,Mobile,Basic,2,1
CUST_003614,Treatment,65.84,63.89,78.07,79.49,low,East,Mobile,Enterprise,22,0
CUST_003615,Control,63.87,69.76,70.59,65.54,low,West,Tablet,Enterprise,1,1
CUST_003616,Control,43.48,37.25,26.56,28.7,medium,East,Mobile,Basic,10,0
CUST_003617,Control,96.24,93.14,87.78,105.41,high,East,Mobile,Premium,15,0
CUST_003618,Treatment,104.75,117.44,106.64,135.83,medium,East,Mobile,Enterprise,60,0
CUST_003619,Control,27.76,30.32,56.8,25.22,low,West,Mobile,Basic,8,0
CUST_003620,Control,88.93,109.51,91.91,103.86,medium,West,Tablet,Enterprise,24,0
CUST_003621,Treatment,37.96,25.48,22.5,26.99,low,North,Desktop,Basic,2,1
CUST_003622,Treatment,82.82,83.62,101.34,101.5,low,South,Tablet,Premium,4,1
CUST_003623,Control,8.07,14.52,16.09,24.44,medium,North,Desktop,Basic,12,0
CUST_003624,Treatment,95.72,88.38,98.72,104.2,medium,East,Mobile,Premium,1,1
CUST_003625,Control,93.47,102.31,81.09,108.17,medium,North,Desktop,Enterprise,57,0
CUST_003626,Control,164.39,186.68,179.96,188.56,medium,West,Desktop,Enterprise,31,0
CUST_003627,Control,16.18,36.46,27.74,24.32,high,East,Mobile,Basic,27,0
CUST_003628,Treatment,39.6,44.52,49.5,38.02,low,East,Mobile,Premium,13,0
CUST_003629,Control,22.56,25.05,25.42,31.81,medium,South,Desktop,Basic,24,0
CUST_003630,Control,103.47,105.67,91.01,121.36,medium,North,Mobile,Enterprise,2,1
CUST_003631,Control,41.39,39.34,35.1,33.54,low,East,Desktop,Premium,3,1
CUST_003632,Control,18.34,26.23,31.09,7.97,medium,South,Desktop,Basic,2,1
CUST_003633,Control,19.03,23.49,14.71,23.78,low,West,Desktop,Basic,3,1
CUST_003634,Control,41.03,30.64,40.77,49.15,medium,West,Tablet,Premium,17,0
CUST_003635,Treatment,57.05,43.9,55.83,62.22,medium,South,Mobile,Premium,22,0
CUST_003636,Treatment,38.18,61.76,48.99,52.88,high,East,Mobile,Premium,3,1
CUST_003637,Treatment,51.76,64.53,71.06,75.02,high,West,Desktop,Premium,6,0
CUST_003638,Treatment,102.14,97.16,110.56,129.56,medium,East,Desktop,Premium,13,0
CUST_003639,Treatment,21.38,28.16,32.05,28.47,medium,East,Desktop,Basic,7,0
CUST_003640,Treatment,66.51,66.21,58.48,71.0,low,North,Mobile,Enterprise,16,0
CUST_003641,Treatment,33.95,29.6,52.29,38.58,medium,West,Mobile,Premium,16,0
CUST_003642,Control,57.22,55.84,56.13,47.95,low,West,Desktop,Premium,8,0
CUST_003643,Control,32.12,27.27,21.0,43.48,high,South,Mobile,Basic,20,0
CUST_003644,Treatment,68.88,67.09,83.84,71.82,medium,West,Desktop,Premium,1,1
CUST_003645,Control,48.51,61.71,70.67,52.41,high,East,Desktop,Basic,9,0
CUST_003646,Treatment,23.26,24.39,33.42,35.05,medium,West,Mobile,Basic,26,0
CUST_003647,Treatment,78.14,73.31,64.72,82.96,low,West,Tablet,Premium,1,1
CUST_003648,Treatment,41.82,48.15,37.45,38.05,medium,West,Desktop,Basic,1,1
CUST_003649,Control,53.44,81.9,56.98,72.88,high,South,Mobile,Basic,17,0
CUST_003650,Control,54.29,44.07,59.04,73.18,low,West,Mobile,Premium,12,0
CUST_003651,Treatment,17.63,10.57,21.72,11.76,low,East,Mobile,Basic,24,0
CUST_003652,Control,82.08,71.75,96.87,89.9,medium,South,Desktop,Premium,24,0
CUST_003653,Control,69.87,73.24,80.69,72.16,medium,East,Desktop,Premium,6,0
CUST_003654,Control,49.08,49.51,62.39,67.74,high,East,Mobile,Basic,12,0
CUST_003655,Treatment,15.49,9.17,22.42,23.78,low,West,Mobile,Basic,3,1
CUST_003656,Treatment,45.02,57.29,54.95,50.53,low,West,Desktop,Basic,21,0
CUST_003657,Treatment,53.49,50.55,47.09,54.92,high,East,Mobile,Basic,2,1
CUST_003658,Control,51.57,49.13,54.98,62.19,medium,West,Tablet,Premium,11,0
CUST_003659,Control,54.35,38.49,42.39,50.94,low,East,Mobile,Premium,3,1
CUST_003660,Treatment,16.96,13.55,20.51,18.79,medium,East,Desktop,Basic,37,0
CUST_003661,Treatment,53.23,65.87,57.76,64.02,low,South,Desktop,Premium,18,0
CUST_003662,Control,29.8,19.6,30.93,24.38,low,West,Desktop,Basic,36,0
CUST_003663,Treatment,78.91,82.93,77.27,69.69,high,North,Desktop,Premium,1,1
CUST_003664,Control,23.31,31.15,36.47,26.26,low,East,Desktop,Basic,1,1
CUST_003665,Control,36.52,43.06,64.94,44.96,high,North,Desktop,Basic,20,0
CUST_003666,Control,36.61,38.88,35.31,47.73,high,East,Desktop,Basic,4,1
CUST_003667,Control,229.14,247.76,250.48,265.75,high,East,Mobile,Enterprise,15,0
CUST_003668,Control,173.15,182.2,172.53,177.25,high,South,Desktop,Enterprise,15,0
CUST_003669,Control,25.77,25.78,37.51,20.97,low,South,Desktop,Basic,60,0
CUST_003670,Treatment,35.24,32.13,43.17,57.14,medium,West,Mobile,Basic,19,0
CUST_003671,Control,247.71,244.76,257.25,263.36,high,North,Mobile,Enterprise,1,1
CUST_003672,Treatment,30.07,31.12,7.72,29.0,medium,South,Mobile,Basic,6,0
CUST_003673,Control,20.96,25.88,30.77,25.13,low,North,Mobile,Basic,3,1
CUST_003674,Control,31.47,31.3,43.24,20.39,low,South,Desktop,Premium,15,0
CUST_003675,Control,36.22,31.8,40.53,39.46,medium,West,Desktop,Basic,5,1
CUST_003676,Treatment,49.43,59.93,54.02,58.63,high,East,Mobile,Basic,38,0
CUST_003677,Control,23.02,28.88,31.06,48.24,high,North,Mobile,Basic,1,1
CUST_003678,Control,42.97,31.46,33.21,40.34,low,South,Tablet,Premium,8,0
CUST_003679,Control,121.25,125.0,132.29,128.36,medium,North,Desktop,Enterprise,1,1
CUST_003680,Control,67.68,42.02,43.1,48.21,medium,East,Desktop,Basic,1,1
CUST_003681,Treatment,46.55,52.33,19.89,44.4,medium,East,Mobile,Basic,10,0
CUST_003682,Treatment,167.17,181.85,199.64,204.91,medium,East,Tablet,Enterprise,1,1
CUST_003683,Control,30.46,52.11,44.65,58.77,low,North,Mobile,Premium,11,0
CUST_003684,Control,37.19,22.82,35.74,29.1,medium,North,Mobile,Basic,22,0
CUST_003685,Control,82.44,87.26,77.59,87.03,medium,South,Mobile,Premium,47,0
CUST_003686,Control,79.25,84.61,81.83,74.44,low,West,Tablet,Enterprise,2,1
CUST_003687,Control,23.0,38.13,23.39,44.21,low,West,Desktop,Premium,13,0
CUST_003688,Control,54.39,59.06,47.64,52.08,high,North,Mobile,Basic,5,1
CUST_003689,Treatment,121.35,104.5,117.8,134.17,medium,South,Desktop,Enterprise,7,0
CUST_003690,Treatment,69.41,51.01,68.77,92.19,medium,West,Mobile,Premium,1,1
CUST_003691,Treatment,155.33,144.52,147.57,177.26,high,North,Desktop,Enterprise,22,0
CUST_003692,Control,51.92,60.34,64.04,73.58,medium,West,Desktop,Premium,12,0
CUST_003693,Control,17.47,23.4,30.41,40.11,medium,North,Desktop,Basic,6,0
CUST_003694,Control,42.36,38.68,46.39,42.51,medium,South,Desktop,Basic,15,0
CUST_003695,Treatment,107.77,92.95,92.78,100.33,medium,West,Tablet,Premium,3,1
CUST_003696,Treatment,82.9,66.47,76.35,88.76,high,West,Desktop,Premium,20,0
CUST_003697,Treatment,64.44,81.91,81.47,91.13,high,North,Mobile,Basic,1,1
CUST_003698,Treatment,31.53,41.64,47.71,50.39,low,West,Desktop,Premium,1,1
CUST_003699,Treatment,157.95,154.86,154.6,186.6,medium,North,Desktop,Enterprise,11,0
CUST_003700,Control,106.49,95.92,106.6,97.43,medium,South,Mobile,Premium,2,1
CUST_003701,Control,30.12,33.78,15.9,21.68,low,South,Mobile,Basic,17,0
CUST_003702,Treatment,60.94,42.28,52.42,63.19,high,West,Mobile,Basic,60,0
CUST_003703,Control,20.42,14.52,25.62,24.87,medium,West,Desktop,Basic,8,0
CUST_003704,Control,22.76,35.98,32.47,44.92,medium,North,Mobile,Basic,1,1
CUST_003705,Treatment,40.78,47.24,47.46,59.9,medium,East,Mobile,Basic,1,1
CUST_003706,Treatment,93.2,78.97,80.62,101.57,high,West,Mobile,Premium,8,0
CUST_003707,Control,33.7,49.07,48.43,31.7,low,West,Desktop,Premium,1,1
CUST_003708,Control,34.45,49.88,39.11,40.08,high,East,Desktop,Basic,4,1
CUST_003709,Treatment,82.23,68.51,79.4,86.63,low,East,Mobile,Enterprise,7,0
CUST_003710,Control,42.62,45.48,41.64,28.41,medium,North,Tablet,Basic,2,1
CUST_003711,Control,31.81,41.18,16.22,45.54,medium,West,Tablet,Basic,5,1
CUST_003712,Treatment,25.26,21.21,14.7,25.84,medium,South,Desktop,Basic,2,1
CUST_003713,Treatment,19.63,24.71,24.29,16.32,low,West,Desktop,Basic,12,0
CUST_003714,Control,51.42,33.27,61.33,54.77,low,West,Desktop,Basic,1,1
CUST_003715,Treatment,63.18,51.44,57.32,68.09,medium,West,Desktop,Premium,15,0
CUST_003716,Control,95.0,100.22,97.49,106.63,low,North,Mobile,Enterprise,24,0
CUST_003717,Treatment,100.19,90.13,93.4,94.04,medium,East,Tablet,Enterprise,24,0
CUST_003718,Control,61.81,52.4,49.14,51.36,medium,East,Desktop,Basic,13,0
CUST_003719,Treatment,82.41,76.86,91.83,98.18,high,North,Desktop,Basic,38,0
CUST_003720,Treatment,29.64,39.46,43.2,32.33,medium,East,Mobile,Basic,6,0
CUST_003721,Treatment,56.02,44.95,45.09,43.64,low,South,Desktop,Premium,1,1
CUST_003722,Treatment,43.48,39.68,34.27,39.65,high,East,Desktop,Basic,19,0
CUST_003723,Control,74.28,74.9,83.86,89.76,high,North,Mobile,Premium,1,1
CUST_003724,Treatment,148.09,153.83,153.33,163.96,medium,West,Tablet,Enterprise,1,1
CUST_003725,Control,28.28,19.53,24.08,31.41,low,North,Mobile,Basic,1,1
CUST_003726,Control,31.48,43.21,23.5,45.96,low,West,Desktop,Premium,23,0
CUST_003727,Treatment,103.77,115.99,111.03,124.37,medium,West,Mobile,Premium,57,0
CUST_003728,Treatment,29.85,39.1,34.0,30.81,high,West,Tablet,Basic,23,0
CUST_003729,Treatment,43.39,43.06,41.66,51.45,medium,West,Desktop,Basic,5,1
CUST_003730,Treatment,104.41,96.12,115.91,130.21,high,West,Mobile,Premium,9,0
CUST_003731,Control,56.42,61.74,40.24,53.08,medium,East,Desktop,Premium,24,0
CUST_003732,Control,22.66,16.5,26.96,23.27,low,East,Desktop,Basic,1,1
CUST_003733,Treatment,29.8,38.74,31.6,32.47,medium,South,Desktop,Basic,8,0
CUST_003734,Treatment,22.54,25.74,32.67,28.2,medium,North,Mobile,Basic,21,0
CUST_003735,Treatment,15.75,20.61,16.02,16.97,low,West,Desktop,Basic,23,0
CUST_003736,Control,25.88,16.57,23.92,10.16,low,North,Desktop,Basic,33,0
CUST_003737,Treatment,212.58,200.83,211.16,258.83,high,South,Mobile,Enterprise,2,1
CUST_003738,Treatment,116.11,131.37,138.43,141.31,medium,South,Mobile,Enterprise,22,0
CUST_003739,Treatment,54.13,51.22,42.26,53.15,low,West,Desktop,Premium,2,1
CUST_003740,Control,33.28,34.27,49.72,34.08,medium,South,Desktop,Basic,14,0
CUST_003741,Treatment,33.11,33.77,39.94,35.72,low,East,Tablet,Premium,1,1
CUST_003742,Treatment,139.22,169.23,144.25,158.01,medium,East,Desktop,Enterprise,4,1
CUST_003743,Treatment,64.26,75.07,65.02,87.67,low,West,Mobile,Premium,13,0
CUST_003744,Treatment,47.29,61.77,63.0,72.66,high,North,Desktop,Basic,16,0
CUST_003745,Control,1.53,15.78,17.45,21.07,low,East,Mobile,Basic,7,0
CUST_003746,Control,145.11,150.62,158.83,156.7,high,West,Desktop,Premium,13,0
CUST_003747,Treatment,80.22,85.83,79.25,85.85,low,West,Desktop,Enterprise,8,0
CUST_003748,Treatment,32.32,56.15,60.36,54.85,low,East,Mobile,Premium,13,0
CUST_003749,Treatment,135.69,140.8,148.4,163.42,medium,East,Desktop,Enterprise,12,0
CUST_003750,Control,37.01,37.65,40.6,35.33,medium,East,Mobile,Basic,27,0
CUST_003751,Treatment,45.16,53.87,32.68,45.32,medium,West,Desktop,Basic,21,0
CUST_003752,Treatment,35.14,41.23,25.34,30.94,medium,North,Desktop,Basic,17,0
CUST_003753,Control,0.0,20.96,20.26,14.03,low,East,Tablet,Basic,7,0
CUST_003754,Treatment,18.33,41.89,39.27,40.64,medium,North,Mobile,Basic,3,1
CUST_003755,Control,44.03,50.29,61.96,57.29,medium,South,Mobile,Premium,2,1
CUST_003756,Treatment,76.59,88.74,77.97,76.1,high,West,Mobile,Basic,6,0
CUST_003757,Control,45.33,32.07,28.99,21.22,medium,North,Tablet,Basic,15,0
CUST_003758,Treatment,113.86,117.11,108.84,152.6,medium,East,Desktop,Enterprise,2,1
CUST_003759,Treatment,33.33,32.34,38.0,38.94,low,East,Mobile,Basic,4,1
CUST_003760,Control,28.14,24.96,13.44,13.0,low,East,Desktop,Basic,1,1
CUST_003761,Control,37.26,42.15,54.72,46.5,low,East,Desktop,Enterprise,1,1
CUST_003762,Treatment,39.77,45.95,49.26,69.81,low,North,Mobile,Basic,22,0
CUST_003763,Control,25.32,26.01,35.89,41.47,low,South,Mobile,Basic,3,1
CUST_003764,Treatment,29.51,16.27,19.26,33.97,low,North,Desktop,Basic,47,0
CUST_003765,Control,20.23,18.51,13.53,9.64,low,West,Desktop,Basic,28,0
CUST_003766,Control,41.48,62.28,28.08,43.83,medium,South,Mobile,Basic,6,0
CUST_003767,Control,21.14,12.38,30.11,13.25,medium,North,Desktop,Basic,21,0
CUST_003768,Treatment,38.15,28.13,14.58,49.34,medium,West,Desktop,Basic,35,0
CUST_003769,Treatment,114.22,105.62,127.31,119.15,medium,North,Mobile,Premium,10,0
CUST_003770,Treatment,63.84,85.92,64.56,75.37,medium,East,Desktop,Premium,13,0
CUST_003771,Control,57.61,85.25,73.11,73.21,medium,East,Mobile,Premium,13,0
CUST_003772,Control,67.29,74.48,77.58,54.86,high,East,Mobile,Premium,29,0
CUST_003773,Treatment,12.8,2.17,22.97,22.06,medium,North,Mobile,Basic,4,1
CUST_003774,Control,101.12,79.95,105.72,100.55,high,South,Mobile,Premium,4,1
CUST_003775,Treatment,36.03,48.82,42.11,52.27,medium,North,Desktop,Premium,11,0
CUST_003776,Control,25.42,19.52,45.65,49.19,medium,North,Desktop,Basic,24,0
CUST_003777,Control,59.42,51.43,54.18,62.72,medium,West,Mobile,Premium,16,0
CUST_003778,Treatment,59.15,79.64,91.15,85.62,medium,South,Desktop,Enterprise,22,0
CUST_003779,Treatment,17.21,47.53,24.75,29.62,high,West,Mobile,Basic,5,1
CUST_003780,Control,27.62,25.22,36.75,17.79,low,East,Desktop,Premium,7,0
CUST_003781,Control,32.08,23.58,21.42,28.16,medium,East,Desktop,Basic,5,1
CUST_003782,Control,43.44,40.6,39.49,38.09,low,East,Desktop,Premium,22,0
CUST_003783,Control,31.18,45.07,35.35,45.48,medium,West,Mobile,Basic,1,1
CUST_003784,Control,36.95,34.01,32.05,28.55,medium,West,Desktop,Basic,21,0
CUST_003785,Treatment,47.98,53.14,50.37,65.65,medium,East,Tablet,Premium,9,0
CUST_003786,Control,68.14,65.92,73.13,73.95,medium,West,Desktop,Premium,15,0
CUST_003787,Treatment,71.81,74.79,65.35,76.82,low,East,Desktop,Premium,10,0
CUST_003788,Treatment,145.57,145.8,153.64,181.09,high,West,Mobile,Premium,40,0
CUST_003789,Control,62.43,65.71,68.08,77.51,medium,West,Desktop,Premium,2,1
CUST_003790,Treatment,50.31,56.36,58.38,64.51,medium,South,Mobile,Premium,21,0
CUST_003791,Treatment,92.96,121.77,111.06,135.9,high,North,Tablet,Premium,40,0
CUST_003792,Control,32.06,43.84,45.46,56.36,low,East,Desktop,Basic,34,0
CUST_003793,Treatment,35.46,52.76,51.83,50.92,high,East,Desktop,Basic,4,1
CUST_003794,Treatment,22.86,33.75,29.1,22.76,high,West,Desktop,Basic,4,1
CUST_003795,Control,24.97,9.95,22.71,23.24,medium,West,Mobile,Basic,2,1
CUST_003796,Treatment,73.44,71.97,89.66,86.17,low,West,Desktop,Enterprise,2,1
CUST_003797,Control,89.36,94.94,96.58,105.93,medium,South,Desktop,Premium,11,0
CUST_003798,Treatment,20.11,25.95,33.77,23.65,medium,West,Mobile,Basic,11,0
CUST_003799,Treatment,37.61,37.68,43.58,39.31,low,North,Mobile,Premium,11,0
CUST_003800,Control,102.54,101.35,90.1,93.86,high,East,Desktop,Premium,7,0
CUST_003801,Control,151.36,173.08,181.19,178.02,high,North,Mobile,Premium,60,0
CUST_003802,Treatment,200.5,207.9,214.02,242.3,medium,South,Desktop,Enterprise,17,0
CUST_003803,Treatment,123.6,141.3,142.22,132.42,medium,South,Mobile,Enterprise,6,0
CUST_003804,Control,33.93,19.52,23.42,28.14,medium,North,Mobile,Basic,11,0
CUST_003805,Treatment,57.74,61.56,57.03,76.76,medium,South,Desktop,Premium,2,1
CUST_003806,Control,29.0,25.97,20.27,17.85,low,East,Desktop,Basic,25,0
CUST_003807,Treatment,69.88,83.47,97.06,103.45,medium,East,Desktop,Basic,10,0
CUST_003808,Treatment,41.82,37.73,29.7,51.95,medium,West,Desktop,Basic,6,0
CUST_003809,Treatment,28.3,16.95,20.07,28.82,low,North,Mobile,Basic,11,0
CUST_003810,Control,38.36,54.8,48.92,53.67,high,North,Desktop,Basic,3,1
CUST_003811,Treatment,287.13,304.61,296.92,354.09,high,West,Mobile,Enterprise,5,1
CUST_003812,Control,25.03,27.26,26.59,29.04,medium,East,Mobile,Basic,7,0
CUST_003813,Treatment,47.76,47.22,70.02,66.78,medium,West,Mobile,Premium,29,0
CUST_003814,Treatment,96.71,84.07,92.64,92.33,high,South,Desktop,Premium,3,1
CUST_003815,Control,100.7,89.13,73.0,83.02,medium,North,Mobile,Premium,3,1
CUST_003816,Treatment,25.83,41.57,39.06,48.87,medium,West,Mobile,Basic,6,0
CUST_003817,Treatment,32.01,51.79,24.85,48.6,low,East,Desktop,Basic,27,0
CUST_003818,Control,30.21,45.82,38.59,51.21,low,West,Mobile,Basic,22,0
CUST_003819,Treatment,90.09,74.68,77.63,115.19,high,West,Mobile,Premium,13,0
CUST_003820,Treatment,57.61,49.34,56.45,64.04,low,North,Desktop,Enterprise,14,0
CUST_003821,Treatment,26.96,23.91,33.77,26.58,low,East,Tablet,Basic,2,1
CUST_003822,Treatment,91.35,92.88,98.33,115.95,high,West,Mobile,Premium,13,0
CUST_003823,Treatment,43.94,14.15,33.86,36.35,low,North,Mobile,Basic,1,1
CUST_003824,Control,58.88,69.66,59.93,64.75,medium,West,Mobile,Premium,1,1
CUST_003825,Treatment,27.66,22.06,26.04,17.36,low,East,Tablet,Basic,9,0
CUST_003826,Control,26.78,29.22,21.42,35.09,medium,North,Mobile,Basic,5,1
CUST_003827,Treatment,148.11,152.4,166.09,189.57,medium,East,Mobile,Enterprise,38,0
CUST_003828,Treatment,93.58,91.24,97.38,117.17,high,South,Mobile,Premium,4,1
CUST_003829,Control,28.42,22.98,27.98,39.04,low,North,Mobile,Premium,1,1
CUST_003830,Control,53.84,31.18,41.74,43.48,low,West,Tablet,Premium,19,0
CUST_003831,Treatment,28.4,27.58,23.95,25.38,medium,South,Mobile,Basic,10,0
CUST_003832,Treatment,52.19,63.88,58.09,63.12,low,North,Mobile,Premium,8,0
CUST_003833,Control,23.29,28.39,32.93,27.73,medium,West,Tablet,Basic,6,0
CUST_003834,Control,88.76,85.68,100.14,98.39,medium,East,Desktop,Premium,1,1
CUST_003835,Treatment,46.7,40.68,42.27,36.39,medium,West,Mobile,Basic,3,1
CUST_003836,Control,32.0,16.13,29.89,45.91,low,South,Desktop,Premium,22,0
CUST_003837,Control,54.1,52.43,53.57,42.4,medium,North,Desktop,Basic,7,0
CUST_003838,Control,36.2,47.43,31.67,43.08,high,South,Desktop,Basic,5,1
CUST_003839,Control,46.11,55.6,55.01,66.5,high,North,Desktop,Basic,21,0
CUST_003840,Treatment,27.83,34.28,41.82,46.15,medium,West,Desktop,Premium,1,1
CUST_003841,Control,29.4,27.81,33.79,26.5,low,East,Mobile,Basic,23,0
CUST_003842,Treatment,53.73,36.76,50.87,55.47,high,West,Tablet,Basic,13,0
CUST_003843,Treatment,7.43,38.12,35.84,25.32,low,West,Desktop,Basic,1,1
CUST_003844,Treatment,137.74,145.75,144.61,151.04,low,East,Mobile,Enterprise,1,1
CUST_003845,Treatment,7.5,0.0,8.74,19.2,low,West,Mobile,Basic,1,1
CUST_003846,Treatment,47.22,46.97,40.88,36.37,low,South,Mobile,Premium,20,0
CUST_003847,Control,49.53,44.68,62.38,51.17,medium,West,Mobile,Basic,12,0
CUST_003848,Control,155.06,164.51,163.46,155.58,high,South,Mobile,Premium,12,0
CUST_003849,Treatment,55.25,55.43,52.11,67.3,low,North,Desktop,Premium,8,0
CUST_003850,Control,33.86,33.77,26.55,29.0,medium,East,Mobile,Basic,30,0
CUST_003851,Treatment,68.9,51.49,60.68,54.34,medium,South,Desktop,Premium,10,0
CUST_003852,Control,92.66,91.55,90.42,95.88,high,North,Desktop,Premium,11,0
CUST_003853,Control,23.4,28.31,34.6,36.86,medium,North,Mobile,Basic,12,0
CUST_003854,Treatment,96.98,97.37,115.17,127.25,low,East,Desktop,Enterprise,55,0
CUST_003855,Control,53.31,62.3,58.73,52.03,medium,East,Mobile,Premium,7,0
CUST_003856,Treatment,33.54,38.04,27.16,43.35,medium,North,Mobile,Basic,18,0
CUST_003857,Control,15.21,18.98,21.16,25.01,medium,North,Desktop,Basic,9,0
CUST_003858,Treatment,37.03,22.27,22.08,30.28,low,East,Desktop,Basic,8,0
CUST_003859,Treatment,42.3,41.15,55.75,70.08,low,East,Desktop,Enterprise,24,0
CUST_003860,Treatment,78.29,89.15,88.52,114.18,high,North,Mobile,Premium,3,1
CUST_003861,Treatment,23.79,26.75,44.54,47.92,medium,East,Tablet,Basic,9,0
CUST_003862,Control,28.47,33.36,35.02,29.89,medium,North,Mobile,Basic,13,0
CUST_003863,Control,74.61,70.44,72.7,85.01,low,North,Tablet,Enterprise,35,0
CUST_003864,Treatment,74.1,79.6,73.99,82.85,medium,North,Desktop,Basic,12,0
CUST_003865,Treatment,114.73,112.33,135.09,139.34,high,North,Mobile,Premium,18,0
CUST_003866,Treatment,21.28,22.92,17.16,20.08,low,South,Desktop,Basic,17,0
CUST_003867,Control,65.96,52.71,55.09,63.54,medium,West,Tablet,Premium,1,1
CUST_003868,Control,30.15,28.27,14.21,27.26,low,North,Desktop,Basic,3,1
CUST_003869,Control,83.47,99.79,94.05,96.04,medium,West,Tablet,Premium,7,0
CUST_003870,Control,47.48,39.05,49.22,53.02,high,West,Desktop,Basic,10,0
CUST_003871,Control,52.78,43.58,33.57,39.97,medium,South,Mobile,Basic,11,0
CUST_003872,Control,60.44,53.03,55.77,60.28,medium,West,Desktop,Premium,6,0
CUST_003873,Control,19.74,32.48,16.11,5.88,low,South,Desktop,Basic,21,0
CUST_003874,Treatment,36.15,35.38,22.09,40.86,medium,East,Mobile,Basic,4,1
CUST_003875,Control,103.36,105.08,100.34,104.05,high,East,Mobile,Premium,48,0
CUST_003876,Control,100.85,80.56,95.57,90.29,low,East,Desktop,Enterprise,22,0
CUST_003877,Control,90.38,74.38,84.02,95.52,low,North,Mobile,Enterprise,9,0
CUST_003878,Treatment,34.38,31.96,38.24,40.73,medium,West,Mobile,Premium,22,0
CUST_003879,Control,38.14,32.24,39.67,45.98,medium,West,Desktop,Basic,37,0
CUST_003880,Treatment,5.88,33.74,38.77,18.0,medium,East,Desktop,Basic,9,0
CUST_003881,Treatment,114.77,103.01,106.27,124.31,high,South,Mobile,Premium,13,0
CUST_003882,Control,29.73,24.73,22.49,22.01,low,South,Desktop,Basic,21,0
CUST_003883,Treatment,82.26,81.3,65.52,91.16,medium,East,Desktop,Premium,21,0
CUST_003884,Control,131.77,125.12,152.61,136.09,high,West,Mobile,Enterprise,14,0
CUST_003885,Treatment,48.38,70.73,60.85,84.77,medium,North,Desktop,Premium,8,0
CUST_003886,Control,22.72,24.36,26.74,33.47,medium,North,Mobile,Basic,34,0
CUST_003887,Control,25.22,31.26,38.59,49.76,high,East,Mobile,Basic,8,0
CUST_003888,Treatment,33.68,30.69,36.36,32.58,high,East,Desktop,Basic,8,0
CUST_003889,Treatment,263.68,268.29,260.92,322.67,high,West,Mobile,Enterprise,19,0
CUST_003890,Control,44.41,49.16,50.83,39.01,high,East,Desktop,Basic,6,0
CUST_003891,Control,23.96,31.65,26.22,27.29,low,East,Desktop,Basic,35,0
CUST_003892,Treatment,14.07,30.96,20.71,21.02,low,North,Mobile,Basic,7,0
CUST_003893,Control,22.02,40.85,32.54,34.69,medium,West,Mobile,Basic,3,1
CUST_003894,Control,87.21,68.82,74.84,75.63,low,West,Desktop,Enterprise,11,0
CUST_003895,Treatment,51.07,56.24,49.28,60.5,high,East,Desktop,Basic,51,0
CUST_003896,Control,48.88,29.24,35.47,31.34,high,North,Mobile,Basic,21,0
CUST_003897,Control,50.29,43.97,47.65,52.9,medium,West,Mobile,Premium,1,1
CUST_003898,Treatment,66.51,67.09,78.47,95.34,high,North,Desktop,Premium,5,1
CUST_003899,Control,72.43,66.76,83.32,68.65,high,West,Mobile,Basic,5,1
CUST_003900,Treatment,47.96,39.55,30.55,30.09,low,South,Desktop,Premium,5,1
CUST_003901,Treatment,46.17,37.17,47.09,43.18,medium,West,Desktop,Basic,11,0
CUST_003902,Treatment,107.76,112.18,110.93,124.56,high,East,Mobile,Premium,13,0
CUST_003903,Treatment,3.78,17.65,24.78,5.52,medium,North,Mobile,Basic,37,0
CUST_003904,Treatment,23.22,36.66,32.42,43.55,medium,South,Desktop,Basic,2,1
CUST_003905,Treatment,54.29,56.94,72.89,46.79,low,North,Desktop,Premium,3,1
CUST_003906,Treatment,44.59,54.56,61.23,67.04,low,East,Desktop,Premium,32,0
CUST_003907,Treatment,101.47,110.85,101.93,122.23,high,East,Desktop,Premium,2,1
CUST_003908,Treatment,94.48,77.86,85.34,84.64,high,South,Tablet,Premium,5,1
CUST_003909,Control,98.36,95.71,89.34,91.03,high,East,Desktop,Premium,4,1
CUST_003910,Treatment,122.77,145.88,134.29,149.66,low,West,Desktop,Enterprise,10,0
CUST_003911,Control,60.44,39.34,59.85,58.66,medium,South,Tablet,Premium,39,0
CUST_003912,Control,146.86,154.19,150.16,169.38,medium,East,Tablet,Enterprise,3,1
CUST_003913,Treatment,32.01,23.47,24.74,21.88,medium,East,Desktop,Basic,7,0
CUST_003914,Treatment,171.89,177.73,183.08,217.27,high,South,Mobile,Enterprise,1,1
CUST_003915,Control,10.4,3.85,5.13,30.04,low,West,Mobile,Basic,2,1
CUST_003916,Treatment,109.55,110.62,124.5,149.06,high,West,Mobile,Premium,60,0
CUST_003917,Treatment,24.14,28.34,13.98,17.71,low,West,Mobile,Basic,2,1
CUST_003918,Treatment,60.79,53.02,38.55,44.32,low,West,Desktop,Premium,4,1
CUST_003919,Treatment,82.14,105.62,97.85,107.85,medium,West,Mobile,Premium,23,0
CUST_003920,Treatment,176.37,177.26,195.09,226.38,high,South,Desktop,Premium,36,0
CUST_003921,Treatment,135.53,140.98,170.48,151.34,medium,North,Desktop,Enterprise,1,1
CUST_003922,Treatment,87.83,112.43,95.14,114.23,high,West,Desktop,Premium,16,0
CUST_003923,Control,27.44,17.48,51.49,31.58,medium,East,Desktop,Basic,26,0
CUST_003924,Treatment,173.94,169.27,176.79,207.19,high,West,Mobile,Enterprise,5,1
CUST_003925,Treatment,58.58,69.28,69.38,73.65,medium,West,Mobile,Premium,10,0
CUST_003926,Treatment,48.2,49.66,56.58,77.08,high,East,Desktop,Basic,1,1
CUST_003927,Treatment,113.53,137.91,132.82,140.8,medium,West,Mobile,Enterprise,40,0
CUST_003928,Control,81.53,96.58,76.42,106.41,medium,South,Desktop,Premium,5,1
CUST_003929,Control,46.67,33.16,35.65,26.13,low,East,Mobile,Premium,17,0
CUST_003930,Control,65.57,65.6,63.15,78.52,medium,North,Tablet,Premium,1,1
CUST_003931,Control,20.38,18.24,37.34,33.73,low,West,Mobile,Basic,42,0
CUST_003932,Control,113.33,95.9,96.19,100.44,low,West,Desktop,Enterprise,6,0
CUST_003933,Control,62.19,51.8,58.36,72.03,low,North,Mobile,Premium,26,0
CUST_003934,Control,0.0,9.07,5.41,19.4,medium,South,Desktop,Basic,8,0
CUST_003935,Control,35.75,34.18,43.04,38.54,medium,West,Tablet,Basic,4,1
CUST_003936,Control,38.03,21.67,62.45,33.26,medium,West,Mobile,Premium,54,0
CUST_003937,Treatment,67.37,65.23,72.66,70.54,medium,East,Desktop,Premium,1,1
CUST_003938,Control,67.88,81.74,86.58,84.74,low,South,Desktop,Enterprise,2,1
CUST_003939,Treatment,51.4,29.65,36.5,54.07,low,East,Mobile,Premium,17,0
CUST_003940,Treatment,60.3,47.32,66.69,57.72,low,West,Mobile,Enterprise,1,1
CUST_003941,Control,14.13,31.06,12.57,31.69,medium,North,Desktop,Basic,23,0
CUST_003942,Treatment,182.42,156.75,155.88,162.7,medium,North,Tablet,Premium,4,1
CUST_003943,Control,46.08,34.69,64.16,41.59,medium,North,Desktop,Premium,16,0
CUST_003944,Treatment,75.38,66.14,74.71,72.46,medium,East,Desktop,Premium,5,1
CUST_003945,Treatment,11.0,31.05,27.8,33.55,low,North,Desktop,Basic,1,1
CUST_003946,Treatment,60.6,52.51,53.94,62.15,medium,East,Tablet,Premium,25,0
CUST_003947,Treatment,58.9,63.61,60.32,67.78,high,South,Mobile,Basic,3,1
CUST_003948,Treatment,75.99,68.41,58.74,76.7,low,West,Mobile,Premium,1,1
CUST_003949,Control,16.06,13.3,26.5,19.18,low,East,Desktop,Basic,4,1
CUST_003950,Treatment,44.51,43.27,41.18,50.9,low,East,Mobile,Premium,6,0
CUST_003951,Treatment,43.61,44.18,29.89,46.96,low,West,Desktop,Basic,2,1
CUST_003952,Treatment,13.72,16.23,17.41,5.93,low,East,Mobile,Basic,6,0
CUST_003953,Treatment,23.96,17.59,25.98,16.79,medium,South,Desktop,Basic,3,1
CUST_003954,Treatment,68.24,66.64,64.25,94.53,high,North,Mobile,Premium,2,1
CUST_003955,Control,4.37,8.44,15.85,9.94,medium,North,Mobile,Basic,24,0
CUST_003956,Treatment,73.88,74.34,62.85,76.22,high,East,Desktop,Premium,10,0
CUST_003957,Control,24.8,22.93,31.34,10.55,low,East,Tablet,Basic,1,1
CUST_003958,Treatment,49.5,51.18,49.08,70.06,low,East,Mobile,Premium,41,0
CUST_003959,Control,45.8,44.98,44.86,51.54,high,East,Desktop,Basic,27,0
CUST_003960,Treatment,36.39,45.56,45.19,38.43,medium,East,Desktop,Basic,10,0
CUST_003961,Treatment,39.34,28.43,33.83,33.34,high,South,Mobile,Basic,1,1
CUST_003962,Treatment,7.82,19.13,0.0,13.85,low,South,Desktop,Basic,18,0
CUST_003963,Control,3.17,22.43,24.64,32.22,medium,North,Mobile,Basic,1,1
CUST_003964,Treatment,161.24,157.35,171.75,185.56,medium,West,Desktop,Enterprise,12,0
CUST_003965,Treatment,57.49,57.67,67.71,69.32,medium,North,Desktop,Premium,11,0
CUST_003966,Treatment,20.06,22.76,42.51,26.93,medium,North,Desktop,Basic,7,0
CUST_003967,Control,17.79,8.17,15.85,26.84,medium,West,Tablet,Basic,23,0
CUST_003968,Control,75.14,67.33,72.26,66.27,low,North,Desktop,Enterprise,1,1
CUST_003969,Control,36.21,17.55,14.99,16.6,low,West,Tablet,Basic,31,0
CUST_003970,Control,39.3,47.92,29.46,44.34,low,East,Desktop,Premium,29,0
CUST_003971,Control,21.09,10.04,19.29,26.61,low,South,Desktop,Basic,26,0
CUST_003972,Treatment,50.97,47.47,50.19,52.74,low,South,Mobile,Premium,24,0
CUST_003973,Control,49.98,53.37,67.91,54.48,medium,East,Mobile,Premium,33,0
CUST_003974,Treatment,28.96,38.31,29.11,40.59,medium,South,Desktop,Basic,6,0
CUST_003975,Control,34.0,28.12,27.07,25.43,medium,West,Mobile,Basic,20,0
CUST_003976,Treatment,30.26,27.78,35.83,42.95,high,South,Mobile,Basic,4,1
CUST_003977,Treatment,33.05,36.85,31.45,48.12,high,West,Mobile,Basic,7,0
CUST_003978,Control,60.57,62.38,83.32,76.57,low,West,Desktop,Premium,7,0
CUST_003979,Control,13.74,27.12,25.46,28.44,low,South,Mobile,Basic,12,0
CUST_003980,Treatment,42.78,46.47,50.74,58.02,high,West,Mobile,Basic,8,0
CUST_003981,Treatment,111.2,106.86,129.58,121.33,medium,East,Mobile,Premium,1,1
CUST_003982,Control,166.86,169.72,193.48,185.8,low,South,Desktop,Enterprise,41,0
CUST_003983,Treatment,63.94,49.44,63.98,75.12,high,North,Tablet,Basic,59,0
CUST_003984,Control,52.47,47.19,31.79,36.99,low,West,Desktop,Basic,11,0
CUST_003985,Treatment,74.83,46.67,59.26,71.65,high,North,Desktop,Basic,11,0
CUST_003986,Treatment,88.4,102.11,96.35,94.41,low,West,Tablet,Enterprise,8,0
CUST_003987,Treatment,69.17,73.42,82.88,87.06,medium,East,Tablet,Premium,4,1
CUST_003988,Control,58.97,52.61,44.53,48.45,low,North,Desktop,Premium,9,0
CUST_003989,Control,6.7,2.56,13.3,37.16,low,East,Mobile,Basic,19,0
CUST_003990,Control,53.28,56.03,58.37,60.72,medium,North,Desktop,Premium,2,1
CUST_003991,Treatment,36.27,35.56,23.96,41.49,low,South,Tablet,Basic,7,0
CUST_003992,Treatment,66.92,67.61,66.81,98.43,high,North,Desktop,Premium,6,0
CUST_003993,Control,13.1,4.85,22.45,14.89,low,East,Desktop,Basic,10,0
CUST_003994,Control,32.96,26.03,27.33,32.35,medium,North,Desktop,Basic,4,1
CUST_003995,Control,52.63,43.95,36.68,42.35,low,South,Tablet,Premium,5,1
CUST_003996,Control,22.54,30.0,25.67,29.84,high,East,Mobile,Basic,5,1
CUST_003997,Control,63.38,54.98,65.88,62.61,medium,East,Desktop,Premium,1,1
CUST_003998,Treatment,115.67,120.0,124.54,140.55,medium,East,Mobile,Premium,1,1
CUST_003999,Treatment,15.62,15.8,23.58,20.49,low,North,Desktop,Basic,1,1
CUST_004000,Treatment,211.29,221.54,251.76,247.0,high,South,Mobile,Enterprise,1,1
CUST_004001,Treatment,26.78,38.09,29.42,39.55,high,East,Mobile,Basic,10,0
CUST_004002,Control,142.91,145.72,133.22,145.22,high,East,Mobile,Enterprise,30,0
CUST_004003,Treatment,195.52,202.99,191.32,241.49,high,West,Desktop,Enterprise,24,0
CUST_004004,Treatment,49.24,52.19,51.79,43.49,medium,West,Mobile,Premium,15,0
CUST_004005,Treatment,139.41,123.94,126.13,132.12,medium,West,Desktop,Enterprise,3,1
CUST_004006,Treatment,115.31,146.24,146.79,162.81,medium,East,Mobile,Enterprise,24,0
CUST_004007,Treatment,66.89,80.4,73.06,83.75,medium,East,Mobile,Premium,38,0
CUST_004008,Treatment,114.1,115.56,133.84,146.67,high,East,Desktop,Premium,28,0
CUST_004009,Control,26.78,21.77,11.33,14.75,medium,North,Desktop,Basic,3,1
CUST_004010,Control,47.94,50.61,56.71,66.49,medium,North,Desktop,Premium,8,0
CUST_004011,Control,30.47,33.86,24.85,41.12,low,North,Desktop,Basic,6,0
CUST_004012,Treatment,35.83,22.6,39.28,41.46,low,North,Mobile,Basic,3,1
CUST_004013,Treatment,40.23,38.6,34.93,29.5,medium,West,Mobile,Basic,9,0
CUST_004014,Treatment,152.86,151.37,150.65,158.13,medium,South,Mobile,Enterprise,11,0
CUST_004015,Control,46.71,40.45,61.65,65.35,medium,South,Desktop,Premium,16,0
CUST_004016,Treatment,31.21,28.82,39.93,45.37,medium,West,Desktop,Premium,1,1
CUST_004017,Control,98.66,99.53,93.63,101.78,medium,East,Desktop,Premium,1,1
CUST_004018,Treatment,33.78,27.81,46.34,48.43,medium,East,Desktop,Basic,1,1
CUST_004019,Control,139.77,120.44,125.99,135.1,high,West,Mobile,Premium,1,1
CUST_004020,Control,17.64,24.22,26.91,25.33,low,North,Desktop,Basic,21,0
CUST_004021,Control,39.59,53.16,53.62,56.36,medium,South,Mobile,Basic,1,1
CUST_004022,Treatment,108.29,121.88,113.25,116.52,medium,West,Mobile,Enterprise,23,0
CUST_004023,Treatment,30.87,25.71,32.35,36.06,low,East,Mobile,Basic,1,1
CUST_004024,Control,36.69,59.45,51.63,49.33,low,South,Desktop,Premium,19,0
CUST_004025,Control,31.08,45.5,43.8,47.13,medium,East,Mobile,Premium,1,1
CUST_004026,Control,11.98,24.33,21.86,35.16,low,West,Desktop,Basic,21,0
CUST_004027,Treatment,37.6,53.69,49.45,51.56,medium,South,Desktop,Premium,5,1
CUST_004028,Control,84.66,80.5,77.42,82.68,low,North,Tablet,Enterprise,17,0
CUST_004029,Treatment,11.97,24.08,30.33,31.56,low,East,Mobile,Basic,8,0
CUST_004030,Control,36.86,30.79,45.7,37.13,low,North,Mobile,Premium,5,1
CUST_004031,Treatment,17.74,11.85,12.94,14.72,low,East,Desktop,Basic,2,1
CUST_004032,Treatment,38.2,34.11,25.22,48.46,medium,North,Desktop,Premium,1,1
CUST_004033,Control,23.56,19.03,26.69,25.97,low,North,Mobile,Basic,3,1
CUST_004034,Control,25.17,40.89,34.23,49.76,medium,North,Tablet,Premium,20,0
CUST_004035,Control,217.68,203.39,216.0,214.29,high,East,Desktop,Enterprise,3,1
CUST_004036,Control,14.52,16.1,16.76,0.0,low,East,Tablet,Basic,4,1
CUST_004037,Control,40.02,39.12,46.12,40.43,low,East,Desktop,Basic,1,1
CUST_004038,Treatment,46.36,27.46,35.24,44.91,medium,East,Desktop,Premium,9,0
CUST_004039,Treatment,150.17,169.4,175.2,186.98,medium,North,Mobile,Enterprise,15,0
CUST_004040,Treatment,28.77,29.7,28.36,27.7,low,South,Desktop,Basic,10,0
CUST_004041,Treatment,41.16,34.84,31.75,39.19,medium,North,Desktop,Basic,5,1
CUST_004042,Control,32.41,40.01,34.86,27.02,medium,North,Desktop,Basic,2,1
CUST_004043,Treatment,40.47,20.89,29.74,39.54,medium,North,Mobile,Basic,15,0
CUST_004044,Control,21.57,36.85,30.59,17.66,medium,East,Mobile,Basic,4,1
CUST_004045,Control,53.89,46.17,54.76,56.58,low,West,Mobile,Premium,2,1
CUST_004046,Control,170.66,165.88,148.92,174.73,low,West,Desktop,Enterprise,1,1
CUST_004047,Treatment,55.49,47.47,50.76,55.44,medium,North,Desktop,Basic,7,0
CUST_004048,Treatment,32.92,15.2,27.04,18.8,low,West,Desktop,Basic,12,0
CUST_004049,Control,57.69,54.04,42.88,52.25,medium,South,Desktop,Premium,4,1
CUST_004050,Control,24.72,18.23,35.76,31.16,medium,West,Desktop,Basic,3,1
CUST_004051,Treatment,33.7,39.56,47.15,35.57,low,North,Desktop,Premium,4,1
CUST_004052,Treatment,51.75,51.63,53.17,66.1,low,East,Desktop,Premium,13,0
CUST_004053,Treatment,42.3,53.07,39.79,70.85,medium,West,Desktop,Premium,14,0
CUST_004054,Control,0.0,12.95,6.91,2.61,medium,North,Desktop,Basic,1,1
CUST_004055,Treatment,66.59,57.67,87.04,76.01,medium,East,Desktop,Premium,1,1
CUST_004056,Treatment,14.16,13.46,15.27,20.41,low,South,Desktop,Basic,3,1
CUST_004057,Treatment,26.63,13.94,20.47,43.1,low,East,Desktop,Basic,13,0
CUST_004058,Control,146.29,143.97,157.49,139.39,medium,North,Mobile,Enterprise,3,1
CUST_004059,Control,32.28,28.05,35.86,30.63,high,East,Mobile,Basic,16,0
CUST_004060,Control,53.97,77.31,79.45,90.53,high,West,Mobile,Premium,14,0
CUST_004061,Treatment,205.6,202.53,212.12,241.67,medium,East,Desktop,Enterprise,5,1
CUST_004062,Treatment,47.7,31.52,44.17,46.83,low,North,Desktop,Premium,30,0
CUST_004063,Control,42.15,54.51,37.08,59.72,low,South,Desktop,Premium,19,0
CUST_004064,Treatment,62.44,69.47,55.14,65.39,low,West,Desktop,Enterprise,20,0
CUST_004065,Control,35.11,27.76,49.88,40.39,medium,North,Mobile,Premium,2,1
CUST_004066,Control,150.93,163.72,159.0,165.87,high,East,Desktop,Enterprise,1,1
CUST_004067,Treatment,64.08,61.32,60.15,73.2,medium,West,Desktop,Premium,1,1
CUST_004068,Treatment,66.35,54.75,59.55,65.49,high,North,Mobile,Basic,13,0
CUST_004069,Treatment,29.84,24.94,27.89,19.84,low,North,Desktop,Basic,39,0
CUST_004070,Treatment,19.19,27.87,34.78,33.12,low,South,Mobile,Basic,5,1
CUST_004071,Control,6.38,13.1,14.37,24.05,low,West,Tablet,Basic,45,0
CUST_004072,Treatment,85.51,94.31,94.48,123.27,high,East,Desktop,Premium,2,1
CUST_004073,Treatment,225.23,223.08,224.07,266.74,high,North,Mobile,Premium,8,0
CUST_004074,Treatment,26.95,32.1,0.28,12.26,low,East,Tablet,Basic,8,0
CUST_004075,Control,20.33,34.56,37.46,44.48,low,North,Desktop,Enterprise,4,1
CUST_004076,Treatment,45.07,36.45,36.08,41.03,low,East,Mobile,Basic,32,0
CUST_004077,Treatment,30.88,33.43,20.14,13.46,medium,East,Mobile,Basic,3,1
CUST_004078,Treatment,37.29,48.16,43.71,52.84,high,East,Desktop,Basic,1,1
CUST_004079,Control,32.1,25.36,47.98,44.44,medium,East,Mobile,Basic,5,1
CUST_004080,Control,26.94,21.4,30.14,31.71,low,West,Tablet,Premium,6,0
CUST_004081,Control,58.65,53.58,44.45,41.44,medium,West,Desktop,Premium,26,0
CUST_004082,Treatment,68.39,59.98,64.25,98.98,medium,West,Desktop,Premium,40,0
CUST_004083,Control,29.56,15.15,33.63,28.02,low,East,Desktop,Premium,1,1
CUST_004084,Control,33.14,0.0,11.47,17.87,medium,West,Desktop,Basic,7,0
CUST_004085,Treatment,7.68,25.18,10.66,13.87,low,West,Desktop,Basic,21,0
CUST_004086,Treatment,55.26,72.35,72.62,74.92,medium,South,Mobile,Basic,10,0
CUST_004087,Treatment,135.68,133.25,130.06,151.12,high,South,Tablet,Premium,13,0
CUST_004088,Control,38.37,31.97,19.05,26.79,medium,East,Mobile,Basic,5,1
CUST_004089,Control,25.99,9.54,21.42,13.74,low,East,Desktop,Basic,3,1
CUST_004090,Treatment,79.32,65.52,90.21,83.42,medium,West,Mobile,Premium,12,0
CUST_004091,Control,26.83,15.78,35.66,35.03,medium,West,Desktop,Basic,19,0
CUST_004092,Treatment,110.54,117.2,103.52,135.25,high,North,Mobile,Premium,6,0
CUST_004093,Treatment,36.05,27.14,45.11,34.03,high,North,Desktop,Basic,1,1
CUST_004094,Control,23.27,23.89,43.54,26.46,high,East,Mobile,Basic,8,0
CUST_004095,Control,9.8,31.11,9.39,10.82,low,East,Tablet,Basic,1,1
CUST_004096,Treatment,42.65,45.59,41.55,45.64,high,East,Desktop,Basic,14,0
CUST_004097,Treatment,78.07,101.01,86.9,93.19,low,East,Mobile,Enterprise,18,0
CUST_004098,Treatment,34.56,29.22,38.81,24.73,medium,South,Desktop,Basic,19,0
CUST_004099,Treatment,24.69,29.57,40.57,39.11,medium,North,Mobile,Basic,12,0
CUST_004100,Treatment,45.07,47.3,30.28,57.61,high,East,Desktop,Basic,4,1
CUST_004101,Control,47.64,33.43,53.65,40.55,medium,West,Desktop,Basic,22,0
CUST_004102,Control,67.08,76.94,77.56,71.67,high,West,Desktop,Premium,10,0
CUST_004103,Treatment,38.79,32.42,48.23,62.96,high,East,Mobile,Basic,6,0
CUST_004104,Treatment,23.09,1.41,16.11,14.62,low,South,Desktop,Basic,27,0
CUST_004105,Control,54.31,52.42,61.69,61.96,low,East,Desktop,Premium,9,0
CUST_004106,Treatment,46.91,37.98,46.13,43.74,low,East,Desktop,Premium,2,1
CUST_004107,Treatment,66.81,60.11,51.91,63.22,medium,South,Desktop,Premium,14,0
CUST_004108,Control,16.31,21.01,18.31,5.1,medium,West,Desktop,Basic,4,1
CUST_004109,Treatment,26.61,38.56,39.79,24.7,medium,East,Mobile,Premium,1,1
CUST_004110,Treatment,212.09,206.61,213.1,248.07,medium,West,Desktop,Enterprise,1,1
CUST_004111,Treatment,28.38,21.63,37.44,36.24,medium,South,Desktop,Basic,15,0
CUST_004112,Treatment,74.64,67.26,80.08,69.02,high,East,Desktop,Basic,29,0
CUST_004113,Treatment,26.25,23.79,36.21,45.73,low,West,Mobile,Basic,7,0
CUST_004114,Control,11.34,3.86,6.84,2.69,low,West,Desktop,Basic,12,0
CUST_004115,Treatment,50.77,56.47,46.77,73.66,high,North,Desktop,Basic,60,0
CUST_004116,Treatment,53.33,47.83,70.62,61.39,high,North,Desktop,Premium,4,1
CUST_004117,Treatment,26.76,12.95,31.95,27.9,low,South,Mobile,Premium,3,1
CUST_004118,Control,30.45,33.55,36.86,46.86,medium,West,Mobile,Basic,18,0
CUST_004119,Treatment,46.77,61.81,55.04,44.16,low,North,Desktop,Premium,11,0
CUST_004120,Control,166.27,185.73,182.74,193.63,medium,West,Desktop,Enterprise,14,0
CUST_004121,Control,22.25,28.47,21.33,27.28,low,East,Desktop,Basic,6,0
CUST_004122,Treatment,23.98,20.84,27.52,31.28,medium,South,Desktop,Basic,14,0
CUST_004123,Treatment,58.88,55.44,58.9,60.09,low,West,Mobile,Premium,12,0
CUST_004124,Treatment,15.06,47.76,35.74,39.33,medium,North,Tablet,Basic,35,0
CUST_004125,Treatment,157.82,160.19,163.67,181.01,high,East,Mobile,Premium,40,0
CUST_004126,Treatment,77.31,53.96,78.8,77.7,low,East,Desktop,Premium,60,0
CUST_004127,Control,42.42,45.72,35.47,48.22,medium,East,Desktop,Basic,20,0
CUST_004128,Control,32.57,46.14,51.15,46.93,medium,East,Desktop,Premium,9,0
CUST_004129,Control,18.72,26.15,15.9,20.73,low,North,Mobile,Basic,7,0
CUST_004130,Treatment,74.81,69.91,54.15,76.73,low,East,Mobile,Premium,4,1
CUST_004131,Treatment,18.48,21.81,52.38,44.0,low,West,Desktop,Premium,40,0
CUST_004132,Control,18.01,30.02,4.91,20.1,low,South,Mobile,Basic,2,1
CUST_004133,Treatment,65.7,68.78,63.29,67.61,high,South,Desktop,Basic,9,0
CUST_004134,Control,21.9,31.13,32.96,36.37,low,East,Mobile,Basic,1,1
CUST_004135,Treatment,43.62,48.6,59.36,47.33,medium,North,Mobile,Premium,6,0
CUST_004136,Treatment,19.38,14.22,1.65,3.74,low,North,Desktop,Basic,1,1
CUST_004137,Control,24.67,32.29,38.66,41.63,medium,East,Mobile,Basic,15,0
CUST_004138,Control,37.06,33.92,42.79,51.51,medium,South,Desktop,Premium,11,0
CUST_004139,Control,15.83,26.81,14.79,17.16,medium,East,Desktop,Basic,10,0
CUST_004140,Control,16.0,12.97,18.76,36.54,low,West,Mobile,Basic,24,0
CUST_004141,Control,100.84,107.82,95.42,90.64,medium,East,Desktop,Enterprise,17,0
CUST_004142,Control,101.3,106.58,105.48,94.41,medium,South,Mobile,Premium,39,0
CUST_004143,Treatment,110.03,111.89,129.63,141.54,medium,North,Mobile,Enterprise,1,1
CUST_004144,Treatment,71.65,69.81,81.4,76.21,medium,South,Desktop,Premium,7,0
CUST_004145,Treatment,18.07,26.73,13.94,36.53,low,North,Mobile,Basic,8,0
CUST_004146,Control,33.12,45.27,49.65,40.76,medium,South,Tablet,Premium,17,0
CUST_004147,Control,19.39,24.72,30.76,22.57,low,South,Tablet,Premium,9,0
CUST_004148,Treatment,54.67,72.64,63.78,66.66,medium,South,Desktop,Premium,1,1
CUST_004149,Control,29.19,22.29,32.14,31.77,medium,South,Mobile,Basic,1,1
CUST_004150,Control,40.93,43.81,44.14,26.71,medium,North,Desktop,Basic,7,0
CUST_004151,Treatment,40.34,36.83,51.79,47.19,medium,North,Mobile,Basic,10,0
CUST_004152,Treatment,84.59,84.83,74.53,79.42,medium,South,Mobile,Premium,3,1
CUST_004153,Control,68.18,72.48,69.71,56.58,medium,East,Mobile,Premium,5,1
CUST_004154,Control,107.41,127.8,123.56,122.18,low,North,Desktop,Enterprise,8,0
CUST_004155,Treatment,29.81,23.22,21.92,35.5,medium,North,Mobile,Basic,25,0
CUST_004156,Treatment,44.51,65.98,42.39,48.83,medium,West,Mobile,Premium,1,1
CUST_004157,Treatment,65.46,65.64,65.22,66.84,medium,South,Mobile,Premium,2,1
CUST_004158,Treatment,208.8,232.49,246.41,274.97,high,West,Desktop,Enterprise,1,1
CUST_004159,Control,61.28,73.14,69.5,67.58,medium,East,Mobile,Premium,22,0
CUST_004160,Treatment,54.95,26.48,47.03,39.6,medium,East,Tablet,Basic,13,0
CUST_004161,Control,35.03,28.85,26.5,32.3,low,South,Mobile,Basic,14,0
CUST_004162,Treatment,107.44,109.78,102.42,107.04,high,North,Mobile,Basic,8,0
CUST_004163,Control,37.44,20.25,21.9,23.63,low,North,Desktop,Basic,10,0
CUST_004164,Control,40.65,31.47,39.27,42.84,medium,North,Desktop,Premium,1,1
CUST_004165,Treatment,80.37,85.4,80.78,91.86,medium,South,Mobile,Enterprise,7,0
CUST_004166,Control,81.69,88.1,95.75,96.95,medium,South,Mobile,Enterprise,8,0
CUST_004167,Control,42.9,45.85,36.74,44.65,medium,South,Desktop,Premium,9,0
CUST_004168,Control,62.62,87.17,70.08,94.19,medium,South,Desktop,Enterprise,1,1
CUST_004169,Treatment,19.98,19.74,26.74,20.88,medium,North,Tablet,Basic,1,1
CUST_004170,Control,60.29,63.73,69.96,63.11,high,North,Desktop,Basic,10,0
CUST_004171,Control,20.82,11.12,46.86,39.05,medium,North,Mobile,Basic,8,0
CUST_004172,Treatment,86.09,74.29,71.62,79.11,low,South,Desktop,Premium,11,0
CUST_004173,Control,62.05,45.91,62.67,75.52,high,North,Mobile,Basic,17,0
CUST_004174,Treatment,30.82,33.56,33.29,29.3,medium,West,Mobile,Basic,1,1
CUST_004175,Treatment,91.19,86.59,80.82,110.74,medium,West,Desktop,Enterprise,16,0
CUST_004176,Treatment,99.29,81.52,81.07,104.61,low,East,Desktop,Premium,42,0
CUST_004177,Control,70.13,69.45,73.88,72.2,medium,East,Desktop,Premium,29,0
CUST_004178,Treatment,31.42,32.57,33.78,31.3,low,North,Mobile,Premium,25,0
CUST_004179,Control,36.51,9.0,25.4,21.1,low,East,Tablet,Basic,4,1
CUST_004180,Treatment,12.18,7.93,24.38,17.72,medium,East,Mobile,Basic,27,0
CUST_004181,Treatment,70.97,83.97,69.37,86.94,high,South,Tablet,Basic,4,1
CUST_004182,Control,70.89,71.25,69.74,84.44,medium,East,Mobile,Premium,1,1
CUST_004183,Control,48.08,46.48,61.3,55.52,low,West,Desktop,Premium,1,1
CUST_004184,Control,33.92,49.9,33.73,42.19,medium,East,Desktop,Basic,8,0
CUST_004185,Control,19.99,26.7,27.43,35.54,low,West,Mobile,Basic,4,1
CUST_004186,Treatment,14.0,6.12,0.0,20.62,medium,West,Desktop,Basic,8,0
CUST_004187,Treatment,144.6,161.7,156.48,186.01,medium,North,Desktop,Enterprise,34,0
CUST_004188,Treatment,21.38,33.46,20.61,41.3,medium,West,Mobile,Basic,7,0
CUST_004189,Control,45.85,47.3,52.32,64.83,medium,South,Desktop,Premium,19,0
CUST_004190,Treatment,34.43,17.03,0.56,21.87,low,East,Desktop,Basic,28,0
CUST_004191,Control,62.13,59.03,60.51,54.02,medium,West,Mobile,Premium,1,1
CUST_004192,Treatment,16.43,41.94,21.86,27.18,medium,West,Desktop,Basic,4,1
CUST_004193,Control,38.49,27.51,33.0,30.4,low,East,Mobile,Basic,6,0
CUST_004194,Control,47.19,36.37,42.16,37.33,low,West,Mobile,Premium,31,0
CUST_004195,Treatment,45.56,45.07,57.53,52.63,medium,North,Mobile,Basic,19,0
CUST_004196,Control,25.86,27.52,31.96,32.89,low,West,Mobile,Basic,14,0
CUST_004197,Control,15.69,17.11,22.09,20.92,medium,West,Desktop,Basic,5,1
CUST_004198,Control,12.13,36.23,27.44,43.45,low,South,Desktop,Basic,12,0
CUST_004199,Treatment,50.05,44.13,51.69,59.68,medium,West,Mobile,Basic,3,1
CUST_004200,Treatment,32.51,40.57,31.98,34.86,medium,East,Mobile,Basic,16,0
CUST_004201,Control,33.85,24.86,20.85,50.65,high,South,Mobile,Basic,21,0
CUST_004202,Treatment,28.68,27.35,45.12,31.66,medium,South,Desktop,Basic,18,0
CUST_004203,Control,20.71,22.35,16.09,17.12,medium,East,Mobile,Basic,2,1
CUST_004204,Treatment,12.78,32.97,21.66,27.79,medium,South,Desktop,Basic,15,0
CUST_004205,Treatment,13.38,24.6,24.29,33.02,medium,North,Mobile,Basic,13,0
CUST_004206,Control,32.35,22.56,29.76,26.04,low,East,Desktop,Basic,25,0
CUST_004207,Treatment,10.81,24.75,17.21,16.37,low,North,Mobile,Basic,30,0
CUST_004208,Treatment,65.38,63.38,80.85,89.2,medium,East,Desktop,Premium,3,1
CUST_004209,Treatment,96.37,92.26,102.53,104.33,low,East,Mobile,Enterprise,10,0
CUST_004210,Control,61.2,63.38,58.48,80.15,low,West,Mobile,Enterprise,7,0
CUST_004211,Control,118.92,119.85,113.5,121.9,high,East,Desktop,Enterprise,3,1
CUST_004212,Control,35.48,31.08,38.81,39.77,medium,North,Desktop,Basic,4,1
CUST_004213,Treatment,43.74,47.45,52.38,39.82,high,South,Desktop,Basic,14,0
CUST_004214,Treatment,37.95,28.55,59.55,56.01,high,West,Desktop,Basic,20,0
CUST_004215,Control,52.44,67.61,46.87,57.62,low,South,Mobile,Enterprise,57,0
CUST_004216,Control,22.89,17.71,14.12,11.86,low,West,Desktop,Basic,2,1
CUST_004217,Control,22.21,25.73,20.9,16.0,low,West,Mobile,Premium,13,0
CUST_004218,Control,27.08,22.47,18.63,28.62,low,West,Desktop,Basic,3,1
CUST_004219,Control,37.08,24.99,26.06,13.54,medium,West,Desktop,Basic,6,0
CUST_004220,Control,63.16,66.59,83.42,69.64,medium,West,Mobile,Premium,1,1
CUST_004221,Treatment,41.75,23.96,42.29,26.81,medium,East,Mobile,Basic,27,0
CUST_004222,Control,25.7,25.31,39.86,35.13,medium,West,Mobile,Basic,1,1
CUST_004223,Control,25.91,41.17,27.68,36.04,low,East,Desktop,Basic,1,1
CUST_004224,Treatment,27.01,9.55,35.15,18.22,low,West,Desktop,Basic,35,0
CUST_004225,Control,21.21,16.79,16.06,10.85,low,North,Desktop,Basic,7,0
CUST_004226,Treatment,14.67,18.05,28.42,22.55,medium,West,Tablet,Basic,2,1
CUST_004227,Control,50.5,34.64,20.1,34.58,low,North,Desktop,Premium,8,0
CUST_004228,Treatment,42.3,28.66,16.57,44.59,medium,North,Desktop,Basic,5,1
CUST_004229,Control,11.48,23.24,18.31,31.54,low,East,Desktop,Basic,16,0
CUST_004230,Control,40.18,58.64,48.76,48.3,medium,North,Mobile,Premium,9,0
CUST_004231,Control,20.72,33.45,33.14,37.69,medium,North,Desktop,Basic,31,0
CUST_004232,Control,35.89,30.65,28.95,30.44,low,North,Desktop,Premium,10,0
CUST_004233,Treatment,40.03,40.18,32.63,24.95,medium,North,Desktop,Basic,1,1
CUST_004234,Control,21.33,44.74,26.85,32.1,medium,North,Tablet,Basic,3,1
CUST_004235,Control,17.05,11.24,11.72,32.71,medium,West,Mobile,Basic,9,0
CUST_004236,Control,48.32,57.75,42.57,58.14,medium,South,Desktop,Basic,24,0
CUST_004237,Treatment,15.77,26.75,25.56,14.96,high,West,Desktop,Basic,28,0
CUST_004238,Control,27.68,31.81,31.13,38.84,low,North,Tablet,Premium,1,1
CUST_004239,Control,24.32,39.69,27.36,24.98,low,North,Desktop,Basic,3,1
CUST_004240,Treatment,50.18,29.93,41.44,57.18,high,East,Desktop,Premium,11,0
CUST_004241,Control,1.04,2.0,9.0,9.49,low,East,Desktop,Basic,4,1
CUST_004242,Treatment,24.02,28.33,9.96,26.06,medium,West,Desktop,Basic,22,0
CUST_004243,Treatment,17.57,22.76,16.76,28.46,medium,East,Mobile,Basic,4,1
CUST_004244,Treatment,24.29,29.27,34.62,59.11,high,North,Mobile,Basic,7,0
CUST_004245,Control,68.39,71.45,85.16,77.72,low,East,Mobile,Enterprise,1,1
CUST_004246,Control,54.96,50.15,66.35,52.7,high,West,Mobile,Premium,9,0
CUST_004247,Control,52.82,44.51,33.24,38.87,low,East,Desktop,Premium,23,0
CUST_004248,Control,95.8,83.2,116.73,105.89,high,West,Desktop,Premium,1,1
CUST_004249,Treatment,14.47,25.44,18.46,32.68,medium,North,Desktop,Basic,1,1
CUST_004250,Control,19.98,21.85,26.43,0.0,low,West,Tablet,Basic,7,0
CUST_004251,Control,83.62,69.64,66.07,73.27,medium,South,Mobile,Basic,3,1
CUST_004252,Treatment,14.76,34.3,38.96,40.52,medium,South,Desktop,Basic,4,1
CUST_004253,Treatment,13.4,32.92,32.38,34.02,medium,South,Desktop,Basic,18,0
CUST_004254,Control,50.0,64.35,53.49,48.5,low,East,Mobile,Premium,1,1
CUST_004255,Treatment,25.01,39.09,30.12,24.73,low,West,Desktop,Basic,35,0
CUST_004256,Control,40.01,15.58,19.65,25.27,medium,East,Mobile,Basic,4,1
CUST_004257,Treatment,142.17,128.93,127.01,167.0,high,West,Mobile,Enterprise,5,1
CUST_004258,Control,23.8,21.79,25.55,26.16,low,West,Mobile,Basic,25,0
CUST_004259,Treatment,15.6,13.48,28.35,12.54,low,North,Mobile,Basic,37,0
CUST_004260,Treatment,34.09,51.76,27.0,40.67,medium,West,Desktop,Basic,15,0
CUST_004261,Treatment,53.85,61.08,50.27,66.49,high,North,Desktop,Basic,7,0
CUST_004262,Control,64.88,58.2,51.26,66.9,high,North,Mobile,Premium,1,1
CUST_004263,Control,24.05,25.73,19.55,35.34,low,North,Mobile,Basic,2,1
CUST_004264,Control,261.68,255.11,280.48,283.64,medium,East,Mobile,Enterprise,7,0
CUST_004265,Treatment,29.03,54.64,32.22,24.45,high,West,Mobile,Basic,4,1
CUST_004266,Control,55.05,84.1,80.14,70.33,low,North,Desktop,Enterprise,1,1
CUST_004267,Control,86.81,97.46,98.91,107.59,medium,East,Desktop,Enterprise,15,0
CUST_004268,Control,47.22,33.54,39.88,39.59,low,North,Desktop,Premium,7,0
CUST_004269,Control,97.35,82.55,80.48,86.33,medium,West,Desktop,Premium,10,0
CUST_004270,Treatment,26.32,14.42,20.44,16.85,medium,East,Desktop,Basic,60,0
CUST_004271,Control,12.4,16.92,24.45,0.0,medium,East,Desktop,Basic,5,1
CUST_004272,Control,80.5,93.16,98.05,77.44,high,West,Desktop,Premium,4,1
CUST_004273,Control,68.8,62.69,73.19,65.59,medium,South,Mobile,Premium,3,1
CUST_004274,Control,52.5,56.7,55.18,69.01,medium,North,Mobile,Premium,3,1
CUST_004275,Control,85.33,68.74,68.22,83.97,low,South,Desktop,Enterprise,10,0
CUST_004276,Control,57.78,51.65,55.29,48.16,medium,East,Desktop,Premium,4,1
CUST_004277,Control,58.14,74.22,84.65,76.53,high,West,Desktop,Basic,5,1
CUST_004278,Treatment,36.67,46.19,40.91,69.87,high,East,Mobile,Basic,23,0
CUST_004279,Treatment,33.14,39.62,44.52,63.22,medium,West,Desktop,Basic,1,1
CUST_004280,Control,14.18,12.42,11.06,7.12,low,East,Mobile,Basic,14,0
CUST_004281,Control,41.52,45.9,53.57,41.82,medium,East,Mobile,Premium,16,0
CUST_004282,Control,13.79,29.92,24.12,7.97,low,North,Desktop,Basic,15,0
CUST_004283,Control,55.46,46.52,55.01,57.06,medium,East,Desktop,Premium,2,1
CUST_004284,Control,44.33,46.58,55.29,48.78,medium,West,Mobile,Basic,29,0
CUST_004285,Control,41.82,46.66,48.26,62.51,medium,East,Mobile,Premium,22,0
CUST_004286,Control,77.26,100.97,90.3,99.23,medium,East,Mobile,Premium,27,0
CUST_004287,Treatment,21.65,19.51,35.01,42.07,low,North,Mobile,Basic,19,0
CUST_004288,Treatment,30.37,45.08,32.81,49.12,medium,West,Desktop,Premium,2,1
CUST_004289,Control,127.67,133.84,136.97,151.0,medium,East,Desktop,Enterprise,5,1
CUST_004290,Control,133.8,153.05,141.18,146.31,high,West,Desktop,Premium,31,0
CUST_004291,Control,20.83,19.69,28.53,1.21,low,South,Desktop,Basic,1,1
CUST_004292,Treatment,132.03,156.0,160.23,178.37,high,North,Mobile,Enterprise,15,0
CUST_004293,Control,35.21,44.8,32.11,52.89,low,East,Mobile,Premium,15,0
CUST_004294,Control,196.27,179.97,217.77,198.97,high,West,Mobile,Enterprise,29,0
CUST_004295,Control,20.5,0.0,1.2,21.07,low,North,Desktop,Basic,9,0
CUST_004296,Control,153.01,160.7,178.38,173.45,high,South,Mobile,Premium,9,0
CUST_004297,Treatment,96.13,88.4,90.48,88.94,medium,East,Mobile,Premium,16,0
CUST_004298,Treatment,13.36,15.8,42.62,32.91,medium,West,Mobile,Basic,59,0
CUST_004299,Treatment,64.69,66.65,62.95,85.6,high,South,Desktop,Basic,6,0
CUST_004300,Treatment,36.67,27.58,31.82,30.72,medium,West,Mobile,Premium,10,0
CUST_004301,Control,33.25,31.38,21.25,33.0,medium,East,Mobile,Basic,16,0
CUST_004302,Control,47.59,46.12,23.37,28.22,high,North,Desktop,Basic,4,1
CUST_004303,Control,48.51,58.52,66.22,46.06,high,North,Desktop,Premium,4,1
CUST_004304,Treatment,17.48,2.14,15.46,5.72,medium,South,Tablet,Basic,27,0
CUST_004305,Control,51.5,52.47,61.18,54.27,high,East,Mobile,Basic,6,0
CUST_004306,Treatment,63.45,63.59,81.7,60.78,medium,East,Desktop,Premium,1,1
CUST_004307,Control,40.53,52.8,46.14,41.77,medium,South,Mobile,Basic,44,0
CUST_004308,Control,60.1,66.04,61.72,59.74,high,South,Desktop,Basic,12,0
CUST_004309,Treatment,67.54,77.54,79.22,79.08,medium,North,Desktop,Premium,23,0
CUST_004310,Control,39.81,44.42,42.99,37.96,low,East,Mobile,Premium,7,0
CUST_004311,Treatment,17.32,0.0,10.98,0.0,low,North,Desktop,Basic,4,1
CUST_004312,Control,39.23,29.01,33.71,21.19,medium,North,Desktop,Basic,19,0
CUST_004313,Treatment,40.47,48.17,52.0,11.39,low,North,Tablet,Premium,4,1
CUST_004314,Control,35.97,37.32,44.66,23.78,low,West,Desktop,Premium,5,1
CUST_004315,Control,64.39,58.62,64.58,75.94,high,East,Mobile,Basic,1,1
CUST_004316,Control,24.61,25.26,46.36,24.38,medium,South,Desktop,Basic,3,1
CUST_004317,Treatment,178.54,165.75,174.24,187.07,high,East,Mobile,Enterprise,13,0
CUST_004318,Control,36.36,42.34,24.9,15.22,high,North,Desktop,Basic,5,1
CUST_004319,Control,30.49,18.31,44.13,28.82,low,East,Desktop,Basic,2,1
CUST_004320,Control,59.95,67.33,82.74,78.31,medium,West,Tablet,Premium,36,0
CUST_004321,Control,79.09,88.71,101.6,99.47,low,West,Mobile,Enterprise,6,0
CUST_004322,Treatment,27.36,36.49,25.29,32.35,medium,South,Mobile,Basic,26,0
CUST_004323,Treatment,70.04,73.36,107.49,100.01,high,East,Desktop,Basic,1,1
CUST_004324,Treatment,28.77,36.31,17.85,13.2,medium,South,Mobile,Basic,7,0
CUST_004325,Treatment,33.85,11.93,13.22,13.46,low,South,Desktop,Basic,12,0
CUST_004326,Treatment,18.88,32.0,18.37,12.89,low,East,Desktop,Basic,24,0
CUST_004327,Control,19.69,35.15,29.84,29.21,medium,West,Tablet,Basic,8,0
CUST_004328,Treatment,148.28,153.81,147.43,187.33,high,North,Mobile,Premium,4,1
CUST_004329,Treatment,25.09,29.95,29.72,38.63,medium,South,Desktop,Basic,1,1
CUST_004330,Control,37.68,24.37,30.03,23.97,low,West,Desktop,Basic,1,1
CUST_004331,Control,38.3,32.99,45.19,30.05,medium,South,Desktop,Basic,11,0
CUST_004332,Control,51.77,55.08,44.16,54.36,medium,North,Mobile,Premium,46,0
CUST_004333,Control,36.59,33.51,35.13,34.07,medium,South,Desktop,Basic,8,0
CUST_004334,Treatment,66.9,73.22,66.98,71.98,high,North,Desktop,Basic,8,0
CUST_004335,Treatment,23.81,21.63,17.82,31.53,medium,South,Mobile,Basic,6,0
CUST_004336,Control,66.98,49.34,58.39,51.29,low,East,Desktop,Premium,14,0
CUST_004337,Treatment,29.15,25.75,45.25,44.85,low,West,Mobile,Premium,19,0
CUST_004338,Treatment,18.37,24.21,34.56,25.84,low,West,Tablet,Basic,11,0
CUST_004339,Control,35.32,28.5,38.35,25.2,medium,East,Desktop,Premium,9,0
CUST_004340,Treatment,147.23,170.39,163.65,178.15,medium,North,Desktop,Enterprise,19,0
CUST_004341,Treatment,84.49,88.65,86.37,103.75,low,West,Desktop,Premium,45,0
CUST_004342,Control,29.27,41.72,30.13,44.09,medium,West,Tablet,Basic,28,0
CUST_004343,Treatment,138.14,147.87,130.48,146.2,medium,South,Tablet,Enterprise,3,1
CUST_004344,Control,62.17,70.91,70.84,61.8,high,North,Tablet,Premium,18,0
CUST_004345,Control,66.59,55.56,53.65,62.68,low,East,Desktop,Enterprise,14,0
CUST_004346,Treatment,51.83,40.1,40.03,52.19,medium,West,Desktop,Basic,53,0
CUST_004347,Treatment,42.37,41.89,16.67,34.84,medium,West,Desktop,Basic,11,0
CUST_004348,Treatment,40.84,61.34,51.28,72.05,medium,East,Desktop,Premium,40,0
CUST_004349,Control,45.22,55.72,38.45,55.6,high,North,Desktop,Basic,4,1
CUST_004350,Control,84.05,94.83,92.11,110.59,low,West,Desktop,Enterprise,7,0
CUST_004351,Control,18.72,8.11,24.07,6.29,low,East,Desktop,Basic,4,1
CUST_004352,Control,13.85,20.02,8.35,7.92,low,North,Mobile,Basic,7,0
CUST_004353,Treatment,25.47,34.88,38.03,32.47,low,West,Desktop,Basic,3,1
CUST_004354,Treatment,97.2,114.05,112.51,128.61,low,East,Desktop,Enterprise,39,0
CUST_004355,Treatment,64.1,52.08,45.64,67.49,low,West,Desktop,Premium,45,0
CUST_004356,Treatment,44.77,64.97,71.15,54.94,low,North,Tablet,Premium,11,0
CUST_004357,Control,103.71,87.37,111.22,103.56,high,North,Desktop,Premium,4,1
CUST_004358,Treatment,24.47,31.08,30.63,34.52,medium,North,Desktop,Basic,1,1
CUST_004359,Treatment,44.72,42.75,48.59,38.23,medium,North,Mobile,Basic,60,0
CUST_004360,Treatment,3.35,19.11,14.8,20.64,low,North,Mobile,Basic,11,0
CUST_004361,Treatment,18.0,21.4,28.66,32.04,high,West,Mobile,Basic,18,0
CUST_004362,Treatment,27.73,42.41,48.87,26.64,medium,North,Desktop,Basic,19,0
CUST_004363,Treatment,201.2,205.66,206.98,247.42,high,West,Desktop,Enterprise,1,1
CUST_004364,Control,88.28,77.58,70.3,66.95,medium,East,Mobile,Premium,31,0
CUST_004365,Control,124.09,139.46,138.01,144.98,high,North,Desktop,Premium,1,1
CUST_004366,Control,36.16,39.71,37.62,27.61,high,North,Desktop,Basic,3,1
CUST_004367,Treatment,20.48,18.84,16.22,21.75,medium,East,Tablet,Basic,8,0
CUST_004368,Control,25.59,29.51,29.02,28.99,medium,West,Desktop,Basic,16,0
CUST_004369,Treatment,17.45,29.16,14.99,15.26,low,South,Mobile,Basic,3,1
CUST_004370,Treatment,42.55,20.02,28.0,41.36,high,South,Desktop,Basic,7,0
CUST_004371,Treatment,30.29,28.23,28.26,30.81,medium,North,Desktop,Basic,4,1
CUST_004372,Treatment,30.96,8.44,23.81,30.2,low,North,Mobile,Basic,11,0
CUST_004373,Control,157.17,163.0,165.1,170.96,medium,West,Mobile,Enterprise,2,1
CUST_004374,Treatment,68.4,72.76,64.11,64.7,medium,South,Mobile,Premium,1,1
CUST_004375,Treatment,33.06,13.83,13.83,9.83,low,North,Mobile,Basic,12,0
CUST_004376,Control,63.21,62.53,64.41,77.88,medium,North,Mobile,Enterprise,43,0
CUST_004377,Control,29.12,25.61,32.99,27.27,low,West,Mobile,Basic,8,0
CUST_004378,Treatment,58.98,79.82,81.05,69.3,low,West,Desktop,Premium,60,0
CUST_004379,Control,129.75,132.48,137.25,145.72,medium,West,Desktop,Enterprise,21,0
CUST_004380,Treatment,23.08,27.97,28.01,29.13,medium,East,Desktop,Basic,10,0
CUST_004381,Treatment,49.12,59.85,58.73,43.48,high,North,Mobile,Basic,21,0
CUST_004382,Treatment,50.11,41.68,39.63,35.28,low,West,Mobile,Basic,13,0
CUST_004383,Treatment,3.06,20.31,18.1,5.73,low,West,Mobile,Basic,7,0
CUST_004384,Control,56.16,70.17,57.65,54.35,medium,South,Desktop,Premium,7,0
CUST_004385,Treatment,58.56,65.5,66.77,66.25,low,North,Mobile,Enterprise,21,0
CUST_004386,Control,20.88,20.95,34.27,36.2,medium,North,Mobile,Premium,14,0
CUST_004387,Treatment,45.92,37.57,43.27,50.62,medium,East,Desktop,Basic,11,0
CUST_004388,Control,22.64,43.01,11.67,30.11,low,North,Mobile,Basic,1,1
CUST_004389,Treatment,83.75,88.92,79.78,110.48,medium,East,Mobile,Premium,16,0
CUST_004390,Control,15.63,18.69,32.64,24.1,medium,East,Mobile,Basic,7,0
CUST_004391,Treatment,60.86,41.65,43.06,49.24,high,North,Mobile,Basic,1,1
CUST_004392,Treatment,110.52,117.04,110.37,110.13,medium,West,Mobile,Enterprise,6,0
CUST_004393,Control,31.29,19.55,24.81,25.01,low,North,Desktop,Basic,24,0
CUST_004394,Control,95.18,89.54,85.83,82.09,medium,East,Desktop,Premium,2,1
CUST_004395,Treatment,54.17,48.72,54.2,65.99,high,West,Desktop,Basic,1,1
CUST_004396,Treatment,13.05,18.01,26.45,20.13,low,West,Mobile,Basic,17,0
CUST_004397,Treatment,70.69,65.93,77.02,97.13,medium,West,Desktop,Premium,1,1
CUST_004398,Control,20.21,30.58,21.98,40.53,medium,East,Mobile,Basic,42,0
CUST_004399,Treatment,62.62,53.7,48.87,79.96,medium,East,Mobile,Premium,23,0
CUST_004400,Treatment,59.72,68.33,58.32,83.53,high,North,Desktop,Basic,31,0
CUST_004401,Control,64.64,70.65,78.81,70.35,high,South,Mobile,Premium,39,0
CUST_004402,Control,35.66,29.94,27.82,12.02,medium,West,Mobile,Basic,21,0
CUST_004403,Treatment,27.75,29.57,26.04,32.65,medium,West,Tablet,Basic,18,0
CUST_004404,Treatment,27.17,0.0,6.5,7.23,low,East,Desktop,Basic,6,0
CUST_004405,Control,1.0,13.98,38.6,15.6,medium,North,Mobile,Basic,27,0
CUST_004406,Control,39.57,47.35,40.07,52.63,low,South,Desktop,Premium,19,0
CUST_004407,Treatment,23.23,29.76,17.99,23.95,low,North,Desktop,Basic,20,0
CUST_004408,Treatment,40.88,60.64,50.26,53.15,medium,South,Desktop,Premium,1,1
CUST_004409,Control,9.35,8.81,16.41,9.83,low,North,Desktop,Basic,1,1
CUST_004410,Control,174.5,183.22,201.36,214.93,medium,East,Mobile,Enterprise,4,1
CUST_004411,Treatment,34.75,26.66,15.05,28.47,low,South,Desktop,Basic,1,1
CUST_004412,Control,48.16,39.22,42.37,48.12,medium,North,Desktop,Premium,9,0
CUST_004413,Treatment,143.83,131.77,118.23,165.58,medium,West,Mobile,Premium,14,0
CUST_004414,Control,43.67,39.97,50.59,44.5,medium,West,Desktop,Premium,3,1
CUST_004415,Control,34.09,59.23,52.11,54.71,high,South,Mobile,Basic,1,1
CUST_004416,Control,34.1,13.73,30.12,20.32,low,West,Desktop,Basic,26,0
CUST_004417,Treatment,174.08,173.63,186.18,222.18,high,East,Mobile,Enterprise,17,0
CUST_004418,Control,61.77,47.91,49.0,65.45,medium,East,Desktop,Basic,45,0
CUST_004419,Control,33.66,42.82,43.53,31.18,medium,South,Mobile,Basic,33,0
CUST_004420,Treatment,183.17,189.47,213.57,210.1,medium,East,Desktop,Enterprise,9,0
CUST_004421,Treatment,161.28,168.66,195.3,200.3,medium,North,Desktop,Enterprise,9,0
CUST_004422,Control,43.49,45.6,29.2,43.03,medium,East,Desktop,Basic,11,0
CUST_004423,Treatment,52.74,61.63,46.28,59.92,high,South,Desktop,Basic,10,0
CUST_004424,Treatment,76.65,65.09,68.36,82.4,high,East,Desktop,Basic,11,0
CUST_004425,Treatment,31.0,33.62,24.04,45.21,low,North,Mobile,Premium,13,0
CUST_004426,Control,102.68,98.83,104.52,109.04,high,South,Mobile,Premium,10,0
CUST_004427,Treatment,33.6,35.28,38.4,37.41,high,East,Mobile,Basic,17,0
CUST_004428,Control,18.67,15.4,21.95,16.23,medium,South,Mobile,Basic,9,0
CUST_004429,Control,120.81,121.28,112.7,122.84,low,East,Desktop,Enterprise,19,0
CUST_004430,Control,30.06,20.4,37.73,34.88,low,West,Desktop,Basic,45,0
CUST_004431,Control,36.51,26.19,36.16,34.35,low,East,Mobile,Premium,1,1
CUST_004432,Control,70.98,84.83,85.74,82.14,medium,West,Desktop,Premium,9,0
CUST_004433,Control,85.03,70.47,110.07,91.24,low,South,Mobile,Enterprise,27,0
CUST_004434,Treatment,65.61,63.17,80.05,77.02,medium,West,Desktop,Premium,1,1
CUST_004435,Control,105.98,103.06,99.51,110.46,high,South,Desktop,Premium,13,0
CUST_004436,Treatment,80.05,88.07,66.84,66.66,low,North,Desktop,Premium,60,0
CUST_004437,Treatment,113.07,138.07,117.03,139.28,medium,East,Mobile,Enterprise,36,0
CUST_004438,Treatment,6.38,26.28,25.86,39.66,medium,East,Desktop,Basic,1,1
CUST_004439,Control,73.7,55.33,68.82,61.93,medium,North,Mobile,Basic,41,0
CUST_004440,Control,166.2,157.54,152.68,166.11,medium,South,Mobile,Enterprise,1,1
CUST_004441,Treatment,55.11,31.24,60.93,67.74,medium,North,Mobile,Premium,5,1
CUST_004442,Control,43.61,69.16,54.72,63.38,medium,North,Tablet,Premium,3,1
CUST_004443,Treatment,42.1,49.02,47.98,75.82,high,West,Mobile,Basic,12,0
CUST_004444,Treatment,41.87,36.02,47.48,35.23,medium,West,Desktop,Basic,9,0
CUST_004445,Treatment,27.56,47.81,43.34,69.13,low,West,Desktop,Premium,1,1
CUST_004446,Control,39.78,40.66,44.85,38.19,medium,South,Desktop,Basic,18,0
CUST_004447,Treatment,51.78,39.33,39.63,45.48,medium,South,Tablet,Basic,3,1
CUST_004448,Control,14.34,29.73,36.95,39.34,medium,East,Mobile,Basic,6,0
CUST_004449,Control,26.79,40.88,41.95,43.28,medium,West,Mobile,Basic,30,0
CUST_004450,Treatment,82.42,75.75,87.58,74.54,medium,West,Mobile,Premium,14,0
CUST_004451,Treatment,20.21,20.5,27.47,37.3,medium,East,Desktop,Basic,19,0
CUST_004452,Control,39.17,47.91,41.55,51.76,high,South,Desktop,Premium,20,0
CUST_004453,Control,38.42,28.26,35.34,50.8,medium,East,Desktop,Premium,3,1
CUST_004454,Treatment,8.43,24.82,19.79,44.78,medium,East,Desktop,Basic,14,0
CUST_004455,Control,10.37,47.89,15.2,40.63,medium,West,Desktop,Basic,11,0
CUST_004456,Treatment,109.84,113.69,114.98,119.51,high,North,Mobile,Premium,6,0
CUST_004457,Treatment,26.24,23.93,25.44,31.08,medium,North,Mobile,Basic,10,0
CUST_004458,Treatment,36.3,59.54,41.98,42.91,medium,West,Desktop,Premium,1,1
CUST_004459,Control,26.22,26.9,26.89,26.63,medium,North,Tablet,Basic,7,0
CUST_004460,Treatment,28.39,31.3,18.65,29.55,low,South,Desktop,Basic,1,1
CUST_004461,Control,157.39,173.68,191.01,184.02,medium,North,Desktop,Enterprise,21,0
CUST_004462,Control,56.02,51.38,60.71,54.98,low,West,Mobile,Enterprise,7,0
CUST_004463,Control,69.9,71.06,85.23,84.15,high,East,Mobile,Premium,5,1
CUST_004464,Treatment,29.97,51.78,45.93,27.87,medium,West,Desktop,Basic,1,1
CUST_004465,Control,34.24,15.54,27.99,35.19,medium,East,Mobile,Basic,4,1
CUST_004466,Control,151.58,134.36,151.35,148.17,medium,East,Mobile,Enterprise,7,0
CUST_004467,Treatment,31.02,26.28,14.32,22.93,low,North,Mobile,Basic,7,0
CUST_004468,Control,46.43,40.06,54.01,35.5,high,East,Desktop,Basic,18,0
CUST_004469,Control,45.35,53.34,33.38,42.18,medium,East,Desktop,Basic,4,1
CUST_004470,Control,57.58,48.26,36.23,59.06,medium,East,Mobile,Premium,5,1
CUST_004471,Treatment,10.68,37.19,20.24,15.35,low,East,Mobile,Basic,21,0
CUST_004472,Control,131.28,125.14,136.78,147.01,medium,North,Mobile,Enterprise,1,1
CUST_004473,Treatment,72.24,81.58,100.91,98.06,low,South,Desktop,Premium,9,0
CUST_004474,Treatment,112.88,89.65,104.97,143.9,high,West,Desktop,Enterprise,14,0
CUST_004475,Treatment,25.17,16.59,19.53,27.4,medium,West,Desktop,Basic,18,0
CUST_004476,Treatment,36.52,58.88,36.06,44.5,high,West,Desktop,Basic,27,0
CUST_004477,Control,30.43,33.6,30.35,22.32,medium,East,Mobile,Basic,7,0
CUST_004478,Control,52.62,54.38,42.65,64.54,high,North,Desktop,Basic,2,1
CUST_004479,Treatment,83.08,89.51,78.14,89.61,medium,North,Desktop,Enterprise,35,0
CUST_004480,Control,79.68,103.97,88.42,102.58,high,West,Desktop,Premium,4,1
CUST_004481,Control,122.43,129.89,120.64,132.54,medium,North,Tablet,Enterprise,4,1
CUST_004482,Treatment,40.38,61.7,39.7,49.32,medium,South,Mobile,Basic,4,1
CUST_004483,Control,28.62,22.38,24.36,42.2,low,North,Desktop,Basic,7,0
CUST_004484,Treatment,17.1,26.28,30.14,26.22,low,West,Mobile,Basic,27,0
CUST_004485,Control,48.65,60.98,61.45,75.93,medium,South,Desktop,Premium,16,0
CUST_004486,Control,44.7,57.24,69.91,65.68,low,South,Desktop,Premium,39,0
CUST_004487,Control,54.39,23.82,41.52,55.22,medium,West,Mobile,Basic,1,1
CUST_004488,Control,46.47,57.11,46.65,56.54,medium,North,Tablet,Premium,11,0
CUST_004489,Treatment,32.06,39.59,50.11,34.26,medium,East,Mobile,Basic,3,1
CUST_004490,Control,43.33,59.14,65.88,74.07,medium,East,Desktop,Premium,8,0
CUST_004491,Treatment,45.32,43.35,55.94,51.99,medium,South,Desktop,Basic,3,1
CUST_004492,Control,79.01,81.86,59.39,87.66,medium,East,Desktop,Premium,20,0
CUST_004493,Control,31.33,27.67,31.53,11.75,low,West,Desktop,Basic,39,0
CUST_004494,Control,54.59,53.26,58.27,64.16,medium,East,Mobile,Premium,1,1
CUST_004495,Treatment,94.79,109.72,107.34,126.46,medium,East,Desktop,Enterprise,23,0
CUST_004496,Treatment,81.54,95.89,87.82,99.05,high,South,Desktop,Premium,40,0
CUST_004497,Treatment,26.24,28.61,41.13,25.94,low,South,Desktop,Basic,1,1
CUST_004498,Control,84.19,47.37,78.47,51.65,low,East,Tablet,Enterprise,60,0
CUST_004499,Control,109.57,114.4,114.31,111.45,medium,North,Desktop,Enterprise,3,1
CUST_004500,Control,18.36,38.11,9.87,24.48,low,North,Desktop,Basic,11,0
CUST_004501,Control,50.64,42.07,43.13,59.42,low,West,Mobile,Premium,15,0
CUST_004502,Treatment,31.94,22.8,27.28,15.29,low,East,Desktop,Basic,16,0
CUST_004503,Treatment,23.52,0.0,14.0,17.03,low,East,Desktop,Basic,7,0
CUST_004504,Control,55.63,57.33,68.49,73.88,low,South,Desktop,Premium,15,0
CUST_004505,Treatment,46.27,37.87,53.13,65.67,high,South,Desktop,Basic,60,0
CUST_004506,Control,40.92,45.33,59.98,60.33,low,South,Tablet,Premium,25,0
CUST_004507,Control,80.11,82.23,85.68,98.01,medium,North,Desktop,Enterprise,13,0
CUST_004508,Treatment,38.03,34.75,43.87,58.96,medium,West,Mobile,Basic,18,0
CUST_004509,Treatment,38.11,32.53,21.4,36.58,low,West,Desktop,Basic,26,0
CUST_004510,Treatment,21.4,3.0,26.69,5.98,low,North,Mobile,Basic,60,0
CUST_004511,Treatment,34.42,49.67,51.77,60.06,medium,North,Mobile,Premium,10,0
CUST_004512,Control,27.72,32.61,26.62,30.24,medium,East,Mobile,Basic,15,0
CUST_004513,Treatment,62.87,53.27,65.21,66.85,medium,North,Mobile,Premium,1,1
CUST_004514,Control,16.54,28.5,10.69,22.22,low,East,Desktop,Basic,15,0
CUST_004515,Treatment,147.27,139.73,141.26,181.44,medium,West,Mobile,Enterprise,53,0
CUST_004516,Control,94.89,89.56,91.2,101.07,low,East,Mobile,Enterprise,21,0
CUST_004517,Control,159.86,162.47,167.48,178.95,medium,North,Mobile,Enterprise,30,0
CUST_004518,Control,65.88,65.36,75.81,69.83,low,North,Tablet,Premium,2,1
CUST_004519,Treatment,368.31,375.53,374.24,449.55,high,South,Desktop,Enterprise,8,0
CUST_004520,Control,13.4,12.47,23.02,28.83,low,East,Mobile,Basic,12,0
CUST_004521,Treatment,32.94,38.99,26.93,20.58,low,West,Mobile,Basic,20,0
CUST_004522,Control,81.71,105.69,83.72,102.34,low,West,Desktop,Enterprise,9,0
CUST_004523,Control,118.29,110.04,125.32,118.33,high,East,Desktop,Premium,31,0
CUST_004524,Treatment,29.9,28.97,28.53,35.67,low,North,Mobile,Basic,17,0
CUST_004525,Control,0.0,27.23,15.01,7.69,low,West,Desktop,Basic,45,0
CUST_004526,Control,189.62,191.75,198.15,205.69,high,North,Mobile,Enterprise,1,1
CUST_004527,Treatment,46.88,47.25,56.22,63.73,medium,North,Desktop,Basic,19,0
CUST_004528,Treatment,87.19,87.06,78.57,84.0,low,North,Tablet,Enterprise,31,0
CUST_004529,Control,181.05,165.71,182.95,170.15,high,East,Mobile,Enterprise,11,0
CUST_004530,Control,47.51,37.65,45.61,55.2,high,North,Mobile,Basic,1,1
CUST_004531,Control,52.95,46.02,54.11,50.14,medium,West,Desktop,Basic,16,0
CUST_004532,Treatment,21.04,20.14,26.06,18.75,medium,East,Desktop,Basic,9,0
CUST_004533,Control,15.25,16.78,19.12,8.56,low,East,Tablet,Basic,24,0
CUST_004534,Treatment,44.51,44.44,55.15,57.69,medium,South,Desktop,Premium,16,0
CUST_004535,Control,59.5,60.7,67.26,71.1,medium,West,Mobile,Premium,42,0
CUST_004536,Control,53.55,76.71,59.4,82.22,medium,East,Desktop,Premium,10,0
CUST_004537,Control,32.04,46.17,34.64,46.49,high,South,Desktop,Basic,3,1
CUST_004538,Treatment,81.02,79.0,83.55,80.18,medium,East,Desktop,Premium,12,0
CUST_004539,Control,46.13,54.44,50.21,61.2,medium,East,Desktop,Basic,7,0
CUST_004540,Treatment,17.64,34.04,33.5,24.21,medium,East,Desktop,Basic,11,0
CUST_004541,Control,44.86,48.45,40.22,55.41,low,East,Desktop,Premium,20,0
CUST_004542,Control,79.25,97.51,98.93,99.37,low,East,Mobile,Enterprise,16,0
CUST_004543,Treatment,47.91,40.07,54.35,70.41,high,East,Desktop,Basic,1,1
CUST_004544,Control,71.74,60.5,55.51,63.72,low,West,Desktop,Enterprise,1,1
CUST_004545,Control,47.44,45.84,43.65,56.3,high,North,Mobile,Basic,16,0
CUST_004546,Control,19.96,25.26,10.76,17.57,low,East,Desktop,Basic,6,0
CUST_004547,Treatment,39.97,31.6,26.59,44.47,medium,East,Desktop,Basic,15,0
CUST_004548,Control,62.39,64.38,46.35,67.52,high,East,Mobile,Basic,13,0
CUST_004549,Control,128.06,135.3,134.27,118.78,high,North,Mobile,Premium,7,0
CUST_004550,Treatment,45.97,32.76,45.9,46.12,medium,North,Tablet,Premium,5,1
CUST_004551,Control,30.11,35.05,39.64,44.42,low,East,Desktop,Basic,1,1
CUST_004552,Treatment,79.16,96.87,98.23,102.99,medium,West,Mobile,Enterprise,7,0
CUST_004553,Treatment,52.54,63.72,80.44,83.52,medium,South,Desktop,Premium,19,0
CUST_004554,Control,49.91,51.58,55.53,67.49,low,North,Mobile,Premium,7,0
CUST_004555,Control,94.36,94.69,86.6,101.87,high,North,Desktop,Basic,27,0
CUST_004556,Treatment,59.55,70.56,77.33,71.29,low,West,Desktop,Premium,27,0
CUST_004557,Treatment,41.74,45.22,42.57,34.61,medium,East,Desktop,Basic,4,1
CUST_004558,Control,22.75,26.99,30.04,23.68,high,South,Mobile,Basic,3,1
CUST_004559,Control,46.55,47.74,37.26,52.29,high,South,Desktop,Basic,11,0
CUST_004560,Treatment,36.53,32.41,53.37,25.81,low,North,Desktop,Premium,21,0
CUST_004561,Control,31.21,39.12,18.49,37.46,medium,East,Mobile,Basic,1,1
CUST_004562,Treatment,26.32,41.03,25.31,34.26,medium,East,Mobile,Basic,20,0
CUST_004563,Control,27.3,24.08,40.03,23.66,low,East,Mobile,Basic,10,0
CUST_004564,Control,31.68,20.99,32.8,30.03,medium,East,Desktop,Basic,15,0
CUST_004565,Control,49.44,42.08,42.2,42.7,low,North,Mobile,Enterprise,11,0
CUST_004566,Control,34.9,33.44,48.52,38.99,high,West,Mobile,Basic,6,0
CUST_004567,Treatment,39.48,34.7,41.61,47.2,medium,North,Mobile,Premium,29,0
CUST_004568,Control,55.74,43.4,62.18,72.73,low,South,Desktop,Premium,17,0
CUST_004569,Control,158.26,152.62,159.64,165.24,high,West,Mobile,Enterprise,8,0
CUST_004570,Treatment,52.27,52.42,59.01,71.87,low,West,Mobile,Premium,3,1
CUST_004571,Control,63.86,76.13,58.47,79.72,medium,South,Desktop,Premium,25,0
CUST_004572,Control,222.74,222.07,228.95,227.29,high,South,Desktop,Enterprise,1,1
CUST_004573,Treatment,19.95,15.04,17.52,30.93,low,West,Desktop,Basic,3,1
CUST_004574,Control,4.84,25.08,9.58,21.66,low,West,Desktop,Basic,1,1
CUST_004575,Control,28.33,25.45,26.25,37.29,high,South,Desktop,Basic,26,0
CUST_004576,Control,41.81,42.01,31.55,29.77,high,South,Desktop,Basic,1,1
CUST_004577,Treatment,31.19,43.28,22.55,31.5,low,West,Desktop,Basic,28,0
CUST_004578,Control,9.43,7.16,19.34,13.8,low,West,Desktop,Basic,1,1
CUST_004579,Control,39.86,46.33,39.09,41.0,medium,East,Desktop,Premium,6,0
CUST_004580,Treatment,42.07,40.16,49.3,66.86,medium,East,Desktop,Basic,2,1
CUST_004581,Treatment,27.88,30.15,31.19,24.13,low,North,Desktop,Basic,4,1
CUST_004582,Control,9.72,16.78,28.8,17.89,low,East,Tablet,Basic,17,0
CUST_004583,Control,46.91,60.66,46.97,42.83,low,East,Desktop,Premium,3,1
CUST_004584,Control,29.93,30.0,24.71,24.3,low,North,Desktop,Basic,8,0
CUST_004585,Treatment,95.01,100.2,109.4,110.19,medium,East,Desktop,Enterprise,1,1
CUST_004586,Control,31.79,27.97,30.4,51.72,medium,South,Desktop,Basic,2,1
CUST_004587,Treatment,80.88,76.82,75.8,90.12,medium,South,Mobile,Enterprise,60,0
CUST_004588,Control,53.69,46.78,55.7,53.76,low,North,Desktop,Premium,22,0
CUST_004589,Control,21.57,27.6,28.13,33.38,medium,North,Mobile,Basic,4,1
CUST_004590,Control,39.86,43.89,39.91,36.83,low,West,Mobile,Basic,8,0
CUST_004591,Control,78.62,74.7,70.32,77.37,low,East,Desktop,Enterprise,12,0
CUST_004592,Control,67.55,51.41,58.64,70.11,high,West,Tablet,Basic,7,0
CUST_004593,Treatment,9.71,8.25,17.08,16.37,low,East,Mobile,Basic,2,1
CUST_004594,Treatment,38.11,29.52,35.57,38.43,high,South,Desktop,Basic,43,0
CUST_004595,Treatment,12.7,22.53,27.12,20.61,low,West,Desktop,Basic,25,0
CUST_004596,Treatment,3.48,28.72,34.57,24.54,medium,North,Mobile,Basic,51,0
CUST_004597,Control,64.0,73.68,90.11,66.48,low,North,Desktop,Premium,2,1
CUST_004598,Treatment,169.64,159.25,152.87,194.2,medium,East,Desktop,Enterprise,8,0
CUST_004599,Treatment,31.87,28.15,28.61,25.58,high,West,Mobile,Basic,9,0
CUST_004600,Control,138.12,169.98,165.99,155.53,medium,East,Tablet,Enterprise,11,0
CUST_004601,Treatment,24.3,35.14,30.71,46.52,medium,West,Desktop,Basic,21,0
CUST_004602,Control,24.15,27.31,4.77,15.64,medium,North,Desktop,Basic,1,1
CUST_004603,Control,74.69,93.98,77.4,79.47,medium,West,Mobile,Premium,20,0
CUST_004604,Control,53.91,59.37,60.56,55.01,high,West,Mobile,Basic,7,0
CUST_004605,Treatment,4.33,3.14,19.79,23.47,low,West,Desktop,Basic,7,0
CUST_004606,Treatment,144.78,158.68,163.87,192.29,medium,West,Mobile,Enterprise,11,0
CUST_004607,Control,40.85,31.93,44.7,45.49,high,East,Desktop,Basic,3,1
CUST_004608,Control,89.44,73.99,80.58,70.64,medium,East,Mobile,Premium,43,0
CUST_004609,Control,32.02,34.06,28.04,18.3,high,East,Desktop,Basic,2,1
CUST_004610,Control,197.42,204.53,213.25,241.62,high,South,Mobile,Enterprise,5,1
CUST_004611,Treatment,55.51,67.2,70.78,80.35,medium,West,Mobile,Premium,1,1
CUST_004612,Treatment,22.47,43.22,33.06,39.06,medium,East,Tablet,Premium,7,0
CUST_004613,Treatment,33.94,24.71,36.27,25.56,medium,East,Mobile,Basic,17,0
CUST_004614,Control,140.65,131.04,138.33,145.11,medium,West,Desktop,Enterprise,21,0
CUST_004615,Treatment,41.37,55.1,59.94,47.45,low,East,Desktop,Premium,16,0
CUST_004616,Treatment,53.51,52.3,48.78,46.99,low,West,Desktop,Premium,5,1
CUST_004617,Treatment,30.18,51.45,43.37,22.5,medium,West,Desktop,Basic,3,1
CUST_004618,Control,51.92,55.86,53.66,63.82,high,North,Desktop,Basic,4,1
CUST_004619,Treatment,27.4,28.65,31.63,32.97,low,East,Desktop,Basic,4,1
CUST_004620,Control,87.53,84.31,97.87,109.76,medium,East,Desktop,Enterprise,8,0
CUST_004621,Treatment,92.99,98.92,100.43,102.99,medium,North,Desktop,Premium,11,0
CUST_004622,Treatment,23.87,27.71,39.12,34.73,medium,West,Mobile,Basic,1,1
CUST_004623,Treatment,82.73,89.6,81.91,102.89,high,West,Desktop,Basic,1,1
CUST_004624,Treatment,24.44,18.92,27.19,28.3,high,East,Desktop,Basic,6,0
CUST_004625,Control,50.36,29.79,30.42,38.19,medium,West,Mobile,Basic,43,0
CUST_004626,Control,142.91,166.87,162.96,168.63,medium,North,Mobile,Enterprise,9,0
CUST_004627,Treatment,99.81,93.34,101.54,111.74,medium,West,Desktop,Premium,5,1
CUST_004628,Treatment,72.0,78.63,88.74,86.19,medium,South,Mobile,Premium,13,0
CUST_004629,Control,60.22,46.5,56.11,56.12,low,South,Desktop,Premium,4,1
CUST_004630,Control,48.62,69.35,65.58,63.05,low,South,Tablet,Enterprise,8,0
CUST_004631,Treatment,79.14,74.06,61.27,79.47,low,East,Tablet,Enterprise,3,1
CUST_004632,Treatment,15.32,22.84,17.04,7.94,medium,West,Mobile,Basic,11,0
CUST_004633,Treatment,68.73,68.09,58.94,76.99,high,West,Mobile,Basic,13,0
CUST_004634,Control,54.23,45.65,51.63,34.93,medium,West,Desktop,Basic,7,0
CUST_004635,Control,5.53,11.26,21.48,9.83,low,East,Tablet,Basic,54,0
CUST_004636,Treatment,112.59,101.34,120.94,107.31,medium,South,Desktop,Premium,13,0
CUST_004637,Control,33.84,30.45,15.41,17.96,low,West,Mobile,Basic,15,0
CUST_004638,Control,135.73,150.53,159.57,167.17,low,East,Desktop,Enterprise,13,0
CUST_004639,Control,56.86,65.71,59.6,63.39,low,West,Desktop,Premium,12,0
CUST_004640,Treatment,81.13,88.64,88.91,101.88,medium,East,Desktop,Premium,23,0
CUST_004641,Control,21.71,22.55,14.31,24.65,low,East,Mobile,Basic,12,0
CUST_004642,Treatment,49.22,41.34,43.07,32.38,low,North,Mobile,Premium,60,0
CUST_004643,Control,118.59,123.41,125.44,125.79,medium,West,Desktop,Premium,17,0
CUST_004644,Control,38.72,13.25,13.51,31.2,low,West,Desktop,Premium,3,1
CUST_004645,Control,133.93,135.94,137.0,160.51,high,South,Desktop,Premium,3,1
CUST_004646,Treatment,152.54,147.12,167.9,158.72,low,North,Mobile,Enterprise,4,1
CUST_004647,Control,19.79,17.84,15.66,27.36,low,South,Desktop,Basic,15,0
CUST_004648,Control,114.44,128.98,112.42,130.78,low,North,Desktop,Enterprise,8,0
CUST_004649,Control,73.39,82.44,86.52,82.24,high,North,Mobile,Premium,1,1
CUST_004650,Treatment,55.61,56.47,64.46,68.37,low,West,Mobile,Enterprise,12,0
CUST_004651,Treatment,122.44,121.39,125.46,100.24,low,North,Tablet,Enterprise,5,1
CUST_004652,Control,34.01,32.69,34.98,32.84,medium,East,Desktop,Basic,3,1
CUST_004653,Control,27.57,29.24,19.42,23.09,low,South,Mobile,Basic,7,0
CUST_004654,Treatment,56.68,45.2,41.1,45.22,medium,East,Mobile,Basic,10,0
CUST_004655,Control,29.98,27.57,34.03,33.7,high,West,Desktop,Basic,30,0
CUST_004656,Control,39.85,45.41,19.21,28.03,medium,South,Desktop,Basic,16,0
CUST_004657,Treatment,19.91,28.04,12.99,24.41,low,East,Tablet,Basic,2,1
CUST_004658,Control,15.19,7.69,8.45,5.81,low,West,Mobile,Basic,38,0
CUST_004659,Treatment,35.41,46.3,48.58,37.16,high,East,Mobile,Basic,1,1
CUST_004660,Control,43.3,51.87,62.85,46.36,medium,North,Desktop,Premium,1,1
CUST_004661,Control,93.39,97.25,102.5,108.53,medium,East,Tablet,Premium,27,0
CUST_004662,Treatment,75.27,98.29,91.4,102.46,high,North,Desktop,Premium,7,0
CUST_004663,Treatment,50.19,49.83,42.01,59.79,medium,West,Desktop,Premium,15,0
CUST_004664,Control,11.67,23.27,20.69,18.94,low,West,Desktop,Basic,7,0
CUST_004665,Control,138.57,133.8,123.32,131.76,high,West,Mobile,Premium,10,0
CUST_004666,Treatment,38.46,43.1,40.06,45.02,medium,West,Desktop,Basic,4,1
CUST_004667,Control,52.77,58.7,69.37,82.19,high,East,Desktop,Basic,7,0
CUST_004668,Control,94.21,102.73,87.15,102.81,low,East,Desktop,Enterprise,11,0
CUST_004669,Treatment,54.15,66.53,67.55,77.22,medium,West,Desktop,Premium,7,0
CUST_004670,Treatment,40.39,51.41,51.69,49.15,medium,East,Mobile,Premium,1,1
CUST_004671,Treatment,106.45,114.0,110.66,126.41,high,West,Desktop,Premium,7,0
CUST_004672,Control,41.85,37.02,47.89,51.77,high,East,Mobile,Basic,60,0
CUST_004673,Treatment,52.89,57.19,66.14,66.12,low,East,Desktop,Enterprise,18,0
CUST_004674,Treatment,62.89,52.3,50.94,67.69,high,North,Mobile,Basic,8,0
CUST_004675,Treatment,36.41,18.37,43.45,47.64,high,North,Desktop,Basic,13,0
CUST_004676,Control,42.32,46.69,21.14,58.81,medium,North,Mobile,Basic,1,1
CUST_004677,Control,158.68,166.57,159.24,179.78,medium,East,Mobile,Enterprise,15,0
CUST_004678,Treatment,32.03,11.35,38.33,34.89,medium,East,Desktop,Basic,14,0
CUST_004679,Treatment,79.63,87.6,80.97,104.86,high,East,Desktop,Premium,30,0
CUST_004680,Treatment,121.53,117.47,134.4,148.62,medium,East,Desktop,Enterprise,11,0
CUST_004681,Control,94.42,69.34,85.04,93.25,medium,North,Mobile,Premium,1,1
CUST_004682,Treatment,41.85,31.7,50.78,35.23,medium,South,Mobile,Basic,2,1
CUST_004683,Treatment,21.44,31.94,20.83,45.61,medium,East,Desktop,Basic,17,0
CUST_004684,Control,88.26,68.01,89.98,97.94,high,West,Desktop,Basic,45,0
CUST_004685,Control,42.77,39.21,23.57,51.18,high,West,Desktop,Basic,1,1
CUST_004686,Treatment,125.03,107.21,131.06,125.71,high,North,Desktop,Premium,15,0
CUST_004687,Treatment,24.49,30.45,19.17,28.72,low,West,Mobile,Basic,8,0
CUST_004688,Control,61.32,67.59,59.45,82.33,low,West,Mobile,Enterprise,7,0
CUST_004689,Control,118.84,119.99,128.87,144.75,medium,West,Mobile,Enterprise,5,1
CUST_004690,Control,76.35,69.94,58.43,67.17,low,West,Desktop,Enterprise,24,0
CUST_004691,Control,87.4,77.4,83.54,74.49,high,East,Mobile,Premium,14,0
CUST_004692,Control,52.73,60.1,50.01,60.47,medium,North,Mobile,Premium,14,0
CUST_004693,Treatment,20.25,8.03,6.25,16.51,low,South,Mobile,Basic,50,0
CUST_004694,Control,7.16,14.01,16.3,27.56,low,East,Desktop,Basic,21,0
CUST_004695,Control,42.61,29.86,25.02,40.92,low,South,Mobile,Basic,4,1
CUST_004696,Control,14.53,35.16,24.13,20.75,low,South,Desktop,Basic,3,1
CUST_004697,Control,11.84,26.31,31.98,4.87,low,North,Desktop,Basic,3,1
CUST_004698,Control,268.26,260.2,266.38,279.78,medium,West,Desktop,Enterprise,33,0
CUST_004699,Control,95.19,84.21,85.41,103.26,medium,North,Desktop,Premium,11,0
CUST_004700,Control,18.94,34.89,21.96,51.67,low,West,Desktop,Basic,39,0
CUST_004701,Treatment,26.38,33.19,27.8,25.61,high,South,Desktop,Basic,16,0
CUST_004702,Control,84.15,99.62,84.03,87.79,medium,West,Desktop,Premium,8,0
CUST_004703,Treatment,37.77,29.95,42.0,40.04,medium,West,Desktop,Basic,5,1
CUST_004704,Treatment,36.22,16.0,41.65,48.95,medium,North,Desktop,Basic,1,1
CUST_004705,Control,114.45,112.05,115.33,117.04,high,East,Desktop,Premium,45,0
CUST_004706,Control,144.8,126.89,130.59,146.24,medium,West,Tablet,Enterprise,33,0
CUST_004707,Control,66.52,72.54,66.06,94.66,high,South,Mobile,Premium,6,0
CUST_004708,Treatment,7.38,34.63,29.22,13.82,medium,South,Mobile,Basic,14,0
CUST_004709,Treatment,36.18,16.13,32.53,43.23,low,East,Desktop,Basic,17,0
CUST_004710,Control,56.86,53.43,50.2,63.72,high,West,Desktop,Basic,1,1
CUST_004711,Treatment,33.52,17.38,34.91,42.99,low,East,Desktop,Basic,1,1
CUST_004712,Control,33.56,33.07,27.37,42.08,high,North,Desktop,Basic,1,1
CUST_004713,Treatment,39.26,52.02,54.28,48.03,medium,West,Mobile,Basic,27,0
CUST_004714,Control,18.87,13.81,32.82,20.37,medium,North,Mobile,Basic,29,0
CUST_004715,Treatment,139.46,131.46,124.23,153.07,high,South,Desktop,Enterprise,20,0
CUST_004716,Control,129.93,154.93,149.68,156.89,medium,West,Desktop,Enterprise,17,0
CUST_004717,Treatment,19.37,25.6,27.76,11.03,low,North,Mobile,Basic,28,0
CUST_004718,Control,71.13,85.05,94.12,74.01,medium,South,Mobile,Premium,1,1
CUST_004719,Treatment,52.52,39.21,53.92,64.66,high,North,Mobile,Basic,1,1
CUST_004720,Control,93.37,75.31,92.9,90.08,medium,North,Mobile,Enterprise,8,0
CUST_004721,Control,56.44,62.08,49.3,56.75,medium,West,Desktop,Premium,6,0
CUST_004722,Treatment,36.72,52.04,29.5,50.23,medium,East,Desktop,Basic,4,1
CUST_004723,Treatment,74.51,70.1,57.11,61.35,medium,South,Mobile,Premium,11,0
CUST_004724,Treatment,64.6,62.46,61.12,69.66,high,East,Mobile,Premium,8,0
CUST_004725,Control,185.49,201.62,211.57,192.54,high,East,Desktop,Enterprise,17,0
CUST_004726,Treatment,65.75,76.82,77.26,85.94,medium,North,Mobile,Premium,29,0
CUST_004727,Control,31.58,34.27,34.12,42.51,low,West,Desktop,Premium,7,0
CUST_004728,Treatment,42.94,16.22,27.99,19.94,medium,North,Mobile,Basic,5,1
CUST_004729,Treatment,28.55,32.37,41.31,28.14,low,South,Desktop,Premium,1,1
CUST_004730,Treatment,20.09,19.2,36.69,28.73,low,West,Desktop,Basic,45,0
CUST_004731,Treatment,27.76,25.85,17.05,23.57,low,South,Desktop,Premium,2,1
CUST_004732,Treatment,12.59,3.78,0.0,14.03,low,North,Desktop,Basic,3,1
CUST_004733,Control,31.98,21.76,15.24,18.56,low,South,Desktop,Basic,11,0
CUST_004734,Treatment,18.3,34.28,32.1,16.1,medium,East,Tablet,Basic,14,0
CUST_004735,Control,140.3,144.45,146.12,169.81,medium,East,Desktop,Enterprise,60,0
CUST_004736,Control,151.31,172.9,162.25,173.89,high,South,Desktop,Premium,41,0
CUST_004737,Treatment,205.58,214.94,213.51,243.64,high,North,Mobile,Enterprise,5,1
CUST_004738,Control,12.3,25.63,27.61,17.91,medium,North,Mobile,Basic,4,1
CUST_004739,Control,71.96,73.54,82.72,78.97,low,North,Desktop,Enterprise,12,0
CUST_004740,Treatment,11.87,18.9,34.86,42.38,low,East,Desktop,Basic,5,1
CUST_004741,Treatment,60.94,57.55,63.81,74.78,medium,South,Tablet,Premium,10,0
CUST_004742,Treatment,182.0,178.56,190.42,205.85,medium,West,Mobile,Enterprise,38,0
CUST_004743,Treatment,34.24,32.28,31.59,29.53,high,West,Mobile,Basic,4,1
CUST_004744,Treatment,55.95,69.0,73.52,60.29,high,West,Desktop,Premium,6,0
CUST_004745,Control,30.92,32.88,25.82,21.8,low,East,Desktop,Basic,39,0
CUST_004746,Treatment,55.81,54.82,50.77,50.8,low,North,Desktop,Premium,33,0
CUST_004747,Treatment,66.19,52.21,78.61,63.68,low,East,Desktop,Enterprise,24,0
CUST_004748,Treatment,79.32,70.1,90.24,79.94,low,West,Desktop,Enterprise,3,1
CUST_004749,Treatment,54.29,32.49,49.85,64.65,medium,South,Mobile,Premium,1,1
CUST_004750,Treatment,56.05,52.08,48.85,68.37,high,South,Tablet,Basic,11,0
CUST_004751,Control,54.41,48.27,61.08,51.23,medium,North,Desktop,Basic,5,1
CUST_004752,Treatment,31.34,14.7,30.47,17.41,low,North,Mobile,Basic,1,1
CUST_004753,Control,35.49,49.19,35.7,34.87,low,East,Desktop,Premium,6,0
CUST_004754,Treatment,22.51,18.37,22.17,17.24,low,West,Mobile,Basic,1,1
CUST_004755,Control,23.22,22.01,19.42,25.52,low,East,Desktop,Basic,4,1
CUST_004756,Treatment,132.49,155.51,130.13,149.86,medium,West,Mobile,Enterprise,13,0
CUST_004757,Control,22.75,18.24,27.19,32.82,low,South,Tablet,Basic,23,0
CUST_004758,Control,98.87,91.61,108.11,112.34,medium,South,Desktop,Enterprise,14,0
CUST_004759,Treatment,36.57,26.37,35.11,8.92,low,East,Desktop,Basic,4,1
CUST_004760,Treatment,6.88,22.87,0.65,16.67,low,West,Tablet,Basic,17,0
CUST_004761,Treatment,24.83,32.48,48.68,43.61,high,West,Desktop,Basic,1,1
CUST_004762,Control,52.31,44.53,42.39,50.2,high,West,Desktop,Basic,8,0
CUST_004763,Control,25.27,35.63,32.59,37.37,medium,South,Desktop,Basic,3,1
CUST_004764,Control,157.24,160.22,147.33,173.0,medium,West,Desktop,Enterprise,5,1
CUST_004765,Treatment,20.79,28.0,28.04,21.99,low,West,Mobile,Basic,2,1
CUST_004766,Treatment,83.82,92.83,86.66,89.21,medium,South,Mobile,Premium,11,0
CUST_004767,Control,39.34,23.24,31.37,47.44,medium,North,Desktop,Basic,9,0
CUST_004768,Control,96.97,115.42,98.32,109.56,medium,North,Mobile,Enterprise,9,0
CUST_004769,Treatment,42.68,38.88,32.95,33.88,medium,East,Desktop,Premium,1,1
CUST_004770,Control,10.99,4.09,19.72,16.68,low,North,Desktop,Basic,1,1
CUST_004771,Control,124.92,144.6,140.22,138.1,low,North,Mobile,Enterprise,26,0
CUST_004772,Control,69.43,89.88,78.87,85.78,high,East,Mobile,Basic,23,0
CUST_004773,Treatment,33.31,46.47,59.25,53.76,medium,North,Desktop,Premium,13,0
CUST_004774,Treatment,61.37,51.96,61.53,62.39,high,East,Mobile,Basic,8,0
CUST_004775,Treatment,32.51,55.0,15.71,30.57,medium,East,Mobile,Basic,25,0
CUST_004776,Control,48.95,35.83,45.12,35.55,medium,North,Desktop,Premium,4,1
CUST_004777,Control,59.91,66.44,63.57,83.95,high,West,Mobile,Basic,24,0
CUST_004778,Treatment,34.71,16.5,33.63,44.59,medium,West,Desktop,Basic,2,1
CUST_004779,Treatment,125.21,123.6,102.68,111.81,high,East,Mobile,Premium,5,1
CUST_004780,Treatment,12.66,25.88,29.44,29.51,low,West,Desktop,Basic,2,1
CUST_004781,Treatment,158.52,146.63,167.17,170.85,medium,North,Desktop,Enterprise,1,1
CUST_004782,Treatment,36.54,56.0,50.63,54.56,medium,North,Desktop,Premium,14,0
CUST_004783,Control,73.19,60.03,79.15,90.66,medium,East,Mobile,Premium,33,0
CUST_004784,Control,42.0,57.84,41.46,40.39,low,West,Mobile,Premium,22,0
CUST_004785,Treatment,36.23,46.51,27.09,46.34,medium,West,Desktop,Basic,6,0
CUST_004786,Treatment,21.75,26.06,31.98,25.53,low,West,Desktop,Basic,19,0
CUST_004787,Treatment,19.73,21.76,35.72,33.79,medium,East,Desktop,Basic,1,1
CUST_004788,Control,35.16,52.86,45.27,44.03,high,North,Desktop,Basic,24,0
CUST_004789,Control,111.91,101.36,108.43,114.31,medium,North,Desktop,Premium,13,0
CUST_004790,Control,93.26,107.81,113.66,104.4,high,West,Desktop,Premium,10,0
CUST_004791,Treatment,53.3,50.05,68.66,34.4,high,East,Tablet,Premium,1,1
CUST_004792,Treatment,16.73,30.82,40.87,45.52,low,West,Desktop,Basic,36,0
CUST_004793,Treatment,76.7,91.39,98.32,108.58,high,North,Mobile,Premium,2,1
CUST_004794,Control,72.16,76.25,86.7,80.64,low,North,Mobile,Enterprise,3,1
CUST_004795,Control,35.42,29.03,28.95,25.02,medium,West,Mobile,Basic,14,0
CUST_004796,Treatment,106.38,116.36,107.31,123.58,medium,West,Desktop,Premium,17,0
CUST_004797,Treatment,21.07,25.43,21.61,32.48,low,South,Mobile,Premium,18,0
CUST_004798,Control,72.16,80.86,76.61,83.09,low,South,Desktop,Premium,21,0
CUST_004799,Control,45.58,3.36,44.37,48.34,low,East,Desktop,Premium,23,0
CUST_004800,Control,162.94,164.4,168.08,176.84,medium,South,Desktop,Enterprise,1,1
CUST_004801,Control,54.11,54.24,41.83,59.87,low,North,Mobile,Premium,14,0
CUST_004802,Treatment,99.67,109.08,100.85,120.44,medium,North,Desktop,Premium,8,0
CUST_004803,Treatment,21.52,30.56,23.6,25.99,low,East,Desktop,Basic,10,0
CUST_004804,Treatment,122.45,134.95,142.47,161.56,medium,East,Mobile,Enterprise,18,0
CUST_004805,Control,40.99,40.5,32.12,44.27,medium,North,Desktop,Basic,5,1
CUST_004806,Treatment,120.76,112.11,120.07,132.62,high,North,Mobile,Premium,20,0
CUST_004807,Control,3.7,18.56,10.51,11.98,low,South,Mobile,Basic,24,0
CUST_004808,Control,59.63,57.29,51.36,47.45,low,East,Mobile,Basic,45,0
CUST_004809,Treatment,45.9,16.22,19.27,24.16,low,South,Desktop,Basic,16,0
CUST_004810,Treatment,125.63,139.63,128.57,141.7,low,South,Mobile,Enterprise,12,0
CUST_004811,Control,99.59,105.8,103.91,100.85,medium,South,Desktop,Enterprise,4,1
CUST_004812,Treatment,68.03,52.95,56.1,51.04,medium,West,Desktop,Premium,17,0
CUST_004813,Control,42.3,45.22,46.26,50.77,low,East,Desktop,Premium,1,1
CUST_004814,Control,40.33,29.49,10.69,27.21,medium,West,Mobile,Basic,7,0
CUST_004815,Control,43.52,40.12,36.83,44.39,low,West,Desktop,Premium,5,1
CUST_004816,Control,27.56,41.51,47.81,38.33,medium,North,Mobile,Basic,16,0
CUST_004817,Control,163.66,151.78,168.33,164.65,high,West,Desktop,Enterprise,10,0
CUST_004818,Treatment,242.14,263.34,253.52,318.84,high,West,Tablet,Enterprise,22,0
CUST_004819,Treatment,24.01,34.14,32.37,31.74,medium,North,Mobile,Basic,2,1
CUST_004820,Control,59.5,36.92,45.13,71.56,low,East,Desktop,Premium,6,0
CUST_004821,Control,28.36,23.48,45.65,30.9,low,South,Mobile,Basic,4,1
CUST_004822,Treatment,37.94,57.06,49.67,66.41,high,North,Desktop,Basic,3,1
CUST_004823,Control,42.31,29.44,44.49,32.96,medium,North,Desktop,Basic,18,0
CUST_004824,Treatment,8.48,13.36,4.87,12.59,low,East,Mobile,Basic,2,1
CUST_004825,Treatment,49.32,72.04,56.76,67.25,high,North,Desktop,Basic,2,1
CUST_004826,Control,133.94,128.86,147.27,160.64,medium,West,Desktop,Enterprise,4,1
CUST_004827,Control,71.02,43.59,47.21,65.8,low,South,Mobile,Premium,6,0
CUST_004828,Treatment,43.38,36.12,38.66,52.64,low,East,Desktop,Premium,2,1
CUST_004829,Control,66.36,87.36,75.8,75.98,low,East,Mobile,Premium,8,0
CUST_004830,Treatment,28.67,24.1,20.5,22.39,low,North,Mobile,Basic,10,0
CUST_004831,Treatment,58.58,59.99,67.77,76.54,low,South,Mobile,Enterprise,2,1
CUST_004832,Control,75.72,74.22,88.22,80.19,medium,South,Mobile,Premium,25,0
CUST_004833,Treatment,134.88,128.17,145.8,148.53,medium,East,Mobile,Premium,26,0
CUST_004834,Control,87.82,90.0,94.94,104.11,low,East,Desktop,Enterprise,33,0
CUST_004835,Treatment,35.04,31.11,35.66,25.43,medium,West,Desktop,Basic,36,0
CUST_004836,Control,21.96,18.23,17.09,38.0,medium,East,Mobile,Basic,60,0
CUST_004837,Treatment,60.94,75.19,74.81,77.7,medium,West,Desktop,Premium,2,1
CUST_004838,Treatment,149.24,153.01,142.76,168.62,high,South,Desktop,Enterprise,8,0
CUST_004839,Treatment,100.66,112.87,111.88,127.33,medium,West,Mobile,Enterprise,8,0
CUST_004840,Treatment,34.53,31.24,40.25,31.87,low,West,Desktop,Premium,18,0
CUST_004841,Control,42.06,22.83,29.37,52.48,medium,South,Desktop,Basic,14,0
CUST_004842,Control,48.2,49.72,44.2,57.43,medium,South,Desktop,Premium,2,1
CUST_004843,Treatment,8.61,2.93,25.16,20.51,low,South,Desktop,Basic,3,1
CUST_004844,Control,131.75,133.17,129.95,136.43,low,East,Mobile,Enterprise,16,0
CUST_004845,Treatment,22.95,24.82,39.12,31.94,low,North,Mobile,Premium,17,0
CUST_004846,Treatment,146.67,165.06,161.78,174.17,low,North,Tablet,Enterprise,60,0
CUST_004847,Treatment,38.64,31.33,32.57,46.76,medium,East,Desktop,Basic,10,0
CUST_004848,Control,55.56,48.05,50.44,59.51,medium,South,Desktop,Premium,1,1
CUST_004849,Treatment,30.85,19.23,31.14,28.81,low,East,Desktop,Basic,4,1
CUST_004850,Treatment,87.75,88.35,93.01,92.83,medium,West,Mobile,Enterprise,7,0
CUST_004851,Treatment,45.6,37.22,54.95,63.09,medium,South,Mobile,Premium,8,0
CUST_004852,Treatment,48.97,50.75,57.47,58.67,high,South,Desktop,Basic,6,0
CUST_004853,Treatment,129.38,130.19,140.7,129.91,medium,South,Desktop,Premium,9,0
CUST_004854,Treatment,39.69,37.17,16.18,9.18,medium,North,Desktop,Basic,2,1
CUST_004855,Treatment,179.57,181.95,182.24,200.36,high,West,Mobile,Enterprise,13,0
CUST_004856,Control,82.47,90.8,83.05,109.69,low,East,Mobile,Enterprise,19,0
CUST_004857,Control,41.63,51.24,50.48,48.74,high,North,Mobile,Basic,14,0
CUST_004858,Treatment,27.46,23.08,29.84,43.35,high,East,Mobile,Basic,1,1
CUST_004859,Treatment,58.91,52.02,72.85,58.3,low,West,Mobile,Premium,12,0
CUST_004860,Treatment,105.54,109.56,114.3,126.3,high,West,Desktop,Premium,8,0
CUST_004861,Control,58.96,55.05,48.13,60.04,medium,South,Mobile,Premium,9,0
CUST_004862,Treatment,80.5,80.43,83.36,88.99,low,East,Desktop,Premium,28,0
CUST_004863,Control,15.06,23.07,29.42,26.29,medium,East,Desktop,Basic,11,0
CUST_004864,Control,95.8,92.58,88.51,88.64,medium,South,Desktop,Premium,5,1
CUST_004865,Control,71.13,68.68,71.16,57.64,medium,East,Desktop,Basic,47,0
CUST_004866,Treatment,38.2,41.42,40.66,44.83,low,South,Desktop,Basic,1,1
CUST_004867,Control,18.06,21.62,12.26,21.24,low,South,Mobile,Basic,3,1
CUST_004868,Treatment,68.98,72.0,66.59,103.36,medium,West,Desktop,Premium,9,0
CUST_004869,Control,25.21,14.42,28.39,20.27,medium,South,Mobile,Basic,8,0
CUST_004870,Treatment,28.83,33.23,35.57,44.37,medium,East,Desktop,Basic,2,1
CUST_004871,Control,38.67,17.27,44.55,36.41,high,North,Mobile,Basic,54,0
CUST_004872,Treatment,144.23,148.65,152.98,171.53,medium,North,Desktop,Enterprise,29,0
CUST_004873,Treatment,48.06,29.63,51.98,33.34,medium,East,Desktop,Basic,7,0
CUST_004874,Control,51.19,51.01,47.68,46.02,medium,West,Desktop,Premium,47,0
CUST_004875,Control,97.74,98.81,100.77,110.5,medium,West,Desktop,Enterprise,1,1
CUST_004876,Treatment,28.74,56.52,26.08,33.35,medium,North,Desktop,Basic,6,0
CUST_004877,Treatment,31.67,39.79,38.76,52.14,medium,East,Tablet,Basic,4,1
CUST_004878,Treatment,27.07,40.41,28.72,57.75,high,North,Mobile,Basic,28,0
CUST_004879,Control,98.5,97.12,109.62,111.76,low,South,Desktop,Enterprise,2,1
CUST_004880,Treatment,42.62,42.53,48.07,67.24,medium,West,Tablet,Basic,21,0
CUST_004881,Control,19.02,36.89,30.41,37.53,medium,South,Desktop,Basic,4,1
CUST_004882,Treatment,37.31,31.57,39.25,47.04,medium,West,Desktop,Basic,10,0
CUST_004883,Control,19.05,26.03,36.81,42.0,low,West,Mobile,Basic,14,0
CUST_004884,Treatment,40.84,51.8,53.12,57.22,medium,West,Mobile,Basic,16,0
CUST_004885,Control,23.77,42.16,41.29,25.61,high,North,Desktop,Basic,25,0
CUST_004886,Control,31.1,22.69,13.37,26.83,low,West,Mobile,Basic,8,0
CUST_004887,Control,33.02,50.02,37.98,46.95,high,East,Mobile,Basic,8,0
CUST_004888,Control,35.62,27.01,15.64,22.98,medium,North,Tablet,Basic,60,0
CUST_004889,Control,39.9,53.17,54.1,53.07,medium,North,Mobile,Premium,6,0
CUST_004890,Control,32.31,36.53,36.97,44.05,medium,North,Mobile,Basic,7,0
CUST_004891,Treatment,32.18,16.26,32.95,26.87,low,East,Desktop,Basic,2,1
CUST_004892,Treatment,36.3,34.55,19.61,41.88,medium,North,Tablet,Basic,15,0
CUST_004893,Treatment,24.62,23.82,22.29,14.39,low,West,Desktop,Premium,5,1
CUST_004894,Treatment,51.78,40.96,41.78,50.99,medium,North,Desktop,Basic,3,1
CUST_004895,Treatment,20.87,26.96,20.22,23.15,low,East,Desktop,Basic,1,1
CUST_004896,Control,41.56,48.25,51.03,53.52,medium,South,Desktop,Premium,4,1
CUST_004897,Treatment,28.83,37.72,42.18,41.04,medium,South,Mobile,Basic,60,0
CUST_004898,Control,52.87,43.36,42.91,57.13,medium,West,Desktop,Premium,1,1
CUST_004899,Treatment,46.33,51.3,37.96,60.12,medium,East,Mobile,Basic,11,0
CUST_004900,Control,38.99,51.56,34.5,36.04,high,North,Tablet,Premium,4,1
CUST_004901,Control,96.46,84.46,74.85,93.47,high,West,Mobile,Premium,4,1
CUST_004902,Treatment,26.91,35.6,29.7,55.63,high,East,Desktop,Basic,21,0
CUST_004903,Control,18.0,29.1,32.77,26.09,medium,North,Desktop,Basic,60,0
CUST_004904,Treatment,20.22,39.15,34.46,47.61,high,North,Desktop,Basic,2,1
CUST_004905,Treatment,82.71,76.51,74.61,70.99,low,West,Desktop,Premium,10,0
CUST_004906,Control,20.28,18.12,22.5,18.33,low,East,Desktop,Basic,8,0
CUST_004907,Treatment,16.63,26.22,18.33,31.57,medium,North,Desktop,Basic,2,1
CUST_004908,Treatment,29.24,32.98,32.14,32.4,low,East,Tablet,Premium,4,1
CUST_004909,Control,34.06,21.84,31.06,29.27,low,West,Desktop,Basic,7,0
CUST_004910,Control,22.48,38.9,32.03,33.07,medium,East,Tablet,Basic,11,0
CUST_004911,Control,23.58,23.03,30.42,24.84,low,East,Desktop,Basic,14,0
CUST_004912,Control,0.0,4.95,16.31,15.03,low,West,Desktop,Basic,27,0
CUST_004913,Control,37.33,54.76,58.9,57.38,low,West,Tablet,Premium,5,1
CUST_004914,Treatment,94.65,116.42,83.86,117.77,medium,North,Mobile,Enterprise,60,0
CUST_004915,Treatment,47.85,44.49,37.28,55.41,medium,East,Tablet,Premium,29,0
CUST_004916,Treatment,15.64,25.98,39.46,33.47,medium,East,Mobile,Basic,1,1
CUST_004917,Treatment,29.51,13.17,5.52,10.2,low,East,Mobile,Basic,22,0
CUST_004918,Control,88.74,85.38,101.12,96.04,high,West,Desktop,Premium,21,0
CUST_004919,Control,16.98,0.37,21.1,18.88,low,East,Desktop,Basic,7,0
CUST_004920,Control,25.04,31.06,28.44,29.62,medium,South,Mobile,Premium,6,0
CUST_004921,Treatment,23.56,12.15,17.72,18.12,low,East,Tablet,Basic,34,0
CUST_004922,Control,80.09,76.56,67.62,78.02,high,East,Desktop,Basic,14,0
CUST_004923,Control,64.22,71.44,74.88,81.33,medium,West,Mobile,Premium,7,0
CUST_004924,Treatment,35.75,51.94,52.87,52.48,medium,North,Desktop,Premium,1,1
CUST_004925,Control,91.68,87.2,104.19,86.22,medium,North,Desktop,Premium,8,0
CUST_004926,Treatment,57.66,60.76,76.91,71.21,medium,South,Desktop,Basic,9,0
CUST_004927,Control,83.35,75.65,66.02,83.84,medium,West,Desktop,Premium,10,0
CUST_004928,Treatment,80.98,90.25,112.72,114.94,medium,South,Mobile,Premium,23,0
CUST_004929,Treatment,33.63,24.26,8.23,21.93,low,East,Desktop,Basic,1,1
CUST_004930,Control,54.93,52.4,48.94,57.38,low,East,Mobile,Basic,46,0
CUST_004931,Treatment,61.05,72.25,62.76,64.67,medium,North,Mobile,Premium,1,1
CUST_004932,Treatment,28.42,29.21,38.41,20.19,low,East,Tablet,Basic,25,0
CUST_004933,Control,17.19,19.3,20.16,26.76,low,East,Desktop,Basic,5,1
CUST_004934,Control,15.61,41.34,28.57,45.51,medium,West,Mobile,Basic,1,1
CUST_004935,Treatment,32.98,31.67,29.23,46.5,medium,East,Desktop,Basic,25,0
CUST_004936,Control,128.15,135.22,128.85,140.63,high,East,Mobile,Premium,27,0
CUST_004937,Treatment,24.34,28.16,3.18,20.91,medium,West,Desktop,Basic,1,1
CUST_004938,Control,22.12,43.31,36.9,50.75,high,South,Mobile,Basic,22,0
CUST_004939,Treatment,29.15,37.66,29.89,40.04,medium,North,Mobile,Basic,17,0
CUST_004940,Control,35.63,28.35,23.55,36.6,high,North,Desktop,Basic,11,0
CUST_004941,Treatment,19.65,21.5,37.82,25.7,medium,West,Mobile,Basic,13,0
CUST_004942,Treatment,25.78,32.78,19.25,33.99,medium,North,Mobile,Basic,23,0
CUST_004943,Treatment,33.97,31.61,22.73,42.01,medium,East,Mobile,Premium,5,1
CUST_004944,Treatment,19.59,22.15,41.94,36.02,medium,West,Tablet,Basic,3,1
CUST_004945,Control,22.51,32.84,19.08,19.69,low,East,Tablet,Basic,3,1
CUST_004946,Control,37.72,26.76,24.4,29.28,low,East,Mobile,Basic,6,0
CUST_004947,Control,26.49,25.16,42.42,30.06,medium,North,Desktop,Basic,1,1
CUST_004948,Control,42.41,54.77,48.69,62.29,medium,West,Tablet,Premium,45,0
CUST_004949,Treatment,10.12,5.53,20.4,1.64,low,West,Mobile,Basic,15,0
CUST_004950,Treatment,22.82,21.19,20.98,54.21,medium,West,Desktop,Basic,1,1
CUST_004951,Treatment,66.56,63.7,72.14,93.05,medium,East,Mobile,Premium,4,1
CUST_004952,Control,51.64,41.16,31.7,42.98,medium,South,Tablet,Basic,5,1
CUST_004953,Control,44.47,46.1,44.03,33.63,high,North,Mobile,Basic,7,0
CUST_004954,Treatment,39.46,37.01,45.93,39.4,high,South,Mobile,Basic,15,0
CUST_004955,Treatment,41.06,49.05,49.31,49.44,high,North,Desktop,Basic,2,1
CUST_004956,Treatment,127.86,112.66,125.6,147.81,medium,South,Desktop,Premium,1,1
CUST_004957,Control,84.76,91.82,96.37,93.77,medium,North,Mobile,Enterprise,1,1
CUST_004958,Treatment,42.12,21.59,28.89,19.22,medium,East,Mobile,Basic,3,1
CUST_004959,Control,116.54,119.21,127.96,140.05,low,North,Tablet,Enterprise,18,0
CUST_004960,Treatment,21.26,23.69,27.36,27.8,low,South,Tablet,Basic,10,0
CUST_004961,Treatment,25.86,35.44,13.61,13.91,low,West,Desktop,Basic,19,0
CUST_004962,Treatment,56.12,26.66,37.02,52.96,medium,West,Mobile,Premium,1,1
CUST_004963,Control,71.83,55.9,58.74,66.08,low,West,Desktop,Premium,1,1
CUST_004964,Treatment,23.97,17.96,31.49,23.04,low,East,Desktop,Basic,26,0
CUST_004965,Control,112.25,106.89,116.26,115.6,low,South,Mobile,Enterprise,20,0
CUST_004966,Control,18.88,23.82,34.38,29.85,low,West,Tablet,Premium,11,0
CUST_004967,Control,119.37,124.51,112.0,127.03,low,West,Mobile,Enterprise,29,0
CUST_004968,Control,110.38,117.2,116.25,122.8,medium,North,Mobile,Premium,15,0
CUST_004969,Control,75.36,68.69,65.12,75.22,low,South,Mobile,Premium,8,0
CUST_004970,Treatment,65.55,88.39,75.71,93.0,medium,North,Mobile,Premium,5,1
CUST_004971,Treatment,69.07,58.88,61.9,74.9,medium,North,Mobile,Premium,15,0
CUST_004972,Treatment,59.58,49.71,64.36,61.89,medium,North,Desktop,Premium,60,0
CUST_004973,Control,74.14,94.85,72.88,71.91,medium,South,Desktop,Premium,1,1
CUST_004974,Control,127.83,121.34,126.78,133.75,high,South,Desktop,Premium,1,1
CUST_004975,Treatment,26.01,40.62,29.16,42.78,medium,West,Mobile,Basic,46,0
CUST_004976,Treatment,19.28,15.69,27.48,18.53,low,East,Desktop,Basic,5,1
CUST_004977,Treatment,66.87,71.16,70.0,82.28,medium,North,Mobile,Premium,29,0
CUST_004978,Treatment,105.9,120.69,103.62,125.19,medium,South,Mobile,Enterprise,9,0
CUST_004979,Control,35.92,49.2,41.9,52.26,medium,North,Desktop,Premium,3,1
CUST_004980,Control,10.95,20.46,29.62,17.29,low,West,Desktop,Premium,13,0
CUST_004981,Control,18.91,8.65,19.2,25.53,medium,South,Desktop,Basic,6,0
CUST_004982,Control,33.12,33.78,24.88,36.65,low,South,Mobile,Basic,4,1
CUST_004983,Control,25.09,20.71,21.68,28.07,low,North,Tablet,Basic,2,1
CUST_004984,Control,44.65,45.32,44.23,63.66,low,West,Desktop,Enterprise,22,0
CUST_004985,Treatment,22.53,11.08,10.81,19.59,low,East,Tablet,Basic,8,0
CUST_004986,Control,16.05,14.76,6.66,11.24,low,West,Desktop,Basic,4,1
CUST_004987,Control,119.11,121.41,119.36,119.33,medium,East,Mobile,Enterprise,41,0
CUST_004988,Control,23.22,11.61,15.38,18.88,low,South,Desktop,Basic,9,0
CUST_004989,Control,18.37,2.99,10.81,15.23,low,East,Mobile,Basic,23,0
CUST_004990,Control,23.27,20.61,19.74,21.84,low,North,Desktop,Premium,6,0
CUST_004991,Control,44.08,50.11,53.65,48.09,medium,East,Mobile,Premium,9,0
CUST_004992,Treatment,8.79,10.46,33.7,13.45,low,East,Tablet,Basic,6,0
CUST_004993,Treatment,20.33,26.95,40.23,44.09,medium,South,Desktop,Basic,10,0
CUST_004994,Control,30.07,44.36,24.18,31.34,low,West,Desktop,Premium,1,1
CUST_004995,Treatment,29.68,44.18,46.71,49.1,medium,West,Desktop,Premium,36,0
CUST_004996,Treatment,48.58,44.36,46.88,65.85,medium,East,Desktop,Premium,9,0
CUST_004997,Control,147.35,132.31,142.38,150.44,medium,West,Desktop,Enterprise,5,1
CUST_004998,Treatment,52.73,52.42,74.38,74.4,high,West,Desktop,Premium,24,0
CUST_004999,Treatment,74.9,79.3,62.75,75.89,medium,North,Desktop,Premium,1,1
CUST_005000,Treatment,112.29,101.9,104.83,125.34,high,West,Desktop,Premium,3,1
CUST_005001,Treatment,125.53,136.05,140.8,163.86,medium,West,Desktop,Enterprise,11,0
CUST_005002,Control,119.51,136.04,132.55,131.91,medium,North,Desktop,Enterprise,9,0
CUST_005003,Treatment,21.52,26.65,15.77,22.38,medium,North,Mobile,Basic,8,0
CUST_005004,Control,78.43,85.65,86.55,95.55,low,North,Mobile,Premium,1,1
CUST_005005,Control,91.45,84.74,82.02,91.03,low,East,Desktop,Enterprise,8,0
CUST_005006,Treatment,13.27,24.25,9.88,8.7,low,South,Mobile,Basic,17,0
CUST_005007,Control,21.19,24.39,22.06,18.96,medium,East,Desktop,Basic,21,0
CUST_005008,Treatment,31.99,42.45,33.67,33.86,low,South,Desktop,Premium,36,0
CUST_005009,Treatment,14.08,36.54,15.35,30.15,low,South,Desktop,Basic,12,0
CUST_005010,Control,26.27,31.35,14.66,37.51,low,North,Desktop,Basic,2,1
CUST_005011,Treatment,17.0,35.54,8.9,24.26,low,East,Mobile,Basic,1,1
CUST_005012,Control,50.06,61.02,38.14,51.76,medium,South,Mobile,Premium,13,0
CUST_005013,Treatment,70.78,73.16,81.79,61.02,low,East,Mobile,Premium,1,1
CUST_005014,Control,61.97,55.17,51.94,68.02,medium,East,Desktop,Premium,39,0
CUST_005015,Control,48.45,54.97,59.49,58.93,high,West,Mobile,Basic,3,1
CUST_005016,Treatment,72.39,87.79,68.5,77.35,medium,South,Mobile,Premium,34,0
CUST_005017,Control,34.78,23.66,32.81,26.55,medium,East,Mobile,Basic,23,0
CUST_005018,Control,97.63,85.33,90.08,89.64,low,East,Mobile,Enterprise,19,0
CUST_005019,Control,46.89,46.37,54.55,45.92,medium,West,Tablet,Enterprise,4,1
CUST_005020,Treatment,34.09,34.85,39.08,34.51,low,West,Desktop,Premium,11,0
CUST_005021,Treatment,86.81,95.05,102.34,108.61,medium,North,Mobile,Premium,2,1
CUST_005022,Control,14.04,17.62,19.71,16.65,low,North,Desktop,Basic,5,1
CUST_005023,Control,99.48,97.67,80.93,99.8,medium,North,Tablet,Premium,3,1
CUST_005024,Control,44.56,46.16,47.31,46.85,medium,North,Mobile,Basic,5,1
CUST_005025,Treatment,26.36,15.64,25.72,16.25,medium,South,Desktop,Basic,18,0
CUST_005026,Control,47.73,43.82,29.0,40.28,medium,South,Desktop,Basic,16,0
CUST_005027,Treatment,13.04,31.78,26.61,12.02,low,East,Tablet,Basic,3,1
CUST_005028,Control,61.0,61.67,46.74,58.96,high,East,Tablet,Basic,1,1
CUST_005029,Control,137.04,142.56,135.3,160.93,low,South,Tablet,Enterprise,27,0
CUST_005030,Treatment,18.53,20.58,16.77,44.51,medium,East,Mobile,Basic,4,1
CUST_005031,Treatment,67.32,74.24,72.24,78.36,medium,South,Mobile,Premium,1,1
CUST_005032,Treatment,61.55,52.26,55.54,77.48,low,East,Desktop,Premium,17,0
CUST_005033,Treatment,13.24,8.29,12.27,20.26,low,West,Mobile,Basic,9,0
CUST_005034,Control,77.01,81.89,86.49,79.28,medium,West,Desktop,Premium,1,1
CUST_005035,Control,105.43,119.44,115.77,138.33,low,West,Desktop,Enterprise,16,0
CUST_005036,Treatment,120.09,139.62,133.4,157.71,high,East,Mobile,Premium,4,1
CUST_005037,Treatment,306.48,318.74,355.67,347.01,medium,South,Desktop,Enterprise,2,1
CUST_005038,Control,35.78,19.06,39.39,30.5,medium,West,Mobile,Basic,24,0
CUST_005039,Treatment,30.66,26.32,38.99,17.67,medium,North,Mobile,Basic,5,1
CUST_005040,Treatment,38.83,45.64,34.32,64.23,low,West,Tablet,Premium,5,1
CUST_005041,Treatment,50.79,59.24,46.19,43.8,low,East,Tablet,Premium,8,0
CUST_005042,Treatment,26.18,37.41,22.52,31.71,medium,North,Desktop,Basic,1,1
CUST_005043,Treatment,17.99,18.29,12.62,11.67,low,East,Tablet,Basic,19,0
CUST_005044,Control,234.74,257.87,256.68,267.11,medium,North,Mobile,Enterprise,57,0
CUST_005045,Control,9.65,4.78,9.45,19.74,low,East,Desktop,Basic,12,0
CUST_005046,Treatment,71.44,96.07,86.96,87.56,medium,West,Desktop,Premium,2,1
CUST_005047,Control,50.11,45.07,47.45,41.8,high,West,Desktop,Basic,14,0
CUST_005048,Control,40.71,33.94,25.69,29.61,medium,East,Mobile,Basic,7,0
CUST_005049,Treatment,19.17,13.7,14.87,13.81,low,East,Mobile,Basic,10,0
CUST_005050,Control,32.45,49.08,31.16,44.49,medium,East,Desktop,Basic,1,1
CUST_005051,Treatment,88.1,104.35,97.89,110.99,low,East,Desktop,Enterprise,36,0
CUST_005052,Treatment,24.16,16.68,10.28,25.57,low,East,Desktop,Basic,6,0
CUST_005053,Control,56.09,65.95,57.3,43.17,medium,West,Mobile,Premium,2,1
CUST_005054,Control,51.42,52.31,46.76,66.42,medium,South,Desktop,Premium,17,0
CUST_005055,Control,107.21,106.06,103.09,123.89,low,East,Tablet,Enterprise,13,0
CUST_005056,Treatment,63.96,76.43,64.71,87.67,medium,North,Desktop,Premium,10,0
CUST_005057,Control,20.9,21.25,30.42,17.39,medium,West,Mobile,Basic,4,1
CUST_005058,Control,105.75,98.48,113.58,108.1,high,East,Mobile,Premium,18,0
CUST_005059,Treatment,242.01,259.05,265.45,312.83,high,East,Desktop,Enterprise,29,0
CUST_005060,Control,60.46,60.78,67.45,68.46,high,West,Mobile,Basic,12,0
CUST_005061,Treatment,10.28,9.12,30.43,19.63,medium,North,Mobile,Basic,1,1
CUST_005062,Treatment,32.09,41.55,34.42,36.32,medium,West,Desktop,Basic,40,0
CUST_005063,Treatment,64.43,58.46,58.64,65.69,high,South,Mobile,Basic,24,0
CUST_005064,Control,25.0,25.57,32.01,16.53,low,East,Desktop,Basic,1,1
CUST_005065,Treatment,64.39,69.46,62.77,67.18,low,South,Mobile,Enterprise,2,1
CUST_005066,Treatment,98.21,80.18,80.32,91.75,low,North,Mobile,Enterprise,18,0
CUST_005067,Treatment,63.51,60.47,77.55,69.59,low,West,Mobile,Enterprise,1,1
CUST_005068,Treatment,66.36,63.65,59.95,86.53,high,North,Mobile,Premium,8,0
CUST_005069,Control,21.83,42.08,32.38,53.38,high,East,Desktop,Basic,6,0
CUST_005070,Treatment,40.75,33.29,59.35,59.11,medium,West,Mobile,Premium,5,1
CUST_005071,Treatment,43.74,48.16,50.55,40.06,low,East,Tablet,Premium,4,1
CUST_005072,Control,21.88,23.35,20.54,32.71,low,West,Mobile,Basic,2,1
CUST_005073,Control,128.69,158.45,154.06,149.1,high,East,Desktop,Enterprise,9,0
CUST_005074,Control,67.02,81.96,79.27,68.91,medium,South,Desktop,Premium,1,1
CUST_005075,Control,79.71,72.62,66.22,87.11,medium,South,Mobile,Premium,17,0
CUST_005076,Treatment,88.87,109.15,96.66,107.24,high,North,Mobile,Enterprise,18,0
CUST_005077,Treatment,22.41,38.63,33.64,43.57,medium,North,Mobile,Basic,21,0
CUST_005078,Control,53.35,50.68,57.93,59.24,medium,East,Tablet,Premium,1,1
CUST_005079,Treatment,67.97,84.78,79.75,78.14,medium,South,Desktop,Premium,4,1
CUST_005080,Treatment,161.15,159.87,156.08,161.86,medium,North,Mobile,Enterprise,15,0
CUST_005081,Control,29.6,29.47,24.0,21.82,high,East,Tablet,Basic,29,0
CUST_005082,Control,139.85,142.78,143.33,165.52,high,North,Desktop,Premium,7,0
CUST_005083,Treatment,31.09,35.42,29.47,45.42,low,West,Mobile,Basic,23,0
CUST_005084,Treatment,40.29,28.84,39.88,61.75,low,West,Mobile,Premium,1,1
CUST_005085,Treatment,16.9,11.67,8.88,28.63,medium,East,Mobile,Basic,4,1
CUST_005086,Control,35.59,50.74,35.97,33.71,low,North,Desktop,Premium,27,0
CUST_005087,Treatment,85.47,117.78,105.77,112.74,low,West,Mobile,Enterprise,17,0
CUST_005088,Treatment,31.99,34.82,32.1,43.86,medium,East,Mobile,Basic,19,0
CUST_005089,Control,44.98,19.38,51.6,39.53,medium,East,Desktop,Basic,14,0
CUST_005090,Treatment,33.42,33.86,37.56,41.19,low,West,Desktop,Premium,18,0
CUST_005091,Treatment,95.08,102.07,97.81,108.7,medium,West,Mobile,Enterprise,20,0
CUST_005092,Treatment,45.11,33.44,57.93,46.52,medium,North,Mobile,Basic,1,1
CUST_005093,Control,124.33,128.83,131.23,142.38,medium,East,Mobile,Enterprise,34,0
CUST_005094,Treatment,58.2,56.64,59.75,60.84,medium,South,Mobile,Premium,1,1
CUST_005095,Treatment,85.01,73.44,86.94,87.32,low,South,Mobile,Enterprise,1,1
CUST_005096,Control,9.57,16.19,23.89,33.62,medium,North,Desktop,Basic,3,1
CUST_005097,Control,59.35,49.92,44.65,40.1,medium,North,Desktop,Basic,9,0
CUST_005098,Treatment,34.54,35.23,46.07,56.97,medium,West,Mobile,Basic,1,1
CUST_005099,Control,22.09,34.78,30.19,17.29,low,South,Desktop,Basic,20,0
CUST_005100,Control,60.57,51.84,54.68,68.23,high,West,Mobile,Premium,26,0
CUST_005101,Treatment,47.61,59.85,58.26,69.1,high,East,Mobile,Basic,1,1
CUST_005102,Treatment,86.54,71.74,83.74,104.01,high,West,Desktop,Premium,37,0
CUST_005103,Treatment,33.36,17.5,28.14,30.29,low,North,Desktop,Basic,8,0
CUST_005104,Control,117.36,111.1,114.18,118.99,high,West,Desktop,Premium,5,1
CUST_005105,Treatment,32.63,42.91,50.21,56.85,high,East,Desktop,Basic,4,1
CUST_005106,Control,84.68,72.38,79.4,72.76,high,South,Desktop,Premium,3,1
CUST_005107,Control,53.73,42.86,48.85,28.26,low,North,Mobile,Basic,15,0
CUST_005108,Control,24.38,46.43,31.86,26.06,low,North,Desktop,Basic,24,0
CUST_005109,Treatment,12.46,22.14,28.28,16.22,low,North,Mobile,Basic,2,1
CUST_005110,Control,16.38,34.68,42.05,42.18,low,North,Desktop,Premium,2,1
CUST_005111,Control,37.87,37.21,36.02,31.2,medium,North,Desktop,Premium,3,1
CUST_005112,Treatment,72.54,78.3,69.62,74.09,low,West,Desktop,Enterprise,13,0
CUST_005113,Treatment,44.26,32.3,29.21,39.45,medium,South,Desktop,Basic,27,0
CUST_005114,Control,48.45,46.99,46.78,58.6,low,East,Tablet,Premium,21,0
CUST_005115,Treatment,105.08,96.83,95.44,85.46,medium,North,Mobile,Premium,2,1
CUST_005116,Control,14.63,16.79,34.19,40.43,medium,West,Desktop,Basic,1,1
CUST_005117,Control,24.49,18.09,30.79,28.08,medium,West,Mobile,Basic,17,0
CUST_005118,Control,52.53,67.1,67.94,71.35,medium,East,Desktop,Premium,24,0
CUST_005119,Control,31.1,50.01,11.33,35.34,low,East,Mobile,Premium,36,0
CUST_005120,Treatment,38.73,27.01,30.59,16.9,medium,West,Mobile,Basic,15,0
CUST_005121,Treatment,50.18,37.89,54.02,60.37,high,East,Mobile,Basic,28,0
CUST_005122,Treatment,68.54,71.02,64.48,65.56,low,South,Desktop,Premium,25,0
CUST_005123,Treatment,36.56,78.0,77.25,61.14,medium,East,Mobile,Premium,2,1
CUST_005124,Treatment,23.47,30.95,32.09,40.61,low,West,Desktop,Enterprise,22,0
CUST_005125,Control,12.9,27.09,11.5,29.84,medium,North,Tablet,Basic,17,0
CUST_005126,Control,70.45,79.01,67.53,66.54,low,South,Mobile,Enterprise,54,0
CUST_005127,Treatment,40.8,13.18,25.83,41.36,medium,North,Desktop,Basic,52,0
CUST_005128,Treatment,64.6,72.23,75.08,91.28,low,North,Desktop,Premium,9,0
CUST_005129,Treatment,37.22,30.32,47.63,38.89,low,East,Desktop,Basic,1,1
CUST_005130,Treatment,28.06,34.51,35.11,26.67,medium,East,Desktop,Basic,17,0
CUST_005131,Treatment,94.51,88.74,96.56,97.21,medium,South,Mobile,Premium,3,1
CUST_005132,Control,43.48,57.89,60.6,45.86,medium,East,Desktop,Basic,4,1
CUST_005133,Control,44.93,64.26,47.2,44.9,low,East,Mobile,Premium,4,1
CUST_005134,Control,182.93,178.65,201.71,208.17,high,South,Desktop,Enterprise,6,0
CUST_005135,Control,42.4,57.44,46.22,52.41,medium,South,Mobile,Premium,2,1
CUST_005136,Treatment,90.91,116.09,102.76,114.1,low,West,Desktop,Premium,1,1
CUST_005137,Treatment,82.91,98.52,87.42,98.97,low,South,Mobile,Enterprise,47,0
CUST_005138,Control,33.89,18.19,27.73,33.02,medium,North,Mobile,Basic,9,0
CUST_005139,Treatment,36.1,37.28,47.56,39.31,medium,West,Mobile,Basic,46,0
CUST_005140,Control,33.46,15.28,16.45,24.72,low,West,Desktop,Basic,24,0
CUST_005141,Control,22.92,33.95,34.17,29.29,medium,East,Mobile,Basic,2,1
CUST_005142,Treatment,47.07,68.64,66.65,75.38,medium,West,Desktop,Premium,10,0
CUST_005143,Treatment,32.45,34.44,27.79,52.62,low,North,Desktop,Basic,8,0
CUST_005144,Control,56.03,58.11,70.58,62.21,medium,West,Mobile,Premium,19,0
CUST_005145,Control,46.87,51.65,38.53,41.69,low,West,Mobile,Premium,22,0
CUST_005146,Control,129.35,137.32,147.99,134.2,high,South,Desktop,Enterprise,8,0
CUST_005147,Treatment,23.88,27.18,19.9,14.18,low,East,Tablet,Basic,13,0
CUST_005148,Treatment,149.97,162.92,149.73,174.77,high,South,Tablet,Enterprise,12,0
CUST_005149,Control,29.73,20.81,23.35,23.1,low,South,Mobile,Basic,8,0
CUST_005150,Treatment,19.47,36.46,17.11,28.35,medium,North,Desktop,Basic,1,1
CUST_005151,Treatment,32.57,38.89,12.33,27.61,low,South,Mobile,Premium,19,0
CUST_005152,Treatment,44.4,41.17,42.12,52.92,low,West,Mobile,Premium,10,0
CUST_005153,Control,72.44,92.58,80.28,86.85,low,North,Mobile,Premium,3,1
CUST_005154,Treatment,32.62,34.79,43.93,34.73,medium,West,Mobile,Basic,27,0
CUST_005155,Treatment,13.49,29.28,25.7,25.45,medium,West,Mobile,Basic,28,0
CUST_005156,Treatment,29.44,30.45,28.58,21.85,medium,South,Desktop,Basic,1,1
CUST_005157,Control,97.01,92.71,85.9,102.9,high,North,Mobile,Premium,2,1
CUST_005158,Treatment,62.24,59.65,46.4,48.8,low,South,Mobile,Premium,33,0
CUST_005159,Control,6.71,9.9,15.2,21.47,medium,East,Desktop,Basic,9,0
CUST_005160,Control,40.05,44.9,66.86,59.31,low,South,Desktop,Premium,4,1
CUST_005161,Control,13.89,21.28,25.25,20.55,medium,West,Mobile,Basic,2,1
CUST_005162,Treatment,31.46,31.17,38.62,33.15,medium,North,Desktop,Basic,1,1
CUST_005163,Control,27.34,43.04,44.94,52.91,medium,West,Desktop,Basic,3,1
CUST_005164,Control,46.51,27.99,40.79,53.17,low,East,Desktop,Premium,42,0
CUST_005165,Treatment,31.7,36.26,33.16,44.34,medium,West,Tablet,Basic,4,1
CUST_005166,Control,28.41,17.98,29.8,43.06,medium,South,Mobile,Basic,7,0
CUST_005167,Control,127.58,111.79,148.17,120.85,medium,South,Desktop,Enterprise,10,0
CUST_005168,Control,41.66,38.88,55.9,50.13,low,South,Desktop,Premium,2,1
CUST_005169,Control,21.66,2.6,31.41,24.63,low,West,Mobile,Basic,9,0
CUST_005170,Treatment,19.76,14.32,20.23,25.61,medium,North,Desktop,Basic,2,1
CUST_005171,Treatment,42.2,52.42,57.88,64.62,medium,East,Mobile,Premium,5,1
CUST_005172,Control,12.31,21.59,24.36,12.58,low,South,Mobile,Basic,25,0
CUST_005173,Treatment,25.16,21.58,47.7,45.3,medium,East,Mobile,Basic,18,0
CUST_005174,Control,48.44,58.42,69.83,57.28,high,East,Desktop,Basic,29,0
CUST_005175,Treatment,21.24,22.73,17.94,24.57,low,East,Desktop,Basic,1,1
CUST_005176,Control,158.06,156.94,169.51,172.49,medium,South,Mobile,Enterprise,4,1
CUST_005177,Treatment,44.5,32.67,46.17,46.12,low,South,Desktop,Premium,1,1
CUST_005178,Control,35.18,53.15,48.24,25.7,medium,North,Mobile,Basic,7,0
CUST_005179,Control,43.91,72.09,54.41,58.09,medium,East,Mobile,Premium,40,0
CUST_005180,Control,32.74,44.82,32.56,40.01,medium,East,Tablet,Basic,1,1
CUST_005181,Treatment,45.87,31.37,32.05,49.77,medium,South,Mobile,Basic,7,0
CUST_005182,Control,28.86,31.61,32.54,32.39,low,East,Mobile,Premium,7,0
CUST_005183,Treatment,84.15,76.65,79.99,97.68,high,North,Mobile,Basic,9,0
CUST_005184,Treatment,47.42,69.39,37.82,62.09,medium,West,Desktop,Basic,11,0
CUST_005185,Control,69.5,73.34,88.53,86.47,low,South,Mobile,Premium,1,1
CUST_005186,Control,58.99,78.92,78.88,73.81,low,East,Desktop,Enterprise,6,0
CUST_005187,Treatment,19.26,25.2,23.74,38.47,medium,North,Desktop,Basic,26,0
CUST_005188,Treatment,17.43,20.28,38.46,30.17,low,East,Desktop,Basic,10,0
CUST_005189,Treatment,69.16,75.87,106.58,96.48,medium,East,Desktop,Premium,6,0
CUST_005190,Treatment,40.54,30.68,44.74,29.65,low,East,Desktop,Basic,36,0
CUST_005191,Treatment,29.79,8.3,13.01,22.52,medium,East,Desktop,Basic,35,0
CUST_005192,Treatment,25.4,21.95,40.8,27.76,low,South,Desktop,Basic,31,0
CUST_005193,Control,61.42,40.28,61.58,47.34,medium,East,Mobile,Premium,10,0
CUST_005194,Control,58.97,63.39,72.94,70.03,medium,West,Mobile,Premium,18,0
CUST_005195,Treatment,33.8,15.08,13.03,20.32,low,West,Desktop,Basic,52,0
CUST_005196,Control,38.74,49.52,49.91,39.64,medium,East,Mobile,Premium,8,0
CUST_005197,Control,27.51,19.05,32.59,20.17,medium,West,Mobile,Basic,15,0
CUST_005198,Treatment,34.8,34.78,47.9,43.11,medium,East,Mobile,Basic,5,1
CUST_005199,Control,11.94,15.56,12.6,24.93,low,North,Desktop,Basic,1,1
CUST_005200,Control,105.82,95.71,108.09,103.63,low,North,Mobile,Enterprise,2,1
CUST_005201,Control,72.55,76.92,77.04,88.16,high,West,Mobile,Premium,1,1
CUST_005202,Control,41.96,14.08,27.99,36.79,low,West,Mobile,Basic,5,1
CUST_005203,Control,15.83,9.09,10.28,8.23,low,West,Desktop,Basic,26,0
CUST_005204,Control,75.96,83.17,65.08,92.68,low,South,Mobile,Enterprise,58,0
CUST_005205,Control,213.54,211.77,240.69,234.17,high,South,Desktop,Enterprise,28,0
CUST_005206,Treatment,32.1,13.32,23.36,17.66,low,East,Desktop,Basic,5,1
CUST_005207,Treatment,67.84,85.12,78.02,101.26,medium,East,Desktop,Premium,2,1
CUST_005208,Treatment,33.9,48.24,47.77,40.39,medium,West,Desktop,Basic,13,0
CUST_005209,Control,30.09,34.22,22.58,22.46,medium,East,Mobile,Basic,4,1
CUST_005210,Control,63.05,71.58,75.98,72.37,high,West,Desktop,Basic,7,0
CUST_005211,Control,60.57,59.17,46.8,49.97,high,East,Mobile,Basic,14,0
CUST_005212,Treatment,53.92,54.41,65.14,64.79,medium,West,Desktop,Premium,2,1
CUST_005213,Treatment,25.86,31.08,24.5,16.48,medium,South,Mobile,Basic,43,0
CUST_005214,Treatment,94.06,107.38,113.78,127.6,medium,North,Tablet,Enterprise,2,1
CUST_005215,Control,17.22,13.41,14.89,1.08,low,West,Desktop,Basic,2,1
CUST_005216,Treatment,35.87,36.08,25.2,28.14,medium,West,Mobile,Basic,1,1
CUST_005217,Control,111.93,127.2,127.87,144.36,high,East,Desktop,Premium,8,0
CUST_005218,Treatment,11.19,12.7,17.2,8.47,low,West,Mobile,Basic,1,1
CUST_005219,Control,71.74,73.35,76.51,82.89,high,West,Mobile,Basic,27,0
CUST_005220,Treatment,2.58,21.2,24.95,9.03,medium,North,Mobile,Basic,3,1
CUST_005221,Treatment,51.39,60.1,79.55,68.36,high,West,Desktop,Basic,1,1
CUST_005222,Control,45.32,46.37,53.02,47.55,low,West,Mobile,Premium,14,0
CUST_005223,Control,50.42,38.8,42.69,47.71,medium,East,Tablet,Basic,12,0
CUST_005224,Treatment,80.96,84.66,82.47,107.28,medium,East,Desktop,Premium,9,0
CUST_005225,Treatment,42.48,45.09,22.35,35.51,medium,North,Tablet,Basic,28,0
CUST_005226,Treatment,55.16,36.04,38.57,59.8,high,West,Desktop,Basic,9,0
CUST_005227,Treatment,26.32,26.86,20.76,26.34,medium,East,Desktop,Basic,9,0
CUST_005228,Control,27.29,47.48,31.03,36.12,low,North,Mobile,Premium,4,1
CUST_005229,Treatment,64.74,55.22,66.73,61.12,medium,West,Mobile,Premium,14,0
CUST_005230,Treatment,69.06,45.24,51.31,50.27,medium,East,Desktop,Premium,25,0
CUST_005231,Control,153.09,173.3,179.01,167.9,medium,East,Mobile,Enterprise,9,0
CUST_005232,Control,70.45,86.6,67.66,83.77,high,East,Desktop,Premium,16,0
CUST_005233,Treatment,38.08,49.15,34.3,62.95,medium,West,Mobile,Basic,12,0
CUST_005234,Control,16.17,25.01,16.25,23.71,low,West,Tablet,Basic,16,0
CUST_005235,Treatment,81.27,96.35,94.38,97.23,high,North,Desktop,Premium,6,0
CUST_005236,Control,34.12,39.17,44.07,54.69,low,North,Desktop,Enterprise,5,1
CUST_005237,Control,35.9,44.74,53.62,45.08,low,North,Desktop,Premium,10,0
CUST_005238,Treatment,127.58,128.78,136.82,157.73,high,West,Desktop,Enterprise,4,1
CUST_005239,Control,70.31,52.18,45.59,49.97,high,West,Desktop,Basic,13,0
CUST_005240,Control,20.25,26.0,27.6,29.56,low,South,Mobile,Basic,14,0
CUST_005241,Control,31.09,9.22,16.51,21.9,low,North,Mobile,Basic,5,1
CUST_005242,Control,53.91,47.82,64.19,60.04,medium,West,Desktop,Basic,25,0
CUST_005243,Control,196.49,190.26,205.62,211.81,high,South,Desktop,Enterprise,1,1
CUST_005244,Control,15.71,22.8,23.99,24.87,medium,West,Desktop,Basic,14,0
CUST_005245,Control,39.19,44.05,52.83,68.22,medium,East,Desktop,Premium,12,0
CUST_005246,Control,25.57,36.43,24.98,31.38,medium,East,Mobile,Basic,4,1
CUST_005247,Treatment,44.37,23.0,27.44,31.61,medium,North,Desktop,Basic,4,1
CUST_005248,Treatment,80.46,62.92,75.59,77.87,high,East,Desktop,Premium,8,0
CUST_005249,Control,39.65,26.19,23.64,19.61,low,South,Desktop,Basic,15,0
CUST_005250,Control,32.05,37.75,36.04,40.41,medium,North,Desktop,Premium,19,0
CUST_005251,Treatment,43.69,45.79,36.27,55.63,medium,East,Desktop,Basic,6,0
CUST_005252,Control,17.73,21.29,19.88,13.24,low,East,Desktop,Basic,2,1
CUST_005253,Treatment,39.43,46.06,41.31,41.26,high,South,Desktop,Basic,27,0
CUST_005254,Control,77.13,82.48,83.62,99.6,high,East,Desktop,Premium,12,0
CUST_005255,Treatment,97.5,106.23,96.12,136.77,high,West,Desktop,Premium,15,0
CUST_005256,Control,203.37,226.27,239.38,263.45,high,North,Desktop,Enterprise,16,0
CUST_005257,Treatment,47.04,59.59,76.38,51.61,medium,West,Mobile,Premium,17,0
CUST_005258,Control,51.51,54.79,62.89,65.72,medium,East,Desktop,Premium,7,0
CUST_005259,Control,3.56,11.9,8.37,13.24,low,East,Tablet,Basic,3,1
CUST_005260,Treatment,28.08,19.73,24.53,24.18,high,North,Mobile,Basic,9,0
CUST_005261,Control,31.83,28.99,23.96,31.08,low,South,Mobile,Basic,22,0
CUST_005262,Treatment,36.69,41.22,10.35,36.86,low,East,Mobile,Premium,6,0
CUST_005263,Treatment,34.5,45.19,12.13,32.55,low,East,Mobile,Basic,33,0
CUST_005264,Treatment,27.1,28.53,12.81,28.06,medium,East,Desktop,Basic,1,1
CUST_005265,Treatment,83.53,78.61,74.08,80.63,medium,West,Tablet,Enterprise,57,0
CUST_005266,Control,22.56,14.89,28.27,34.51,low,North,Desktop,Basic,13,0
CUST_005267,Control,56.13,43.17,48.94,36.71,low,East,Desktop,Premium,48,0
CUST_005268,Control,37.1,24.6,20.69,26.38,medium,North,Mobile,Basic,1,1
CUST_005269,Control,26.32,38.42,52.92,39.16,low,South,Tablet,Premium,7,0
CUST_005270,Control,74.05,68.61,64.06,69.69,high,South,Tablet,Premium,13,0
CUST_005271,Treatment,12.47,17.33,21.65,26.54,low,West,Desktop,Basic,17,0
CUST_005272,Treatment,42.68,55.08,60.88,63.46,low,South,Tablet,Premium,2,1
CUST_005273,Control,42.73,51.1,30.51,49.5,low,South,Tablet,Premium,4,1
CUST_005274,Control,13.6,11.35,0.0,21.56,low,West,Desktop,Basic,6,0
CUST_005275,Treatment,50.38,30.51,42.88,47.25,medium,East,Desktop,Basic,23,0
CUST_005276,Treatment,22.18,33.57,17.93,19.62,medium,East,Desktop,Basic,15,0
CUST_005277,Treatment,13.66,0.0,18.32,3.54,medium,East,Mobile,Basic,15,0
CUST_005278,Treatment,52.37,42.52,52.71,57.45,low,East,Desktop,Premium,5,1
CUST_005279,Control,98.11,89.72,89.68,105.99,low,North,Desktop,Enterprise,20,0
CUST_005280,Control,25.88,28.48,27.29,9.84,medium,South,Desktop,Basic,12,0
CUST_005281,Control,92.19,97.49,85.85,112.26,medium,North,Desktop,Premium,6,0
CUST_005282,Treatment,87.66,87.32,82.24,114.21,high,West,Mobile,Premium,13,0
CUST_005283,Control,28.75,30.09,25.24,27.41,medium,East,Mobile,Basic,3,1
CUST_005284,Treatment,50.97,76.44,50.36,61.15,medium,North,Mobile,Basic,8,0
CUST_005285,Control,47.85,29.14,57.64,42.2,high,West,Desktop,Basic,5,1
CUST_005286,Control,53.0,58.86,58.33,63.62,medium,North,Tablet,Premium,46,0
CUST_005287,Treatment,144.62,148.58,141.2,181.95,high,West,Desktop,Enterprise,37,0
CUST_005288,Treatment,158.17,170.31,163.36,189.58,high,North,Mobile,Enterprise,15,0
CUST_005289,Control,19.04,16.33,9.22,22.93,low,East,Desktop,Basic,14,0
CUST_005290,Control,29.36,44.37,32.54,20.8,medium,North,Desktop,Basic,28,0
CUST_005291,Control,53.96,72.89,63.62,61.7,high,East,Desktop,Premium,60,0
CUST_005292,Control,44.05,43.47,40.26,31.28,medium,East,Desktop,Basic,40,0
CUST_005293,Control,43.72,60.44,73.94,82.32,medium,West,Tablet,Premium,15,0
CUST_005294,Control,72.45,73.0,78.05,74.24,low,West,Tablet,Premium,1,1
CUST_005295,Control,22.68,25.72,27.34,9.39,low,West,Desktop,Basic,2,1
CUST_005296,Treatment,44.82,53.06,21.4,43.59,high,East,Mobile,Basic,17,0
CUST_005297,Control,38.9,24.33,25.69,42.39,medium,North,Mobile,Basic,4,1
CUST_005298,Control,63.44,55.97,69.37,72.07,medium,North,Mobile,Premium,6,0
CUST_005299,Control,35.02,25.67,48.0,30.92,medium,South,Mobile,Basic,19,0
CUST_005300,Treatment,21.37,21.72,16.66,29.61,low,East,Desktop,Basic,1,1
CUST_005301,Treatment,29.34,32.43,26.73,27.09,low,West,Mobile,Basic,12,0
CUST_005302,Control,45.73,53.9,55.35,75.47,medium,East,Mobile,Premium,1,1
CUST_005303,Control,12.72,18.79,16.64,4.42,low,North,Desktop,Basic,49,0
CUST_005304,Treatment,19.44,8.78,11.8,17.97,medium,West,Desktop,Basic,36,0
CUST_005305,Control,61.64,57.04,65.01,48.45,low,North,Mobile,Premium,12,0
CUST_005306,Control,79.48,50.23,71.58,83.15,medium,North,Desktop,Premium,8,0
CUST_005307,Treatment,56.38,63.92,71.86,74.28,medium,North,Desktop,Premium,34,0
CUST_005308,Control,166.31,161.75,165.89,160.2,medium,North,Mobile,Enterprise,9,0
CUST_005309,Control,53.39,37.85,54.49,56.33,low,South,Desktop,Premium,20,0
CUST_005310,Control,6.64,16.51,22.9,39.69,medium,North,Desktop,Basic,10,0
CUST_005311,Treatment,7.89,0.0,32.03,20.15,low,North,Mobile,Basic,6,0
CUST_005312,Treatment,51.38,43.59,48.19,67.77,high,South,Mobile,Basic,23,0
CUST_005313,Control,94.17,98.68,105.48,103.87,high,South,Desktop,Premium,9,0
CUST_005314,Control,40.53,38.41,31.79,60.43,low,East,Desktop,Premium,7,0
CUST_005315,Control,77.25,78.65,92.59,86.9,low,East,Desktop,Enterprise,4,1
CUST_005316,Control,66.77,63.3,73.2,74.69,medium,West,Desktop,Premium,18,0
CUST_005317,Control,37.54,53.01,59.02,51.41,medium,East,Mobile,Premium,3,1
CUST_005318,Control,0.0,15.47,15.01,20.56,low,South,Mobile,Basic,13,0
CUST_005319,Control,22.95,16.71,26.42,35.48,medium,South,Mobile,Basic,7,0
CUST_005320,Control,60.83,44.28,61.29,52.1,low,West,Desktop,Premium,17,0
CUST_005321,Treatment,33.91,31.12,36.55,17.18,low,South,Mobile,Basic,4,1
CUST_005322,Control,37.37,53.43,64.65,53.6,high,South,Mobile,Basic,19,0
CUST_005323,Treatment,16.89,22.1,18.42,28.05,medium,West,Tablet,Basic,1,1
CUST_005324,Treatment,18.44,27.94,23.72,19.8,medium,North,Mobile,Basic,48,0
CUST_005325,Treatment,48.7,25.27,45.39,34.65,medium,South,Tablet,Basic,6,0
CUST_005326,Control,94.64,88.0,104.94,98.54,medium,East,Desktop,Enterprise,4,1
CUST_005327,Treatment,144.43,137.5,142.6,170.55,high,West,Mobile,Premium,11,0
CUST_005328,Treatment,23.15,27.16,25.49,27.84,low,East,Desktop,Basic,2,1
CUST_005329,Control,43.78,54.14,30.93,42.59,low,West,Desktop,Premium,1,1
CUST_005330,Treatment,67.86,59.2,60.41,58.51,medium,South,Desktop,Premium,20,0
CUST_005331,Control,86.91,98.4,94.21,114.92,medium,South,Desktop,Premium,1,1
CUST_005332,Treatment,89.74,98.94,93.59,120.2,medium,West,Desktop,Premium,2,1
CUST_005333,Treatment,64.83,66.16,83.43,79.36,low,North,Desktop,Enterprise,40,0
CUST_005334,Treatment,38.1,35.38,30.11,42.3,low,North,Desktop,Premium,2,1
CUST_005335,Treatment,53.13,56.23,50.17,41.33,low,South,Mobile,Enterprise,11,0
CUST_005336,Treatment,13.56,19.81,27.69,12.84,low,East,Desktop,Basic,16,0
CUST_005337,Control,11.79,10.13,27.29,38.16,low,East,Mobile,Basic,9,0
CUST_005338,Control,184.58,180.27,170.87,206.51,medium,East,Tablet,Enterprise,3,1
CUST_005339,Treatment,111.33,99.71,104.74,121.62,medium,East,Desktop,Enterprise,29,0
CUST_005340,Control,46.03,35.49,33.21,26.57,low,West,Desktop,Premium,20,0
CUST_005341,Treatment,65.28,50.49,37.53,69.63,high,North,Desktop,Premium,20,0
CUST_005342,Treatment,25.84,16.87,33.18,21.59,medium,South,Mobile,Basic,18,0
CUST_005343,Treatment,43.54,22.88,49.37,33.22,low,South,Desktop,Premium,2,1
CUST_005344,Treatment,49.51,67.15,54.29,54.82,low,North,Tablet,Premium,7,0
CUST_005345,Control,82.78,78.25,76.26,76.57,high,South,Mobile,Premium,4,1
CUST_005346,Control,34.13,34.07,32.22,27.99,low,North,Mobile,Premium,5,1
CUST_005347,Control,45.51,34.76,35.66,36.99,medium,North,Mobile,Basic,3,1
CUST_005348,Control,47.19,43.23,44.86,52.02,medium,North,Desktop,Basic,15,0
CUST_005349,Control,53.34,56.37,82.04,53.38,medium,West,Desktop,Premium,5,1
CUST_005350,Treatment,41.19,49.33,38.88,51.97,high,East,Desktop,Basic,3,1
CUST_005351,Control,70.26,75.32,85.88,84.01,high,North,Tablet,Premium,4,1
CUST_005352,Control,18.54,4.11,35.01,22.08,medium,East,Desktop,Basic,7,0
CUST_005353,Treatment,40.05,33.68,45.08,31.11,medium,North,Mobile,Basic,1,1
CUST_005354,Control,77.06,88.32,82.18,85.01,medium,South,Desktop,Premium,5,1
CUST_005355,Treatment,52.94,81.73,59.92,71.93,high,West,Mobile,Basic,1,1
CUST_005356,Treatment,52.96,47.53,58.24,69.84,low,East,Tablet,Premium,6,0
CUST_005357,Treatment,29.11,43.63,47.46,40.81,medium,North,Mobile,Premium,1,1
CUST_005358,Treatment,135.22,136.39,141.82,155.24,high,East,Mobile,Premium,1,1
CUST_005359,Control,54.01,62.17,70.46,65.07,medium,North,Desktop,Premium,18,0
CUST_005360,Treatment,30.03,34.09,30.35,34.79,low,East,Mobile,Premium,7,0
CUST_005361,Control,74.79,82.35,67.45,79.3,medium,West,Desktop,Premium,29,0
CUST_005362,Control,95.53,88.91,70.56,79.35,low,North,Tablet,Premium,3,1
CUST_005363,Control,54.56,42.18,63.67,47.18,high,South,Desktop,Basic,22,0
CUST_005364,Control,60.91,42.84,52.11,61.35,high,East,Desktop,Basic,35,0
CUST_005365,Treatment,26.14,48.24,38.18,33.44,low,West,Desktop,Basic,2,1
CUST_005366,Treatment,17.52,33.8,33.03,45.94,high,East,Mobile,Basic,3,1
CUST_005367,Treatment,22.56,19.54,14.34,21.13,low,East,Mobile,Basic,4,1
CUST_005368,Treatment,46.38,48.38,36.39,56.56,high,North,Tablet,Basic,1,1
CUST_005369,Control,66.68,56.91,70.63,79.24,high,East,Desktop,Premium,44,0
CUST_005370,Control,46.41,52.66,68.68,64.56,medium,East,Tablet,Enterprise,25,0
CUST_005371,Treatment,29.61,41.49,27.05,32.14,medium,East,Mobile,Basic,8,0
CUST_005372,Control,186.77,185.32,188.88,195.07,medium,West,Desktop,Enterprise,5,1
CUST_005373,Treatment,20.16,15.53,5.46,22.44,low,North,Desktop,Basic,11,0
CUST_005374,Treatment,30.4,29.42,32.16,60.07,medium,South,Mobile,Basic,4,1
CUST_005375,Treatment,62.33,51.27,72.06,76.29,low,West,Desktop,Premium,34,0
CUST_005376,Control,45.97,45.39,38.16,44.3,medium,East,Mobile,Basic,44,0
CUST_005377,Treatment,28.5,34.76,56.41,60.62,low,North,Mobile,Premium,6,0
CUST_005378,Treatment,57.5,65.2,68.65,88.47,high,North,Mobile,Basic,21,0
CUST_005379,Control,26.19,42.83,38.1,30.03,low,West,Desktop,Premium,30,0
CUST_005380,Treatment,71.26,83.06,71.03,73.28,medium,North,Mobile,Premium,3,1
CUST_005381,Treatment,51.54,50.8,50.66,42.18,medium,North,Desktop,Basic,5,1
CUST_005382,Control,30.48,46.73,33.1,40.79,low,South,Desktop,Premium,12,0
CUST_005383,Treatment,17.66,20.02,28.82,23.2,low,North,Desktop,Basic,5,1
CUST_005384,Control,11.68,15.06,18.23,20.69,medium,North,Desktop,Basic,6,0
CUST_005385,Treatment,79.23,71.13,69.22,75.19,medium,East,Desktop,Premium,15,0
CUST_005386,Treatment,193.4,192.86,206.45,231.01,medium,East,Desktop,Enterprise,30,0
CUST_005387,Control,36.76,38.69,37.18,43.18,low,West,Desktop,Premium,2,1
CUST_005388,Treatment,24.13,13.0,11.53,20.15,medium,East,Desktop,Basic,19,0
CUST_005389,Treatment,27.58,40.44,32.86,22.66,low,North,Mobile,Basic,1,1
CUST_005390,Treatment,25.87,26.62,19.59,36.11,medium,West,Desktop,Basic,1,1
CUST_005391,Control,66.81,67.98,60.9,49.05,medium,West,Mobile,Premium,5,1
CUST_005392,Control,47.77,47.71,51.62,53.68,low,North,Tablet,Premium,32,0
CUST_005393,Treatment,57.87,54.43,41.4,55.42,low,West,Mobile,Premium,5,1
CUST_005394,Control,27.25,25.48,26.57,43.75,low,South,Mobile,Basic,1,1
CUST_005395,Control,66.98,81.03,80.92,76.45,high,West,Desktop,Premium,21,0
CUST_005396,Control,69.81,59.04,88.47,72.0,medium,East,Mobile,Premium,1,1
CUST_005397,Treatment,42.41,53.45,57.36,31.97,low,South,Mobile,Premium,60,0
CUST_005398,Treatment,26.83,41.79,50.05,31.76,medium,North,Desktop,Basic,15,0
CUST_005399,Control,24.3,30.78,11.81,17.42,medium,North,Mobile,Basic,14,0
CUST_005400,Treatment,24.6,51.62,28.85,22.51,low,South,Desktop,Basic,8,0
CUST_005401,Treatment,81.29,77.57,83.06,95.44,medium,North,Mobile,Premium,4,1
CUST_005402,Treatment,55.63,55.2,49.26,44.74,high,West,Desktop,Basic,1,1
CUST_005403,Control,79.16,87.97,87.6,85.36,medium,North,Desktop,Premium,1,1
CUST_005404,Treatment,21.9,30.35,29.64,30.4,low,South,Tablet,Basic,10,0
CUST_005405,Control,21.2,40.61,37.25,38.41,low,North,Mobile,Basic,29,0
CUST_005406,Control,44.08,39.02,50.16,41.31,low,West,Mobile,Premium,9,0
CUST_005407,Treatment,23.38,18.51,19.88,18.88,medium,North,Desktop,Basic,23,0
CUST_005408,Treatment,45.61,54.76,44.84,38.31,low,East,Mobile,Premium,14,0
CUST_005409,Control,79.63,70.45,71.9,69.63,medium,South,Desktop,Premium,32,0
CUST_005410,Treatment,8.6,22.05,27.09,27.26,medium,North,Tablet,Basic,12,0
CUST_005411,Control,38.77,36.56,27.04,52.2,low,East,Desktop,Premium,12,0
CUST_005412,Control,69.63,62.26,53.91,74.09,low,West,Mobile,Premium,10,0
CUST_005413,Control,90.6,76.53,89.57,74.79,low,North,Tablet,Enterprise,11,0
CUST_005414,Control,82.86,82.72,97.01,84.56,medium,West,Desktop,Premium,4,1
CUST_005415,Control,27.82,31.47,27.34,46.61,low,East,Desktop,Premium,8,0
CUST_005416,Treatment,15.88,13.78,11.2,18.98,low,South,Desktop,Basic,4,1
CUST_005417,Treatment,35.03,35.51,41.58,51.43,low,West,Desktop,Premium,5,1
CUST_005418,Control,20.49,33.97,7.59,22.26,low,North,Mobile,Basic,22,0
CUST_005419,Treatment,20.89,37.01,41.64,39.28,low,East,Desktop,Premium,11,0
CUST_005420,Control,24.26,7.21,7.1,0.0,low,South,Mobile,Basic,15,0
CUST_005421,Treatment,91.31,107.71,110.83,125.51,high,South,Desktop,Enterprise,6,0
CUST_005422,Treatment,35.5,41.16,43.45,40.19,high,North,Desktop,Basic,1,1
CUST_005423,Treatment,83.35,92.79,78.45,101.0,low,North,Desktop,Enterprise,8,0
CUST_005424,Control,39.17,38.97,36.97,28.44,medium,North,Mobile,Basic,18,0
CUST_005425,Control,22.48,24.46,5.97,20.41,medium,West,Desktop,Basic,3,1
CUST_005426,Control,101.03,107.14,113.44,115.9,high,South,Desktop,Premium,16,0
CUST_005427,Control,104.4,106.85,117.06,116.68,medium,East,Tablet,Enterprise,8,0
CUST_005428,Treatment,44.79,25.11,39.28,44.64,high,West,Desktop,Basic,11,0
CUST_005429,Treatment,117.06,109.09,125.43,108.22,low,South,Tablet,Enterprise,2,1
CUST_005430,Treatment,26.65,16.55,18.95,16.15,low,East,Mobile,Basic,5,1
CUST_005431,Treatment,18.86,7.86,29.46,39.57,medium,East,Mobile,Basic,35,0
CUST_005432,Control,48.26,40.06,60.98,45.81,medium,East,Mobile,Premium,13,0
CUST_005433,Treatment,53.03,71.79,75.48,63.16,medium,North,Desktop,Premium,10,0
CUST_005434,Treatment,215.98,225.68,229.67,256.18,high,North,Mobile,Enterprise,15,0
CUST_005435,Treatment,59.05,46.47,50.85,53.43,low,East,Desktop,Premium,4,1
CUST_005436,Treatment,37.39,31.23,36.1,37.71,medium,North,Desktop,Basic,27,0
CUST_005437,Control,106.15,120.23,109.22,140.07,medium,West,Desktop,Enterprise,12,0
CUST_005438,Control,31.74,30.85,28.91,37.92,low,South,Tablet,Premium,8,0
CUST_005439,Control,45.0,54.61,54.16,46.79,high,South,Mobile,Premium,8,0
CUST_005440,Control,40.35,47.28,58.45,56.32,medium,North,Desktop,Premium,11,0
CUST_005441,Control,35.53,31.93,32.47,28.85,medium,East,Desktop,Premium,5,1
CUST_005442,Control,102.59,128.12,106.52,116.51,medium,East,Mobile,Enterprise,13,0
CUST_005443,Treatment,72.7,75.63,68.95,66.26,low,East,Mobile,Enterprise,4,1
CUST_005444,Treatment,44.3,28.35,38.29,55.6,high,North,Desktop,Basic,4,1
CUST_005445,Treatment,54.67,33.65,55.98,39.39,low,North,Mobile,Premium,30,0
CUST_005446,Treatment,59.98,60.91,66.97,56.05,low,North,Mobile,Premium,2,1
CUST_005447,Treatment,40.99,52.28,42.03,59.38,medium,North,Tablet,Basic,28,0
CUST_005448,Treatment,13.83,7.66,7.72,2.39,low,East,Mobile,Basic,3,1
CUST_005449,Treatment,39.76,42.78,43.25,43.8,medium,South,Desktop,Basic,17,0
CUST_005450,Treatment,107.73,114.01,111.87,114.0,medium,North,Desktop,Premium,6,0
CUST_005451,Control,21.42,30.7,29.2,36.04,low,West,Tablet,Premium,3,1
CUST_005452,Treatment,112.33,127.48,137.97,158.44,high,East,Desktop,Enterprise,8,0
CUST_005453,Treatment,32.89,28.95,22.37,15.1,low,East,Mobile,Basic,5,1
CUST_005454,Treatment,50.01,37.66,62.62,51.52,low,North,Mobile,Premium,12,0
CUST_005455,Control,48.06,58.44,59.13,51.1,medium,North,Mobile,Premium,13,0
CUST_005456,Control,11.92,14.96,12.74,14.35,medium,North,Mobile,Basic,1,1
CUST_005457,Control,28.71,18.21,37.44,39.26,medium,East,Desktop,Basic,18,0
CUST_005458,Treatment,80.14,83.71,102.07,92.23,high,West,Mobile,Premium,16,0
CUST_005459,Control,59.77,60.44,52.49,65.49,medium,West,Desktop,Premium,41,0
CUST_005460,Control,25.81,36.82,25.12,41.95,medium,North,Desktop,Basic,3,1
CUST_005461,Treatment,76.77,79.45,73.85,96.34,high,East,Mobile,Premium,6,0
CUST_005462,Treatment,43.48,34.1,42.81,43.95,low,South,Mobile,Premium,23,0
CUST_005463,Control,53.12,54.69,62.54,68.63,medium,West,Mobile,Premium,1,1
CUST_005464,Treatment,141.79,165.3,168.17,176.61,high,East,Desktop,Enterprise,7,0
CUST_005465,Treatment,67.7,85.96,75.81,68.6,low,South,Mobile,Premium,16,0
CUST_005466,Treatment,14.41,13.19,5.48,6.89,low,East,Mobile,Basic,16,0
CUST_005467,Control,19.44,9.19,27.57,25.24,medium,East,Tablet,Basic,11,0
CUST_005468,Treatment,43.03,62.93,72.74,86.21,high,West,Mobile,Basic,27,0
CUST_005469,Treatment,0.0,31.4,16.54,21.13,low,West,Desktop,Basic,17,0
CUST_005470,Control,22.51,0.0,19.06,18.84,low,South,Desktop,Basic,17,0
CUST_005471,Control,31.92,40.47,38.44,59.97,low,South,Desktop,Premium,2,1
CUST_005472,Control,24.35,31.69,23.24,21.59,medium,East,Desktop,Basic,22,0
CUST_005473,Treatment,64.7,77.77,75.58,74.05,medium,West,Desktop,Premium,19,0
CUST_005474,Treatment,26.75,21.99,41.15,28.16,low,West,Mobile,Basic,19,0
CUST_005475,Control,27.03,40.37,37.86,34.42,medium,North,Mobile,Basic,4,1
CUST_005476,Treatment,35.99,44.22,43.37,38.04,high,West,Desktop,Basic,1,1
CUST_005477,Treatment,27.21,19.45,39.34,48.53,medium,West,Mobile,Basic,9,0
CUST_005478,Treatment,47.12,46.4,48.65,30.52,medium,South,Mobile,Basic,8,0
CUST_005479,Control,79.07,84.24,84.2,90.2,high,South,Desktop,Premium,25,0
CUST_005480,Treatment,30.1,30.13,26.04,36.72,medium,South,Mobile,Basic,9,0
CUST_005481,Treatment,28.32,35.25,43.69,14.51,low,West,Mobile,Basic,14,0
CUST_005482,Control,31.6,36.52,47.76,55.61,medium,East,Desktop,Basic,13,0
CUST_005483,Treatment,10.72,20.91,22.4,38.16,low,East,Desktop,Basic,21,0
CUST_005484,Treatment,43.83,52.53,46.35,56.91,medium,North,Desktop,Basic,13,0
CUST_005485,Control,24.05,16.16,31.27,21.57,medium,East,Mobile,Basic,60,0
CUST_005486,Treatment,183.48,189.37,201.09,227.04,high,South,Mobile,Premium,15,0
CUST_005487,Treatment,8.92,21.52,6.77,12.42,low,North,Mobile,Basic,7,0
CUST_005488,Treatment,37.54,37.13,37.91,28.54,low,West,Desktop,Premium,7,0
CUST_005489,Treatment,43.44,24.16,36.22,36.78,medium,East,Desktop,Basic,21,0
CUST_005490,Treatment,45.66,57.21,37.28,48.19,high,West,Desktop,Basic,5,1
CUST_005491,Treatment,42.49,73.74,60.75,75.91,high,East,Mobile,Basic,1,1
CUST_005492,Control,13.48,27.84,17.3,25.76,medium,South,Desktop,Basic,29,0
CUST_005493,Control,63.99,60.31,69.37,63.49,high,East,Mobile,Basic,3,1
CUST_005494,Control,56.81,66.39,49.28,66.8,medium,South,Mobile,Premium,24,0
CUST_005495,Control,14.99,17.75,20.89,26.43,low,North,Mobile,Basic,1,1
CUST_005496,Treatment,34.12,33.21,33.3,38.21,low,West,Tablet,Premium,1,1
CUST_005497,Control,98.06,119.32,108.36,112.2,high,West,Desktop,Premium,3,1
CUST_005498,Control,33.64,21.46,47.83,49.85,low,East,Tablet,Premium,55,0
CUST_005499,Control,51.13,36.76,48.28,48.85,high,East,Desktop,Basic,5,1
CUST_005500,Treatment,12.34,15.09,9.24,14.73,low,East,Desktop,Basic,2,1
CUST_005501,Control,10.46,37.62,14.81,13.74,low,West,Tablet,Basic,1,1
CUST_005502,Control,35.17,44.87,20.93,39.98,high,East,Mobile,Basic,6,0
CUST_005503,Treatment,19.61,19.51,32.27,18.58,medium,North,Desktop,Basic,7,0
CUST_005504,Treatment,42.74,76.82,68.52,73.79,medium,East,Mobile,Premium,12,0
CUST_005505,Control,44.94,38.37,37.79,33.8,low,West,Desktop,Premium,1,1
CUST_005506,Treatment,54.03,59.68,45.93,53.17,medium,South,Mobile,Premium,6,0
CUST_005507,Treatment,52.76,45.06,45.5,54.16,medium,West,Mobile,Basic,2,1
CUST_005508,Control,36.17,45.23,52.95,45.72,medium,East,Desktop,Basic,23,0
CUST_005509,Treatment,22.65,27.3,25.69,26.59,medium,East,Mobile,Basic,8,0
CUST_005510,Control,40.57,42.48,32.19,60.31,medium,North,Desktop,Premium,4,1
CUST_005511,Treatment,27.67,31.11,23.21,24.64,medium,West,Mobile,Basic,15,0
CUST_005512,Control,79.02,63.72,72.84,74.59,medium,North,Tablet,Premium,3,1
CUST_005513,Control,45.22,62.1,74.83,76.48,medium,North,Desktop,Premium,5,1
CUST_005514,Treatment,58.66,49.4,57.76,65.65,medium,East,Desktop,Premium,19,0
CUST_005515,Treatment,62.6,59.99,73.13,75.15,medium,South,Desktop,Premium,3,1
CUST_005516,Control,2.21,1.43,3.82,8.78,medium,North,Mobile,Basic,7,0
CUST_005517,Control,62.81,64.12,73.06,80.72,medium,North,Tablet,Premium,41,0
CUST_005518,Control,46.81,46.99,58.34,50.39,medium,East,Mobile,Premium,1,1
CUST_005519,Treatment,37.12,35.53,23.73,37.66,medium,West,Mobile,Basic,6,0
CUST_005520,Control,16.52,23.01,29.09,24.64,medium,West,Mobile,Basic,60,0
CUST_005521,Control,41.82,37.21,37.43,24.18,medium,West,Desktop,Premium,3,1
CUST_005522,Treatment,29.15,19.13,15.88,38.58,low,North,Desktop,Basic,25,0
CUST_005523,Treatment,25.79,30.7,30.59,40.28,low,West,Desktop,Basic,9,0
CUST_005524,Control,40.56,35.44,45.71,35.53,high,North,Desktop,Basic,3,1
CUST_005525,Control,12.11,15.99,14.91,24.35,low,West,Desktop,Basic,13,0
CUST_005526,Treatment,43.78,40.59,57.72,41.06,medium,North,Tablet,Basic,8,0
CUST_005527,Treatment,72.08,69.53,79.15,80.02,medium,South,Desktop,Premium,39,0
CUST_005528,Control,20.92,29.11,15.96,26.17,medium,East,Desktop,Basic,51,0
CUST_005529,Control,32.02,24.22,38.58,25.13,medium,East,Desktop,Basic,12,0
CUST_005530,Control,65.77,55.7,57.36,81.33,medium,West,Tablet,Premium,22,0
CUST_005531,Treatment,26.6,39.84,40.06,47.65,medium,West,Desktop,Basic,2,1
CUST_005532,Control,30.92,25.7,16.05,19.07,low,East,Desktop,Basic,1,1
CUST_005533,Treatment,96.26,89.88,102.71,111.47,medium,East,Desktop,Enterprise,1,1
CUST_005534,Control,44.44,40.78,47.29,37.98,high,East,Desktop,Premium,3,1
CUST_005535,Treatment,28.52,52.18,58.24,54.78,medium,West,Desktop,Basic,4,1
CUST_005536,Control,26.21,36.7,27.8,26.65,medium,West,Mobile,Basic,13,0
CUST_005537,Treatment,123.36,141.32,138.38,138.82,medium,East,Desktop,Enterprise,23,0
CUST_005538,Control,10.64,14.44,27.12,35.03,medium,East,Desktop,Basic,5,1
CUST_005539,Control,41.42,32.73,30.15,43.37,low,South,Desktop,Basic,1,1
CUST_005540,Control,35.27,19.67,22.94,31.09,medium,North,Mobile,Basic,14,0
CUST_005541,Treatment,26.13,38.54,15.18,32.24,high,South,Mobile,Basic,60,0
CUST_005542,Treatment,12.69,11.79,12.44,31.83,low,North,Desktop,Basic,14,0
CUST_005543,Treatment,45.07,59.56,50.17,54.75,low,West,Mobile,Enterprise,7,0
CUST_005544,Treatment,73.18,64.16,60.69,72.04,medium,East,Desktop,Premium,8,0
CUST_005545,Control,75.14,64.9,65.52,64.47,high,West,Mobile,Basic,2,1
CUST_005546,Treatment,5.49,9.73,30.23,23.27,medium,East,Mobile,Basic,2,1
CUST_005547,Treatment,36.15,43.13,35.63,37.43,low,West,Tablet,Premium,23,0
CUST_005548,Treatment,78.24,75.25,59.97,68.99,low,North,Tablet,Premium,3,1
CUST_005549,Control,104.07,108.57,126.99,118.43,high,South,Mobile,Premium,1,1
CUST_005550,Control,42.11,36.46,44.8,55.61,medium,West,Mobile,Basic,3,1
CUST_005551,Treatment,11.46,22.72,14.41,19.11,low,South,Mobile,Basic,19,0
CUST_005552,Control,40.1,6.97,20.03,15.36,medium,East,Mobile,Basic,1,1
CUST_005553,Control,74.82,73.25,86.82,61.06,medium,East,Mobile,Premium,11,0
CUST_005554,Treatment,26.55,33.64,34.29,34.91,low,West,Desktop,Basic,45,0
CUST_005555,Treatment,24.1,31.4,44.48,29.55,medium,East,Mobile,Basic,18,0
CUST_005556,Treatment,96.15,91.69,90.29,88.95,medium,West,Desktop,Enterprise,1,1
CUST_005557,Treatment,19.2,33.13,32.03,50.23,medium,East,Mobile,Basic,1,1
CUST_005558,Control,62.51,63.32,78.26,59.7,medium,North,Desktop,Premium,1,1
CUST_005559,Control,16.89,12.28,24.84,18.34,low,South,Desktop,Basic,14,0
CUST_005560,Treatment,28.74,46.48,44.38,47.42,low,West,Tablet,Premium,8,0
CUST_005561,Control,24.73,29.4,30.65,31.19,medium,West,Tablet,Basic,36,0
CUST_005562,Treatment,39.81,28.7,31.28,23.08,low,West,Mobile,Premium,2,1
CUST_005563,Treatment,64.44,52.49,71.51,68.36,low,East,Mobile,Enterprise,4,1
CUST_005564,Treatment,35.4,59.53,44.81,48.05,low,East,Desktop,Premium,2,1
CUST_005565,Control,251.67,256.01,263.47,276.19,medium,South,Tablet,Enterprise,3,1
CUST_005566,Treatment,55.54,45.55,67.31,44.87,low,East,Mobile,Enterprise,2,1
CUST_005567,Control,63.41,43.6,68.71,53.05,medium,East,Desktop,Basic,1,1
CUST_005568,Control,35.3,34.16,29.61,32.24,medium,East,Desktop,Basic,60,0
CUST_005569,Control,92.03,84.23,98.26,100.03,low,North,Mobile,Enterprise,17,0
CUST_005570,Treatment,5.1,21.05,13.47,5.49,low,East,Mobile,Basic,22,0
CUST_005571,Treatment,3.94,10.74,30.82,18.88,medium,East,Tablet,Basic,14,0
CUST_005572,Treatment,50.3,66.58,74.43,96.15,medium,South,Mobile,Premium,15,0
CUST_005573,Treatment,78.06,75.88,81.62,98.32,high,South,Desktop,Premium,1,1
CUST_005574,Treatment,105.85,107.38,93.8,98.75,low,West,Desktop,Enterprise,9,0
CUST_005575,Control,45.24,53.88,47.69,45.8,low,South,Desktop,Premium,35,0
CUST_005576,Control,57.21,61.95,63.2,62.5,medium,West,Mobile,Basic,3,1
CUST_005577,Control,54.42,63.38,63.05,68.07,medium,East,Mobile,Enterprise,3,1
CUST_005578,Treatment,36.55,35.82,39.3,48.53,medium,North,Desktop,Basic,5,1
CUST_005579,Control,48.47,56.7,64.62,68.66,medium,East,Desktop,Premium,10,0
CUST_005580,Treatment,125.09,143.66,138.6,159.91,high,North,Desktop,Enterprise,13,0
CUST_005581,Control,35.77,25.37,37.29,41.55,high,East,Mobile,Basic,4,1
CUST_005582,Control,158.0,166.27,161.67,166.14,high,West,Mobile,Premium,5,1
CUST_005583,Treatment,20.22,39.43,35.45,25.34,medium,North,Mobile,Basic,2,1
CUST_005584,Treatment,39.02,19.8,45.31,29.31,medium,South,Desktop,Basic,60,0
CUST_005585,Control,118.57,140.01,130.72,139.8,low,South,Desktop,Enterprise,5,1
CUST_005586,Treatment,63.64,54.47,48.29,73.27,high,West,Mobile,Basic,24,0
CUST_005587,Treatment,19.02,42.94,40.37,44.72,low,East,Desktop,Premium,38,0
CUST_005588,Control,218.49,223.55,222.25,263.83,high,East,Desktop,Enterprise,6,0
CUST_005589,Treatment,17.63,21.22,33.26,21.82,medium,West,Desktop,Basic,60,0
CUST_005590,Control,30.19,36.12,47.25,32.54,low,West,Mobile,Basic,15,0
CUST_005591,Control,33.92,39.85,29.68,36.07,medium,North,Tablet,Basic,33,0
CUST_005592,Treatment,22.78,23.02,20.12,19.84,medium,West,Mobile,Basic,23,0
CUST_005593,Treatment,148.29,154.17,155.26,177.97,high,East,Desktop,Premium,25,0
CUST_005594,Treatment,83.21,72.37,80.58,100.61,medium,West,Mobile,Enterprise,24,0
CUST_005595,Treatment,44.86,24.66,49.5,30.76,medium,West,Mobile,Basic,4,1
CUST_005596,Control,27.62,37.0,34.67,16.89,medium,North,Desktop,Basic,10,0
CUST_005597,Control,183.35,194.44,215.09,203.24,medium,South,Mobile,Enterprise,42,0
CUST_005598,Control,46.87,69.37,60.0,52.2,medium,North,Mobile,Premium,2,1
CUST_005599,Control,59.7,58.75,48.21,58.44,high,South,Desktop,Basic,24,0
CUST_005600,Control,48.27,25.23,49.85,46.04,medium,East,Tablet,Premium,1,1
CUST_005601,Treatment,85.79,70.06,82.13,83.29,medium,West,Desktop,Premium,7,0
CUST_005602,Control,49.75,63.58,63.51,57.32,medium,South,Desktop,Premium,11,0
CUST_005603,Treatment,58.9,63.93,66.35,46.73,low,West,Mobile,Premium,10,0
CUST_005604,Treatment,56.56,45.26,32.56,55.77,low,South,Mobile,Premium,32,0
CUST_005605,Treatment,34.0,25.52,45.31,48.5,low,West,Desktop,Premium,10,0
CUST_005606,Treatment,54.2,48.27,59.33,53.48,low,North,Desktop,Premium,29,0
CUST_005607,Control,38.32,39.87,40.89,41.74,low,South,Mobile,Premium,18,0
CUST_005608,Treatment,29.62,34.35,38.09,36.86,medium,North,Desktop,Basic,23,0
CUST_005609,Treatment,23.22,15.97,16.27,20.94,medium,East,Mobile,Basic,1,1
CUST_005610,Control,25.66,24.54,24.03,28.81,low,West,Desktop,Basic,33,0
CUST_005611,Control,24.25,32.38,46.65,42.47,medium,East,Desktop,Basic,3,1
CUST_005612,Treatment,119.93,124.14,128.53,150.02,high,North,Mobile,Premium,15,0
CUST_005613,Treatment,37.25,36.54,40.77,35.95,medium,West,Desktop,Basic,1,1
CUST_005614,Control,60.71,42.97,28.4,53.24,medium,South,Mobile,Basic,28,0
CUST_005615,Treatment,23.17,21.67,25.0,27.24,medium,East,Tablet,Basic,22,0
CUST_005616,Control,31.16,32.99,30.04,40.96,medium,North,Desktop,Basic,42,0
CUST_005617,Control,36.29,43.2,49.57,52.52,low,North,Mobile,Premium,1,1
CUST_005618,Control,51.7,57.46,59.03,60.64,medium,West,Desktop,Premium,13,0
CUST_005619,Treatment,30.69,47.12,48.14,45.66,medium,East,Mobile,Basic,2,1
CUST_005620,Treatment,38.54,53.86,45.63,65.89,high,North,Mobile,Basic,7,0
CUST_005621,Control,42.01,43.51,46.44,28.94,medium,East,Desktop,Basic,2,1
CUST_005622,Treatment,54.75,29.66,57.78,49.83,medium,South,Desktop,Premium,1,1
CUST_005623,Control,229.47,210.33,229.59,246.45,high,East,Desktop,Enterprise,42,0
CUST_005624,Control,19.67,14.66,10.16,19.53,low,North,Desktop,Basic,1,1
CUST_005625,Treatment,121.73,115.93,109.65,114.08,low,West,Desktop,Enterprise,24,0
CUST_005626,Control,12.98,32.06,12.82,20.92,low,East,Mobile,Basic,1,1
CUST_005627,Treatment,65.9,85.29,88.86,47.61,low,West,Desktop,Enterprise,3,1
CUST_005628,Control,81.71,84.3,84.83,89.61,low,East,Desktop,Enterprise,46,0
CUST_005629,Treatment,126.32,111.9,136.39,146.61,medium,East,Desktop,Premium,23,0
CUST_005630,Control,30.54,22.25,46.79,21.49,high,West,Desktop,Basic,28,0
CUST_005631,Control,25.36,36.19,34.95,58.35,low,South,Mobile,Premium,23,0
CUST_005632,Control,45.11,44.32,40.15,56.62,medium,West,Desktop,Premium,1,1
CUST_005633,Control,79.24,70.27,80.4,80.39,high,East,Mobile,Premium,7,0
CUST_005634,Treatment,61.76,47.25,64.22,70.57,medium,West,Mobile,Premium,2,1
CUST_005635,Treatment,29.04,28.52,17.33,34.35,low,West,Mobile,Basic,2,1
CUST_005636,Control,33.78,17.55,32.86,37.71,high,West,Mobile,Basic,7,0
CUST_005637,Treatment,4.32,19.08,23.65,26.44,medium,South,Desktop,Basic,11,0
CUST_005638,Control,26.97,18.46,23.99,21.09,medium,West,Mobile,Basic,24,0
CUST_005639,Treatment,62.09,53.75,47.32,56.12,low,East,Desktop,Premium,20,0
CUST_005640,Treatment,85.81,99.0,98.45,119.52,high,East,Mobile,Premium,6,0
CUST_005641,Treatment,69.16,58.1,81.21,82.78,medium,North,Desktop,Premium,1,1
CUST_005642,Control,41.44,47.18,62.36,56.95,low,East,Desktop,Premium,2,1
CUST_005643,Control,85.43,108.75,84.59,90.13,low,South,Desktop,Enterprise,24,0
CUST_005644,Treatment,47.86,32.03,37.11,54.85,medium,West,Desktop,Basic,23,0
CUST_005645,Treatment,133.37,111.08,134.94,151.38,medium,East,Desktop,Enterprise,3,1
CUST_005646,Control,18.09,21.73,22.4,23.91,medium,North,Desktop,Basic,26,0
CUST_005647,Control,16.26,37.46,45.2,55.52,medium,West,Desktop,Basic,17,0
CUST_005648,Control,21.16,45.19,42.94,35.31,low,North,Desktop,Premium,14,0
CUST_005649,Treatment,32.88,20.5,24.03,38.9,medium,West,Mobile,Basic,11,0
CUST_005650,Treatment,19.66,33.29,8.64,30.57,low,East,Desktop,Basic,12,0
CUST_005651,Treatment,18.88,23.59,25.82,27.62,low,East,Mobile,Basic,46,0
CUST_005652,Treatment,37.45,21.06,24.29,26.98,medium,East,Tablet,Basic,39,0
CUST_005653,Control,20.66,17.42,14.0,8.45,low,East,Desktop,Basic,19,0
CUST_005654,Control,102.67,110.15,124.2,119.86,low,West,Mobile,Enterprise,8,0
CUST_005655,Control,57.39,45.86,52.89,49.68,medium,West,Mobile,Premium,1,1
CUST_005656,Treatment,42.12,60.47,35.8,52.98,medium,West,Mobile,Basic,1,1
CUST_005657,Control,72.84,68.37,65.1,65.04,high,South,Desktop,Basic,8,0
CUST_005658,Treatment,47.54,51.78,45.26,51.96,low,South,Desktop,Premium,1,1
CUST_005659,Control,147.04,134.1,150.98,158.26,high,East,Desktop,Enterprise,14,0
CUST_005660,Control,31.12,18.14,32.45,24.0,low,South,Tablet,Basic,10,0
CUST_005661,Treatment,8.2,0.0,7.94,6.24,low,North,Tablet,Basic,11,0
CUST_005662,Treatment,50.85,57.02,64.07,70.0,medium,East,Desktop,Basic,5,1
CUST_005663,Treatment,10.29,25.74,31.38,36.49,low,South,Mobile,Basic,5,1
CUST_005664,Control,48.86,41.92,55.97,32.04,medium,North,Desktop,Basic,12,0
CUST_005665,Control,19.69,20.46,29.95,46.6,high,West,Desktop,Basic,2,1
CUST_005666,Control,24.92,38.78,23.65,32.33,medium,West,Desktop,Basic,6,0
CUST_005667,Control,93.88,86.45,90.32,94.91,low,East,Mobile,Enterprise,13,0
CUST_005668,Treatment,37.01,43.0,40.5,41.87,high,East,Desktop,Basic,16,0
CUST_005669,Treatment,20.23,48.73,31.6,33.36,low,West,Desktop,Premium,4,1
CUST_005670,Control,15.39,30.6,21.71,50.02,medium,West,Mobile,Basic,17,0
CUST_005671,Control,30.77,33.28,39.71,38.63,low,South,Mobile,Basic,24,0
CUST_005672,Treatment,107.71,115.08,113.31,142.1,high,East,Mobile,Premium,12,0
CUST_005673,Treatment,7.36,15.03,31.62,22.73,medium,North,Mobile,Basic,1,1
CUST_005674,Treatment,21.53,29.98,38.04,22.48,low,South,Desktop,Basic,8,0
CUST_005675,Treatment,11.19,1.26,35.16,24.92,low,North,Mobile,Basic,1,1
CUST_005676,Treatment,23.98,31.17,17.57,44.18,low,North,Mobile,Basic,7,0
CUST_005677,Treatment,41.64,27.74,44.48,54.79,high,West,Mobile,Basic,12,0
CUST_005678,Treatment,114.88,109.82,102.0,123.89,medium,North,Mobile,Enterprise,9,0
CUST_005679,Control,50.86,65.72,75.43,60.16,low,South,Mobile,Premium,11,0
CUST_005680,Control,73.32,96.7,87.65,97.02,high,North,Mobile,Premium,14,0
CUST_005681,Treatment,34.16,22.75,2.15,25.51,medium,East,Mobile,Basic,37,0
CUST_005682,Control,64.75,70.2,81.34,75.07,low,North,Desktop,Enterprise,13,0
CUST_005683,Treatment,66.79,80.4,70.37,84.08,medium,West,Mobile,Premium,1,1
CUST_005684,Treatment,21.6,26.9,19.74,24.59,low,North,Mobile,Premium,2,1
CUST_005685,Treatment,18.97,34.32,15.8,20.25,low,East,Desktop,Basic,60,0
CUST_005686,Treatment,32.44,32.89,28.0,30.91,high,North,Tablet,Basic,1,1
CUST_005687,Treatment,21.64,16.5,14.31,17.09,low,North,Desktop,Basic,45,0
CUST_005688,Treatment,59.89,65.46,66.64,80.18,medium,North,Desktop,Premium,22,0
CUST_005689,Control,83.51,89.63,103.89,107.01,low,South,Mobile,Enterprise,10,0
CUST_005690,Control,74.19,76.89,76.52,73.74,medium,South,Mobile,Premium,18,0
CUST_005691,Control,20.78,29.51,20.42,35.14,low,East,Mobile,Basic,27,0
CUST_005692,Control,88.38,74.9,78.54,87.83,low,North,Desktop,Enterprise,15,0
CUST_005693,Control,23.7,34.14,39.77,29.7,medium,North,Desktop,Premium,1,1
CUST_005694,Treatment,107.39,111.06,115.16,118.62,medium,West,Mobile,Enterprise,8,0
CUST_005695,Control,38.63,51.82,55.98,48.84,high,South,Desktop,Basic,12,0
CUST_005696,Control,109.76,125.19,132.09,123.13,medium,North,Mobile,Enterprise,28,0
CUST_005697,Control,28.16,12.38,12.7,31.17,medium,West,Mobile,Basic,60,0
CUST_005698,Control,52.86,46.8,38.25,46.51,high,North,Desktop,Basic,7,0
CUST_005699,Treatment,32.66,36.25,44.74,34.64,medium,West,Desktop,Basic,14,0
CUST_005700,Treatment,36.51,33.73,38.39,37.86,high,East,Desktop,Basic,7,0
CUST_005701,Control,40.17,25.64,19.75,36.51,medium,East,Mobile,Basic,21,0
CUST_005702,Control,65.24,61.66,56.06,54.32,low,West,Mobile,Premium,51,0
CUST_005703,Treatment,39.56,30.47,30.17,40.1,medium,South,Desktop,Basic,5,1
CUST_005704,Control,21.31,21.53,28.07,15.29,low,East,Desktop,Basic,1,1
CUST_005705,Control,19.68,15.66,24.12,11.84,low,North,Mobile,Basic,46,0
CUST_005706,Treatment,35.86,39.18,27.82,53.6,high,West,Desktop,Basic,17,0
CUST_005707,Treatment,32.26,50.16,44.75,48.7,medium,North,Desktop,Premium,7,0
CUST_005708,Treatment,70.08,80.56,76.18,70.89,medium,West,Desktop,Premium,36,0
CUST_005709,Control,27.47,33.04,27.17,23.19,low,South,Tablet,Basic,1,1
CUST_005710,Control,39.15,40.31,30.73,55.11,medium,East,Desktop,Basic,2,1
CUST_005711,Treatment,152.59,176.72,174.63,211.73,high,North,Mobile,Enterprise,28,0
CUST_005712,Treatment,40.41,48.86,38.08,63.09,medium,North,Desktop,Premium,46,0
CUST_005713,Treatment,15.08,13.58,9.17,25.28,low,West,Mobile,Basic,11,0
CUST_005714,Treatment,123.83,128.4,123.88,136.13,medium,South,Desktop,Enterprise,2,1
CUST_005715,Treatment,46.06,41.98,40.2,44.02,low,North,Mobile,Basic,3,1
CUST_005716,Treatment,23.67,35.7,24.39,33.28,low,West,Tablet,Premium,7,0
CUST_005717,Control,24.91,26.55,28.84,37.64,low,West,Desktop,Basic,1,1
CUST_005718,Treatment,13.44,16.37,15.9,34.23,medium,North,Desktop,Basic,46,0
CUST_005719,Treatment,41.45,65.39,61.08,91.49,medium,East,Desktop,Premium,1,1
CUST_005720,Treatment,45.91,30.55,44.14,44.56,medium,North,Desktop,Basic,6,0
CUST_005721,Treatment,27.9,34.44,46.63,42.03,medium,East,Desktop,Premium,28,0
CUST_005722,Control,98.93,116.8,113.22,129.1,high,South,Desktop,Premium,7,0
CUST_005723,Treatment,69.37,76.81,69.15,72.32,high,North,Desktop,Premium,12,0
CUST_005724,Control,42.69,49.12,38.02,40.42,high,East,Desktop,Basic,36,0
CUST_005725,Treatment,62.21,61.88,86.18,66.49,medium,South,Mobile,Premium,4,1
CUST_005726,Treatment,53.85,98.92,69.82,72.1,medium,East,Mobile,Premium,7,0
CUST_005727,Control,105.01,103.69,100.27,116.81,high,West,Mobile,Premium,10,0
CUST_005728,Treatment,55.81,62.55,52.94,57.71,high,North,Desktop,Basic,25,0
CUST_005729,Treatment,28.67,40.25,47.69,41.09,medium,North,Mobile,Basic,31,0
CUST_005730,Treatment,14.36,14.01,23.51,31.41,low,West,Desktop,Basic,1,1
CUST_005731,Control,64.4,86.12,63.27,75.68,medium,South,Desktop,Enterprise,5,1
CUST_005732,Control,7.16,22.07,30.96,11.35,medium,East,Desktop,Basic,13,0
CUST_005733,Control,28.39,20.37,35.0,30.52,medium,West,Desktop,Basic,1,1
CUST_005734,Control,34.66,35.42,17.11,14.8,medium,South,Mobile,Basic,15,0
CUST_005735,Control,47.62,50.6,44.86,55.17,high,East,Desktop,Basic,8,0
CUST_005736,Treatment,206.13,203.26,198.79,240.81,high,North,Mobile,Enterprise,8,0
CUST_005737,Control,59.34,59.62,58.61,44.42,high,South,Mobile,Basic,1,1
CUST_005738,Treatment,48.03,60.73,34.26,54.49,high,West,Mobile,Basic,11,0
CUST_005739,Treatment,23.15,36.42,32.13,8.17,medium,South,Mobile,Basic,6,0
CUST_005740,Control,15.65,22.83,25.49,21.02,low,East,Desktop,Basic,7,0
CUST_005741,Treatment,72.26,77.78,84.17,107.41,high,West,Tablet,Basic,27,0
CUST_005742,Treatment,17.97,27.2,29.11,24.73,medium,East,Tablet,Basic,4,1
CUST_005743,Control,30.78,32.42,37.5,43.63,low,North,Mobile,Basic,9,0
CUST_005744,Treatment,84.5,90.38,77.08,106.95,medium,East,Mobile,Premium,8,0
CUST_005745,Treatment,11.35,10.16,20.09,21.93,low,West,Mobile,Basic,2,1
CUST_005746,Treatment,29.7,51.64,59.74,47.42,low,West,Desktop,Basic,13,0
CUST_005747,Control,24.41,47.08,15.96,34.97,medium,West,Mobile,Basic,2,1
CUST_005748,Control,62.41,43.8,55.35,60.73,low,East,Mobile,Premium,1,1
CUST_005749,Treatment,43.93,51.73,62.56,79.24,medium,West,Desktop,Premium,7,0
CUST_005750,Control,32.13,28.1,29.18,25.21,medium,West,Tablet,Basic,5,1
CUST_005751,Treatment,25.26,26.38,29.96,40.62,medium,North,Desktop,Basic,5,1
CUST_005752,Treatment,30.78,51.57,46.41,45.4,high,North,Mobile,Basic,1,1
CUST_005753,Control,72.02,75.48,78.0,61.45,medium,North,Desktop,Premium,10,0
CUST_005754,Treatment,33.16,42.38,33.51,32.95,medium,East,Desktop,Basic,21,0
CUST_005755,Treatment,201.72,200.73,208.02,252.7,high,East,Desktop,Enterprise,42,0
CUST_005756,Control,140.64,152.34,145.56,147.93,high,West,Mobile,Enterprise,37,0
CUST_005757,Control,56.82,56.16,48.98,73.11,low,West,Desktop,Enterprise,35,0
CUST_005758,Treatment,67.63,79.16,86.02,80.14,high,West,Mobile,Premium,1,1
CUST_005759,Treatment,21.75,27.92,24.07,29.79,low,South,Mobile,Basic,57,0
CUST_005760,Treatment,34.0,55.15,36.05,41.69,medium,East,Mobile,Basic,3,1
CUST_005761,Control,36.03,48.16,41.16,32.32,medium,South,Tablet,Basic,33,0
CUST_005762,Treatment,40.9,49.24,44.24,45.63,medium,North,Desktop,Basic,4,1
CUST_005763,Control,50.98,53.87,65.75,54.93,low,West,Mobile,Enterprise,12,0
CUST_005764,Control,109.11,106.19,95.4,102.91,medium,North,Desktop,Enterprise,1,1
CUST_005765,Treatment,101.13,88.91,97.41,108.69,low,North,Tablet,Enterprise,49,0
CUST_005766,Control,30.46,31.35,19.61,33.15,medium,West,Desktop,Basic,34,0
CUST_005767,Treatment,22.75,19.75,33.45,30.54,low,West,Desktop,Basic,11,0
CUST_005768,Treatment,119.79,122.27,123.78,126.98,medium,South,Desktop,Enterprise,19,0
CUST_005769,Control,75.77,67.58,78.66,57.16,medium,West,Desktop,Premium,6,0
CUST_005770,Treatment,12.83,30.33,24.47,37.45,medium,West,Desktop,Basic,12,0
CUST_005771,Treatment,21.43,33.1,35.16,39.54,low,East,Desktop,Premium,24,0
CUST_005772,Control,25.68,34.64,35.77,42.09,medium,South,Desktop,Basic,5,1
CUST_005773,Control,46.71,30.84,42.33,59.61,low,West,Tablet,Premium,10,0
CUST_005774,Treatment,58.39,63.69,76.87,95.15,high,East,Mobile,Basic,12,0
CUST_005775,Control,40.74,35.92,43.88,54.78,medium,South,Desktop,Premium,17,0
CUST_005776,Treatment,124.28,122.02,116.46,146.1,medium,East,Desktop,Enterprise,19,0
CUST_005777,Treatment,64.95,62.01,75.72,70.23,low,North,Mobile,Premium,13,0
CUST_005778,Treatment,32.87,27.3,38.26,39.58,medium,East,Mobile,Basic,11,0
CUST_005779,Treatment,25.69,42.78,36.98,41.94,medium,South,Desktop,Premium,12,0
CUST_005780,Treatment,15.92,17.07,6.19,7.77,low,North,Mobile,Basic,14,0
CUST_005781,Treatment,46.69,35.54,40.27,29.05,low,East,Desktop,Premium,16,0
CUST_005782,Control,25.03,19.25,8.1,9.29,low,East,Desktop,Basic,7,0
CUST_005783,Control,32.16,39.28,37.78,44.83,high,West,Desktop,Basic,8,0
CUST_005784,Control,46.26,50.68,52.28,61.16,high,South,Desktop,Basic,7,0
CUST_005785,Control,42.28,51.6,50.08,39.54,high,South,Mobile,Basic,1,1
CUST_005786,Treatment,41.57,55.54,34.35,55.41,high,West,Tablet,Basic,30,0
CUST_005787,Control,161.07,167.57,160.35,173.92,high,East,Mobile,Enterprise,4,1
CUST_005788,Control,43.87,49.4,54.08,64.28,medium,West,Desktop,Premium,4,1
CUST_005789,Control,33.73,38.8,45.97,37.99,low,North,Desktop,Premium,14,0
CUST_005790,Treatment,285.82,292.9,295.82,344.35,high,South,Mobile,Enterprise,22,0
CUST_005791,Control,54.89,62.53,68.95,48.07,high,North,Mobile,Basic,3,1
CUST_005792,Treatment,22.52,21.02,29.04,41.24,low,West,Mobile,Premium,31,0
CUST_005793,Control,31.39,17.08,24.08,20.79,low,South,Desktop,Basic,20,0
CUST_005794,Treatment,14.65,29.76,32.45,36.99,high,East,Desktop,Basic,37,0
CUST_005795,Treatment,37.5,22.39,35.02,43.09,medium,South,Mobile,Basic,20,0
CUST_005796,Treatment,29.97,30.08,32.15,46.83,medium,North,Tablet,Basic,32,0
CUST_005797,Control,58.0,53.27,51.51,72.54,medium,South,Mobile,Premium,5,1
CUST_005798,Control,19.7,17.53,13.33,21.03,low,North,Desktop,Basic,43,0
CUST_005799,Treatment,14.45,17.37,10.38,39.23,low,East,Desktop,Basic,33,0
CUST_005800,Control,48.26,37.49,50.45,47.96,low,East,Desktop,Premium,8,0
CUST_005801,Control,134.76,138.1,138.67,149.99,high,South,Tablet,Premium,2,1
CUST_005802,Treatment,48.19,31.13,41.16,33.2,low,West,Mobile,Premium,5,1
CUST_005803,Treatment,37.95,35.04,68.94,42.49,high,West,Tablet,Basic,13,0
CUST_005804,Treatment,33.31,50.32,31.2,48.02,low,South,Desktop,Premium,8,0
CUST_005805,Control,23.09,33.58,25.09,15.91,medium,North,Mobile,Basic,9,0
CUST_005806,Control,40.38,41.98,38.22,37.68,low,South,Desktop,Premium,12,0
CUST_005807,Control,59.95,54.16,70.04,56.52,medium,West,Mobile,Premium,41,0
CUST_005808,Control,113.99,118.61,118.55,119.19,medium,East,Desktop,Premium,9,0
CUST_005809,Control,113.14,107.31,96.6,111.42,medium,West,Desktop,Enterprise,1,1
CUST_005810,Control,23.56,15.77,27.99,40.9,medium,East,Desktop,Basic,3,1
CUST_005811,Treatment,147.63,143.22,152.83,164.6,medium,West,Desktop,Enterprise,52,0
CUST_005812,Treatment,141.3,117.74,152.43,165.38,medium,West,Desktop,Enterprise,22,0
CUST_005813,Treatment,30.76,25.48,28.56,19.45,medium,North,Tablet,Basic,11,0
CUST_005814,Control,19.18,9.74,14.91,25.73,low,North,Desktop,Basic,3,1
CUST_005815,Control,181.23,174.47,189.13,207.8,medium,North,Mobile,Enterprise,1,1
CUST_005816,Control,35.12,29.63,38.78,25.14,medium,North,Mobile,Basic,3,1
CUST_005817,Treatment,59.89,55.35,63.19,66.65,low,West,Mobile,Premium,6,0
CUST_005818,Treatment,80.93,62.24,59.9,70.61,medium,East,Desktop,Premium,1,1
CUST_005819,Control,70.05,76.52,67.59,81.72,medium,South,Desktop,Premium,17,0
CUST_005820,Treatment,205.66,219.25,202.57,239.47,high,West,Desktop,Enterprise,8,0
CUST_005821,Control,30.48,26.85,43.07,19.03,high,North,Desktop,Basic,1,1
CUST_005822,Treatment,91.56,86.27,85.3,96.88,high,West,Mobile,Premium,42,0
CUST_005823,Control,84.72,83.01,90.87,90.8,low,East,Mobile,Enterprise,19,0
CUST_005824,Treatment,91.23,97.49,98.23,123.21,high,East,Desktop,Premium,1,1
CUST_005825,Control,65.9,81.52,92.56,93.84,high,North,Mobile,Basic,6,0
CUST_005826,Treatment,211.99,200.7,216.36,235.49,high,West,Desktop,Enterprise,5,1
CUST_005827,Control,49.03,48.34,45.99,66.61,low,North,Desktop,Premium,4,1
CUST_005828,Treatment,10.21,15.97,17.43,22.96,low,South,Mobile,Basic,10,0
CUST_005829,Treatment,53.23,49.62,65.51,62.39,high,South,Mobile,Basic,5,1
CUST_005830,Treatment,31.56,32.97,34.7,37.7,medium,West,Desktop,Basic,7,0
CUST_005831,Treatment,57.8,79.3,65.02,62.67,low,North,Desktop,Enterprise,10,0
CUST_005832,Control,24.54,39.33,39.39,28.39,medium,East,Desktop,Basic,14,0
CUST_005833,Control,20.27,18.57,28.95,34.28,low,North,Desktop,Premium,5,1
CUST_005834,Control,22.83,26.41,21.59,24.53,medium,North,Mobile,Premium,8,0
CUST_005835,Control,59.24,56.67,64.41,64.28,medium,South,Tablet,Premium,1,1
CUST_005836,Treatment,39.82,33.16,33.73,30.7,low,North,Desktop,Premium,17,0
CUST_005837,Control,33.9,37.02,32.49,29.51,low,North,Desktop,Basic,15,0
CUST_005838,Control,110.87,127.05,113.85,125.67,medium,North,Desktop,Enterprise,8,0
CUST_005839,Control,24.18,30.46,31.28,38.13,medium,West,Mobile,Basic,4,1
CUST_005840,Control,54.76,53.64,70.11,45.83,medium,South,Desktop,Premium,4,1
CUST_005841,Control,46.66,43.12,42.42,48.03,low,South,Tablet,Premium,9,0
CUST_005842,Control,92.5,100.09,87.52,93.0,medium,East,Desktop,Premium,34,0
CUST_005843,Treatment,71.26,61.85,62.6,58.87,low,South,Desktop,Premium,27,0
CUST_005844,Treatment,91.99,103.6,99.52,119.87,medium,East,Mobile,Enterprise,31,0
CUST_005845,Treatment,61.39,69.97,68.75,70.59,medium,North,Mobile,Enterprise,5,1
CUST_005846,Control,12.64,26.23,13.49,17.23,low,South,Mobile,Basic,2,1
CUST_005847,Control,26.69,26.29,29.71,41.09,low,West,Tablet,Premium,6,0
CUST_005848,Control,53.87,58.34,65.96,67.98,high,South,Mobile,Premium,13,0
CUST_005849,Control,105.91,116.65,117.51,113.21,medium,South,Desktop,Premium,1,1
CUST_005850,Treatment,48.1,54.46,44.92,57.47,low,North,Mobile,Premium,1,1
CUST_005851,Control,87.92,73.92,85.95,81.16,high,North,Desktop,Premium,11,0
CUST_005852,Treatment,53.0,57.62,47.07,52.31,low,North,Mobile,Premium,2,1
CUST_005853,Control,84.57,74.6,78.98,71.57,high,East,Desktop,Premium,52,0
CUST_005854,Control,52.38,32.84,53.62,56.28,medium,West,Mobile,Premium,40,0
CUST_005855,Control,64.98,56.92,42.97,56.54,low,West,Mobile,Premium,1,1
CUST_005856,Control,41.15,30.76,35.69,44.89,low,East,Desktop,Premium,9,0
CUST_005857,Control,10.1,17.54,19.33,11.67,low,East,Mobile,Basic,40,0
CUST_005858,Treatment,107.41,111.32,111.17,144.75,high,West,Mobile,Premium,5,1
CUST_005859,Control,27.21,44.12,48.95,45.89,medium,West,Desktop,Basic,8,0
CUST_005860,Treatment,34.71,26.29,20.96,41.22,low,East,Desktop,Premium,1,1
CUST_005861,Control,30.91,23.13,4.05,27.74,low,West,Mobile,Basic,31,0
CUST_005862,Control,31.41,24.98,21.06,19.71,medium,South,Tablet,Basic,4,1
CUST_005863,Control,38.66,41.3,42.19,25.64,low,South,Desktop,Basic,34,0
CUST_005864,Control,24.57,21.43,22.68,24.23,low,East,Mobile,Basic,6,0
CUST_005865,Control,145.04,150.83,164.34,163.56,medium,West,Desktop,Enterprise,14,0
CUST_005866,Treatment,47.17,55.74,48.46,68.01,high,West,Desktop,Basic,8,0
CUST_005867,Control,41.76,49.3,43.4,58.42,high,North,Tablet,Basic,1,1
CUST_005868,Treatment,62.8,26.88,33.89,39.23,low,West,Desktop,Premium,12,0
CUST_005869,Control,115.3,118.49,122.27,128.24,medium,North,Mobile,Enterprise,3,1
CUST_005870,Treatment,66.53,56.01,56.37,76.77,medium,West,Desktop,Premium,2,1
CUST_005871,Control,19.19,48.9,26.44,51.58,high,East,Tablet,Basic,11,0
CUST_005872,Treatment,122.64,118.51,120.49,129.93,medium,West,Mobile,Enterprise,17,0
CUST_005873,Control,48.67,52.11,41.45,51.97,high,West,Desktop,Basic,19,0
CUST_005874,Control,28.92,28.58,6.32,20.02,low,South,Desktop,Basic,2,1
CUST_005875,Control,35.66,26.76,25.03,43.92,medium,East,Desktop,Basic,15,0
CUST_005876,Treatment,42.46,23.83,47.83,30.9,medium,East,Mobile,Basic,2,1
CUST_005877,Treatment,150.52,156.79,148.4,167.41,low,South,Desktop,Enterprise,10,0
CUST_005878,Treatment,26.64,41.83,28.13,27.3,low,West,Mobile,Basic,12,0
CUST_005879,Treatment,15.86,20.93,19.63,42.02,low,West,Mobile,Basic,32,0
CUST_005880,Treatment,30.36,33.46,41.04,23.03,medium,East,Mobile,Basic,6,0
CUST_005881,Treatment,102.44,91.83,89.03,101.7,medium,West,Desktop,Premium,16,0
CUST_005882,Control,55.09,60.73,48.67,55.12,low,North,Mobile,Premium,13,0
CUST_005883,Treatment,181.12,190.4,193.23,222.04,medium,North,Desktop,Enterprise,23,0
CUST_005884,Control,25.51,29.38,26.95,30.89,medium,East,Mobile,Basic,26,0
CUST_005885,Control,37.2,19.44,44.75,18.36,medium,East,Desktop,Basic,1,1
CUST_005886,Control,106.37,107.22,124.65,123.9,high,North,Desktop,Premium,12,0
CUST_005887,Treatment,15.8,14.64,22.84,31.12,medium,East,Desktop,Basic,12,0
CUST_005888,Control,112.59,126.1,125.27,127.02,high,East,Tablet,Premium,18,0
CUST_005889,Control,95.57,83.07,97.21,105.8,low,East,Mobile,Enterprise,11,0
CUST_005890,Control,46.44,55.67,47.46,47.39,low,West,Mobile,Premium,23,0
CUST_005891,Control,22.44,14.46,17.95,22.23,low,East,Mobile,Basic,9,0
CUST_005892,Control,29.55,30.45,41.48,36.94,low,East,Desktop,Premium,1,1
CUST_005893,Control,24.7,6.76,23.29,36.38,medium,West,Desktop,Basic,2,1
CUST_005894,Control,27.37,30.38,23.71,16.43,medium,West,Desktop,Basic,31,0
CUST_005895,Control,23.42,28.92,33.13,40.45,low,East,Desktop,Basic,14,0
CUST_005896,Control,49.78,36.73,49.47,35.05,low,East,Mobile,Premium,24,0
CUST_005897,Control,30.53,34.0,20.06,28.24,medium,South,Tablet,Basic,1,1
CUST_005898,Control,49.59,76.83,72.03,61.82,medium,West,Desktop,Premium,3,1
CUST_005899,Control,67.01,67.85,58.1,66.03,high,West,Tablet,Basic,20,0
CUST_005900,Treatment,15.39,16.74,10.09,18.45,low,West,Desktop,Basic,49,0
CUST_005901,Treatment,44.71,41.52,56.07,58.36,high,East,Desktop,Basic,14,0
CUST_005902,Treatment,36.73,16.61,34.91,31.47,medium,South,Desktop,Basic,1,1
CUST_005903,Control,63.86,66.25,66.85,85.23,medium,West,Desktop,Premium,1,1
CUST_005904,Treatment,43.56,43.31,35.7,33.77,medium,North,Mobile,Basic,7,0
CUST_005905,Control,17.13,26.63,49.92,36.99,medium,East,Tablet,Basic,7,0
CUST_005906,Control,31.62,37.47,53.45,39.19,medium,East,Mobile,Basic,1,1
CUST_005907,Treatment,64.13,85.86,85.31,81.09,high,South,Mobile,Premium,1,1
CUST_005908,Control,43.8,54.37,54.46,67.05,high,East,Tablet,Basic,9,0
CUST_005909,Control,48.18,41.25,41.57,54.98,medium,East,Mobile,Basic,10,0
CUST_005910,Control,31.56,30.69,26.42,38.77,medium,South,Tablet,Basic,3,1
CUST_005911,Control,50.91,30.49,63.15,44.95,medium,East,Mobile,Basic,5,1
CUST_005912,Control,24.78,21.66,36.4,23.25,medium,South,Mobile,Basic,2,1
CUST_005913,Treatment,9.99,32.35,4.55,10.83,low,South,Mobile,Basic,2,1
CUST_005914,Control,139.5,144.04,160.37,155.44,medium,West,Tablet,Enterprise,25,0
CUST_005915,Treatment,24.1,28.21,27.39,32.67,medium,East,Desktop,Basic,13,0
CUST_005916,Control,50.98,46.64,51.55,55.39,low,South,Desktop,Premium,1,1
CUST_005917,Treatment,84.32,72.07,88.02,77.9,medium,North,Mobile,Premium,8,0
CUST_005918,Control,98.47,89.78,92.49,83.57,medium,North,Desktop,Enterprise,29,0
CUST_005919,Treatment,60.8,42.83,68.8,63.77,medium,East,Mobile,Premium,5,1
CUST_005920,Control,30.36,35.92,19.17,38.52,medium,West,Desktop,Basic,18,0
CUST_005921,Treatment,133.97,129.61,127.19,169.73,high,East,Desktop,Premium,11,0
CUST_005922,Treatment,58.51,41.24,65.54,51.54,high,West,Desktop,Basic,13,0
CUST_005923,Control,146.13,156.66,141.43,150.41,high,North,Desktop,Premium,12,0
CUST_005924,Control,35.26,23.06,32.37,18.81,low,West,Desktop,Basic,5,1
CUST_005925,Treatment,97.05,113.18,109.18,133.39,high,South,Desktop,Premium,2,1
CUST_005926,Treatment,88.74,97.35,99.88,93.08,medium,South,Tablet,Enterprise,42,0
CUST_005927,Control,78.89,72.83,58.9,66.33,medium,West,Mobile,Premium,8,0
CUST_005928,Treatment,140.38,118.6,132.62,147.67,low,West,Tablet,Enterprise,1,1
CUST_005929,Control,128.66,124.13,145.8,133.95,low,East,Desktop,Enterprise,14,0
CUST_005930,Treatment,26.75,28.48,7.92,28.51,medium,West,Desktop,Basic,31,0
CUST_005931,Control,49.02,43.76,39.42,42.97,low,East,Mobile,Basic,6,0
CUST_005932,Treatment,48.36,32.95,51.35,46.15,medium,West,Mobile,Basic,14,0
CUST_005933,Treatment,67.93,92.68,95.09,83.37,low,West,Mobile,Enterprise,17,0
CUST_005934,Control,45.27,47.46,41.91,41.47,low,West,Mobile,Premium,10,0
CUST_005935,Control,24.14,22.89,33.38,13.49,low,South,Mobile,Basic,1,1
CUST_005936,Control,38.94,40.77,44.44,39.7,low,East,Desktop,Premium,29,0
CUST_005937,Treatment,99.61,97.89,90.35,137.0,medium,East,Desktop,Premium,12,0
CUST_005938,Treatment,35.36,24.32,24.05,29.29,low,North,Desktop,Basic,7,0
CUST_005939,Treatment,43.82,31.8,32.5,32.63,low,North,Mobile,Premium,18,0
CUST_005940,Treatment,26.85,18.16,22.29,18.52,low,South,Desktop,Premium,12,0
CUST_005941,Treatment,17.87,38.7,31.67,15.51,low,East,Mobile,Premium,17,0
CUST_005942,Control,47.58,35.51,54.83,59.19,high,East,Desktop,Basic,16,0
CUST_005943,Treatment,29.96,19.51,49.55,62.37,medium,East,Mobile,Basic,31,0
CUST_005944,Control,1.17,24.16,10.01,21.68,low,West,Desktop,Basic,3,1
CUST_005945,Treatment,21.02,34.29,37.1,25.52,medium,South,Mobile,Basic,6,0
CUST_005946,Control,38.05,15.66,43.69,22.41,low,North,Tablet,Basic,13,0
CUST_005947,Control,31.43,25.82,31.55,58.81,high,West,Tablet,Basic,3,1
CUST_005948,Treatment,17.57,22.64,32.28,43.95,low,East,Desktop,Basic,20,0
CUST_005949,Treatment,35.09,28.19,42.48,31.42,medium,East,Mobile,Basic,2,1
CUST_005950,Treatment,31.22,16.81,13.85,26.72,low,West,Mobile,Basic,2,1
CUST_005951,Control,116.21,118.66,132.37,121.67,medium,East,Tablet,Enterprise,20,0
CUST_005952,Control,99.5,119.93,118.58,121.95,medium,West,Desktop,Enterprise,5,1
CUST_005953,Treatment,41.15,54.01,52.62,63.07,medium,South,Desktop,Premium,17,0
CUST_005954,Treatment,22.86,26.79,42.54,31.13,medium,South,Mobile,Premium,20,0
CUST_005955,Control,37.5,27.26,41.38,29.99,medium,East,Mobile,Basic,10,0
CUST_005956,Control,51.92,68.5,63.15,68.04,medium,East,Mobile,Premium,1,1
CUST_005957,Treatment,37.34,42.65,35.62,37.24,low,North,Desktop,Premium,7,0
CUST_005958,Control,59.92,60.21,67.74,58.12,high,East,Desktop,Basic,5,1
CUST_005959,Control,14.22,24.36,24.84,14.4,low,East,Mobile,Premium,6,0
CUST_005960,Control,21.28,16.47,36.92,28.78,medium,West,Mobile,Basic,6,0
CUST_005961,Treatment,142.35,157.49,167.41,193.36,medium,West,Desktop,Enterprise,32,0
CUST_005962,Control,67.44,68.08,85.9,74.12,high,West,Mobile,Premium,16,0
CUST_005963,Treatment,36.58,69.62,62.98,73.59,medium,East,Desktop,Basic,26,0
CUST_005964,Control,33.24,38.12,36.62,38.81,medium,North,Desktop,Basic,3,1
CUST_005965,Control,137.89,155.51,155.87,169.84,low,West,Desktop,Enterprise,39,0
CUST_005966,Treatment,165.0,173.73,160.93,182.39,high,North,Mobile,Enterprise,9,0
CUST_005967,Treatment,21.61,16.77,26.26,10.43,low,West,Tablet,Basic,19,0
CUST_005968,Treatment,62.08,68.27,59.09,78.58,low,East,Mobile,Premium,6,0
CUST_005969,Control,3.71,19.7,17.94,11.57,low,East,Desktop,Basic,1,1
CUST_005970,Control,1.9,14.11,14.57,15.81,low,South,Desktop,Basic,21,0
CUST_005971,Control,63.67,43.34,58.03,57.28,low,East,Desktop,Enterprise,28,0
CUST_005972,Treatment,54.98,38.27,67.27,54.99,medium,West,Mobile,Premium,37,0
CUST_005973,Control,52.47,58.01,69.96,64.41,low,West,Mobile,Premium,14,0
CUST_005974,Control,35.55,36.0,48.96,41.94,high,East,Mobile,Basic,1,1
CUST_005975,Control,49.08,56.58,60.49,87.5,medium,West,Desktop,Premium,1,1
CUST_005976,Treatment,192.46,181.72,201.03,218.19,high,East,Mobile,Enterprise,8,0
CUST_005977,Treatment,34.37,21.98,31.56,40.46,low,East,Tablet,Premium,23,0
CUST_005978,Treatment,41.38,32.99,34.01,36.83,medium,West,Mobile,Basic,3,1
CUST_005979,Control,31.05,13.06,10.41,13.82,medium,West,Desktop,Basic,17,0
CUST_005980,Control,54.1,59.67,45.82,56.77,medium,East,Mobile,Basic,3,1
CUST_005981,Control,43.2,48.98,47.03,61.47,low,East,Desktop,Premium,5,1
CUST_005982,Treatment,37.73,45.87,29.92,34.87,low,South,Desktop,Premium,4,1
CUST_005983,Treatment,47.63,48.54,54.37,41.95,low,West,Mobile,Premium,7,0
CUST_005984,Control,39.41,29.56,38.17,35.87,medium,West,Desktop,Basic,24,0
CUST_005985,Control,93.41,103.62,96.91,88.67,high,East,Desktop,Premium,2,1
CUST_005986,Control,45.3,39.57,48.64,29.6,high,North,Desktop,Basic,14,0
CUST_005987,Control,50.3,58.48,49.91,53.43,medium,South,Desktop,Basic,5,1
CUST_005988,Control,96.77,113.55,117.34,125.05,high,West,Desktop,Enterprise,13,0
CUST_005989,Treatment,28.71,37.28,12.04,36.26,low,East,Mobile,Premium,25,0
CUST_005990,Treatment,109.92,121.15,120.78,129.63,medium,East,Desktop,Enterprise,1,1
CUST_005991,Treatment,50.87,46.88,26.46,26.77,medium,North,Mobile,Premium,1,1
CUST_005992,Treatment,80.14,58.56,74.77,80.9,high,East,Desktop,Basic,19,0
CUST_005993,Control,49.18,78.44,70.45,68.82,high,West,Desktop,Premium,7,0
CUST_005994,Treatment,78.38,75.5,88.2,84.76,low,West,Mobile,Enterprise,17,0
CUST_005995,Treatment,19.31,15.84,19.17,28.3,medium,West,Desktop,Basic,12,0
CUST_005996,Control,27.41,31.98,30.78,32.65,medium,West,Mobile,Basic,2,1
CUST_005997,Treatment,42.76,50.7,29.59,50.14,medium,North,Mobile,Premium,13,0
CUST_005998,Control,57.34,71.49,89.19,75.27,medium,West,Mobile,Premium,48,0
CUST_005999,Control,21.63,39.18,40.76,45.78,medium,East,Desktop,Premium,3,1
CUST_006000,Control,59.58,68.21,69.46,56.23,low,South,Mobile,Enterprise,60,0
CUST_006001,Control,71.64,77.8,94.18,92.52,medium,East,Mobile,Premium,2,1
CUST_006002,Treatment,162.17,171.02,180.92,201.63,high,North,Desktop,Enterprise,25,0
CUST_006003,Control,10.5,22.68,12.39,32.44,low,East,Desktop,Basic,1,1
CUST_006004,Treatment,96.99,111.97,128.46,122.27,low,East,Mobile,Enterprise,5,1
CUST_006005,Control,56.32,67.26,70.47,58.35,medium,West,Desktop,Premium,31,0
CUST_006006,Treatment,177.24,188.12,190.63,221.92,high,East,Desktop,Premium,23,0
CUST_006007,Control,54.28,58.7,45.18,46.75,medium,East,Desktop,Basic,1,1
CUST_006008,Control,60.31,67.65,76.08,72.64,high,South,Tablet,Basic,10,0
CUST_006009,Treatment,32.44,33.83,41.18,30.27,low,East,Mobile,Premium,16,0
CUST_006010,Control,43.43,35.73,52.94,60.51,medium,North,Desktop,Premium,3,1
CUST_006011,Control,33.32,38.56,39.54,17.22,medium,West,Tablet,Premium,60,0
CUST_006012,Control,86.04,78.08,81.58,107.29,low,East,Desktop,Enterprise,24,0
CUST_006013,Control,21.94,38.82,30.42,40.27,medium,West,Mobile,Basic,5,1
CUST_006014,Control,75.11,94.3,80.35,82.17,low,West,Desktop,Enterprise,5,1
CUST_006015,Control,114.93,123.32,119.8,135.05,low,West,Desktop,Enterprise,3,1
CUST_006016,Treatment,136.4,132.11,131.5,158.31,medium,West,Mobile,Enterprise,20,0
CUST_006017,Treatment,165.57,175.94,169.39,186.66,medium,North,Desktop,Enterprise,31,0
CUST_006018,Treatment,54.89,64.03,67.6,77.84,medium,North,Desktop,Premium,5,1
CUST_006019,Treatment,79.06,70.38,88.19,114.07,high,West,Mobile,Premium,4,1
CUST_006020,Control,87.63,82.57,91.23,108.81,high,South,Desktop,Premium,42,0
CUST_006021,Control,133.9,142.33,136.27,140.33,medium,West,Desktop,Enterprise,26,0
CUST_006022,Control,75.8,86.04,90.1,93.8,medium,South,Mobile,Premium,1,1
CUST_006023,Control,117.8,130.36,138.06,140.49,high,West,Desktop,Premium,3,1
CUST_006024,Treatment,85.73,50.71,67.01,87.2,medium,South,Desktop,Premium,12,0
CUST_006025,Treatment,26.55,41.96,31.44,32.54,medium,West,Tablet,Basic,1,1
CUST_006026,Treatment,46.73,25.39,36.02,27.32,medium,South,Desktop,Basic,51,0
CUST_006027,Control,318.48,327.34,349.07,342.86,high,East,Desktop,Enterprise,11,0
CUST_006028,Control,13.92,15.51,9.41,10.38,low,East,Mobile,Basic,26,0
CUST_006029,Control,47.25,15.26,37.08,30.67,medium,East,Mobile,Basic,16,0
CUST_006030,Control,12.75,24.07,21.82,19.26,medium,South,Mobile,Basic,2,1
CUST_006031,Control,194.18,170.13,197.92,209.98,high,East,Desktop,Enterprise,7,0
CUST_006032,Treatment,81.26,87.87,91.24,85.41,medium,North,Mobile,Premium,2,1
CUST_006033,Treatment,38.7,34.18,37.47,29.82,medium,West,Mobile,Basic,2,1
CUST_006034,Treatment,91.48,74.26,95.17,89.21,high,South,Desktop,Premium,6,0
CUST_006035,Treatment,15.84,34.46,25.18,40.8,high,North,Tablet,Basic,5,1
CUST_006036,Treatment,121.91,113.48,108.2,112.83,low,East,Mobile,Enterprise,8,0
CUST_006037,Treatment,0.0,20.33,28.62,13.8,low,West,Desktop,Basic,5,1
CUST_006038,Treatment,71.24,71.34,77.3,75.04,low,West,Desktop,Enterprise,24,0
CUST_006039,Treatment,53.0,44.25,40.73,64.11,high,East,Tablet,Premium,4,1
CUST_006040,Control,27.06,24.95,38.12,29.78,low,West,Mobile,Basic,5,1
CUST_006041,Control,39.19,56.09,42.75,62.01,medium,North,Desktop,Premium,19,0
CUST_006042,Control,172.97,167.66,172.71,174.54,low,East,Mobile,Enterprise,5,1
CUST_006043,Control,39.06,33.35,44.72,55.26,medium,East,Desktop,Basic,1,1
CUST_006044,Control,22.8,29.68,26.63,34.82,high,West,Desktop,Basic,9,0
CUST_006045,Control,64.2,80.06,86.26,79.18,low,South,Desktop,Enterprise,5,1
CUST_006046,Control,63.64,38.62,59.98,53.03,low,West,Mobile,Premium,15,0
CUST_006047,Treatment,3.49,17.93,10.69,16.72,low,South,Desktop,Basic,1,1
CUST_006048,Treatment,101.24,113.46,97.64,137.17,medium,South,Desktop,Enterprise,6,0
CUST_006049,Treatment,84.67,97.17,94.41,116.09,high,East,Mobile,Premium,18,0
CUST_006050,Treatment,60.82,47.75,55.52,73.55,low,West,Mobile,Premium,10,0
CUST_006051,Control,63.71,54.88,61.7,62.97,low,North,Tablet,Premium,2,1
CUST_006052,Control,64.48,54.74,48.09,61.92,medium,North,Desktop,Basic,1,1
CUST_006053,Treatment,70.57,78.26,63.34,60.09,medium,South,Desktop,Premium,10,0
CUST_006054,Treatment,0.0,10.36,23.93,20.7,low,South,Desktop,Basic,8,0
CUST_006055,Control,10.34,9.11,13.87,0.0,low,North,Mobile,Basic,25,0
CUST_006056,Treatment,108.52,104.66,100.72,116.89,medium,North,Desktop,Enterprise,11,0
CUST_006057,Treatment,52.26,64.57,69.35,63.46,medium,South,Mobile,Premium,37,0
CUST_006058,Treatment,22.92,21.97,41.1,22.55,low,East,Mobile,Basic,1,1
CUST_006059,Treatment,31.83,37.35,42.85,48.19,medium,East,Desktop,Basic,12,0
CUST_006060,Treatment,104.39,111.51,100.3,122.45,medium,West,Desktop,Enterprise,33,0
CUST_006061,Control,58.98,71.44,61.34,74.51,low,West,Desktop,Premium,27,0
CUST_006062,Treatment,32.85,43.85,38.59,51.24,low,North,Mobile,Basic,1,1
CUST_006063,Treatment,146.13,148.62,163.29,168.1,medium,South,Desktop,Enterprise,17,0
CUST_006064,Treatment,13.27,32.67,26.35,24.41,low,East,Mobile,Basic,12,0
CUST_006065,Control,76.09,98.36,96.56,107.13,medium,East,Mobile,Enterprise,13,0
CUST_006066,Treatment,56.2,48.43,51.91,72.39,high,West,Mobile,Basic,5,1
CUST_006067,Treatment,79.98,70.13,71.32,85.95,medium,North,Mobile,Premium,3,1
CUST_006068,Treatment,13.81,21.06,19.66,21.85,low,East,Desktop,Basic,1,1
CUST_006069,Control,17.26,30.02,24.6,30.58,medium,West,Desktop,Basic,34,0
CUST_006070,Treatment,26.83,49.15,62.75,70.9,medium,North,Mobile,Premium,23,0
CUST_006071,Control,64.44,72.48,84.46,66.4,medium,East,Desktop,Premium,3,1
CUST_006072,Treatment,23.36,30.13,24.49,19.59,low,North,Desktop,Basic,6,0
CUST_006073,Control,17.79,21.1,13.83,29.35,medium,East,Desktop,Basic,37,0
CUST_006074,Control,49.32,59.87,55.32,48.72,medium,South,Tablet,Premium,4,1
CUST_006075,Control,52.08,58.32,50.96,51.66,medium,South,Mobile,Basic,2,1
CUST_006076,Treatment,18.62,22.67,42.29,32.26,low,West,Desktop,Basic,1,1
CUST_006077,Control,72.2,83.31,72.54,83.86,medium,East,Desktop,Premium,52,0
CUST_006078,Treatment,13.86,24.16,33.63,31.67,medium,South,Desktop,Basic,16,0
CUST_006079,Control,73.5,95.0,76.6,90.02,medium,South,Desktop,Premium,3,1
CUST_006080,Control,33.81,46.75,41.39,43.99,medium,North,Desktop,Premium,60,0
CUST_006081,Treatment,150.89,162.27,168.71,192.81,high,West,Desktop,Enterprise,1,1
CUST_006082,Control,69.43,54.06,51.21,42.8,medium,South,Mobile,Premium,1,1
CUST_006083,Control,92.56,87.44,83.51,97.05,low,East,Desktop,Enterprise,36,0
CUST_006084,Control,142.98,150.52,130.07,142.95,high,East,Tablet,Premium,20,0
CUST_006085,Control,95.4,84.79,99.2,100.88,high,East,Tablet,Premium,2,1
CUST_006086,Treatment,52.72,52.67,48.42,78.21,medium,East,Mobile,Basic,3,1
CUST_006087,Treatment,54.06,58.2,64.14,73.48,medium,East,Desktop,Premium,5,1
CUST_006088,Treatment,15.62,24.87,39.95,34.5,low,East,Mobile,Basic,1,1
CUST_006089,Control,43.67,31.16,47.51,43.59,high,East,Desktop,Basic,14,0
CUST_006090,Control,75.7,60.81,61.2,66.08,medium,West,Desktop,Premium,9,0
CUST_006091,Treatment,40.66,37.16,36.09,47.2,medium,West,Tablet,Basic,45,0
CUST_006092,Control,47.55,34.09,30.41,35.95,medium,West,Desktop,Basic,3,1
CUST_006093,Control,22.71,28.29,39.77,25.1,medium,North,Mobile,Basic,34,0
CUST_006094,Control,65.16,59.21,55.52,44.56,low,North,Mobile,Premium,35,0
CUST_006095,Treatment,30.82,22.41,7.56,32.68,medium,West,Mobile,Basic,19,0
CUST_006096,Control,58.68,48.19,69.77,65.73,medium,East,Desktop,Premium,20,0
CUST_006097,Control,12.67,11.93,29.93,28.75,medium,South,Desktop,Basic,10,0
CUST_006098,Control,121.62,124.6,131.01,130.96,medium,North,Desktop,Enterprise,7,0
CUST_006099,Treatment,44.05,47.15,56.21,42.23,medium,North,Mobile,Basic,27,0
CUST_006100,Control,84.41,82.76,100.17,91.78,high,North,Desktop,Premium,10,0
CUST_006101,Control,57.2,43.2,28.35,34.4,low,North,Mobile,Premium,45,0
CUST_006102,Treatment,26.23,33.36,31.66,56.12,medium,South,Desktop,Basic,17,0
CUST_006103,Control,31.94,25.36,36.98,47.3,medium,South,Desktop,Basic,6,0
CUST_006104,Treatment,11.6,20.42,23.78,20.17,low,West,Desktop,Basic,2,1
CUST_006105,Treatment,173.94,165.07,174.66,194.41,medium,North,Desktop,Enterprise,1,1
CUST_006106,Treatment,39.23,15.73,17.2,21.44,medium,North,Mobile,Basic,15,0
CUST_006107,Treatment,31.21,25.58,42.93,23.17,low,West,Mobile,Basic,28,0
CUST_006108,Treatment,41.47,37.99,37.35,49.55,low,West,Mobile,Basic,3,1
CUST_006109,Control,31.4,7.54,13.9,7.12,low,South,Tablet,Basic,6,0
CUST_006110,Control,58.9,69.36,70.05,51.62,high,West,Mobile,Premium,1,1
CUST_006111,Control,24.82,26.86,22.93,32.46,high,North,Desktop,Basic,7,0
CUST_006112,Treatment,52.15,63.6,55.56,51.07,medium,South,Desktop,Premium,1,1
CUST_006113,Control,149.47,147.2,166.39,142.59,medium,South,Tablet,Premium,5,1
CUST_006114,Control,39.14,30.4,42.02,44.43,medium,South,Desktop,Basic,12,0
CUST_006115,Treatment,34.44,26.73,15.01,29.29,low,West,Mobile,Basic,19,0
CUST_006116,Control,41.24,53.66,57.61,58.31,high,West,Mobile,Basic,6,0
CUST_006117,Treatment,22.8,33.61,31.56,44.0,high,East,Mobile,Basic,22,0
CUST_006118,Treatment,95.69,89.16,100.74,115.46,high,East,Mobile,Premium,8,0
CUST_006119,Treatment,20.56,30.67,6.58,22.23,low,East,Mobile,Basic,18,0
CUST_006120,Control,28.33,29.46,36.71,36.04,medium,South,Desktop,Basic,14,0
CUST_006121,Control,14.93,6.79,17.79,25.97,low,South,Desktop,Basic,8,0
CUST_006122,Control,25.04,13.92,12.64,29.41,low,North,Mobile,Basic,16,0
CUST_006123,Control,49.34,54.58,64.34,59.05,medium,South,Desktop,Basic,31,0
CUST_006124,Treatment,17.71,28.57,23.33,33.1,low,West,Tablet,Premium,33,0
CUST_006125,Treatment,43.68,66.16,55.43,48.57,low,North,Mobile,Premium,43,0
CUST_006126,Treatment,72.61,63.7,76.7,83.02,high,West,Desktop,Premium,10,0
CUST_006127,Treatment,128.22,101.76,106.56,120.42,medium,West,Mobile,Premium,30,0
CUST_006128,Control,45.42,46.19,58.85,47.04,high,South,Desktop,Basic,2,1
CUST_006129,Treatment,105.37,98.5,120.06,118.01,low,South,Mobile,Enterprise,27,0
CUST_006130,Treatment,81.41,75.05,74.66,64.73,medium,East,Tablet,Premium,34,0
CUST_006131,Treatment,35.11,36.35,38.69,26.86,medium,East,Desktop,Basic,5,1
CUST_006132,Treatment,61.95,63.14,52.34,60.67,medium,East,Mobile,Premium,5,1
CUST_006133,Treatment,19.99,24.19,17.61,21.37,low,North,Tablet,Basic,11,0
CUST_006134,Control,82.72,61.54,72.48,60.11,high,South,Mobile,Premium,1,1
CUST_006135,Control,137.98,150.07,150.64,157.6,high,East,Mobile,Premium,12,0
CUST_006136,Treatment,171.74,202.49,181.72,231.52,high,East,Mobile,Enterprise,1,1
CUST_006137,Control,57.95,54.96,63.57,54.32,medium,South,Mobile,Basic,10,0
CUST_006138,Control,9.25,29.45,35.79,12.65,medium,West,Desktop,Basic,1,1
CUST_006139,Control,35.87,49.74,48.54,43.55,high,East,Desktop,Basic,8,0
CUST_006140,Treatment,27.1,24.99,25.35,16.48,low,East,Desktop,Basic,34,0
CUST_006141,Treatment,63.93,53.94,47.1,81.46,low,North,Tablet,Premium,20,0
CUST_006142,Treatment,41.2,47.39,39.98,56.46,medium,North,Mobile,Basic,11,0
CUST_006143,Control,53.79,56.61,52.22,60.21,medium,West,Mobile,Basic,7,0
CUST_006144,Control,14.24,34.91,31.6,30.84,low,East,Desktop,Basic,1,1
CUST_006145,Treatment,40.13,62.38,59.67,54.67,medium,South,Mobile,Premium,18,0
CUST_006146,Control,38.46,30.25,45.43,33.87,medium,West,Desktop,Basic,1,1
CUST_006147,Control,62.47,64.94,59.94,68.11,medium,North,Desktop,Premium,42,0
CUST_006148,Treatment,25.3,3.02,6.5,31.27,medium,North,Desktop,Basic,8,0
CUST_006149,Treatment,46.21,37.69,29.89,58.62,medium,East,Desktop,Basic,5,1
CUST_006150,Control,76.58,83.12,83.97,79.8,medium,East,Desktop,Premium,14,0
CUST_006151,Treatment,56.42,54.84,54.09,82.67,medium,East,Desktop,Premium,14,0
CUST_006152,Control,42.42,61.02,41.44,50.44,high,East,Desktop,Basic,19,0
CUST_006153,Treatment,199.24,203.75,203.14,229.05,high,South,Mobile,Enterprise,20,0
CUST_006154,Treatment,84.06,72.66,94.61,85.27,low,North,Desktop,Enterprise,1,1
CUST_006155,Control,90.26,95.56,93.87,84.72,low,South,Mobile,Enterprise,30,0
CUST_006156,Treatment,71.62,73.53,92.37,94.99,high,West,Mobile,Enterprise,7,0
CUST_006157,Control,50.91,41.52,46.16,46.43,low,North,Desktop,Premium,7,0
CUST_006158,Control,58.42,71.74,71.85,68.22,low,North,Mobile,Premium,35,0
CUST_006159,Treatment,16.15,28.51,26.33,21.31,low,South,Tablet,Basic,34,0
CUST_006160,Control,88.24,101.66,96.0,102.42,medium,North,Mobile,Enterprise,17,0
CUST_006161,Control,59.72,50.23,70.65,57.78,medium,East,Mobile,Premium,1,1
CUST_006162,Control,38.91,44.84,59.38,44.6,low,West,Mobile,Premium,1,1
CUST_006163,Treatment,77.05,79.44,87.42,99.5,high,North,Tablet,Premium,19,0
CUST_006164,Control,50.91,52.08,41.33,61.24,medium,West,Mobile,Enterprise,31,0
CUST_006165,Control,37.61,24.51,26.55,48.05,low,North,Mobile,Basic,17,0
CUST_006166,Treatment,51.22,45.69,36.62,49.24,medium,East,Desktop,Basic,5,1
CUST_006167,Control,53.7,35.25,56.55,42.92,high,East,Desktop,Premium,1,1
CUST_006168,Control,19.83,44.28,19.74,30.94,medium,North,Mobile,Basic,3,1
CUST_006169,Control,39.38,44.59,44.37,51.53,medium,East,Desktop,Basic,5,1
CUST_006170,Treatment,35.6,42.09,58.33,39.47,high,West,Desktop,Basic,10,0
CUST_006171,Control,163.77,177.28,180.29,181.24,low,North,Tablet,Enterprise,2,1
CUST_006172,Treatment,106.94,107.93,122.71,118.66,medium,West,Mobile,Enterprise,1,1
CUST_006173,Treatment,71.48,58.82,81.99,90.9,medium,East,Mobile,Premium,2,1
CUST_006174,Treatment,50.95,41.27,48.95,42.96,medium,South,Desktop,Premium,21,0
CUST_006175,Control,122.34,130.98,140.01,123.46,high,North,Desktop,Enterprise,8,0
CUST_006176,Control,33.88,18.48,39.74,37.88,low,East,Desktop,Basic,7,0
CUST_006177,Treatment,11.83,25.34,13.06,9.99,medium,East,Mobile,Basic,19,0
CUST_006178,Control,55.42,60.32,45.1,85.62,medium,East,Desktop,Premium,1,1
CUST_006179,Control,67.82,53.72,79.25,84.58,low,South,Desktop,Premium,21,0
CUST_006180,Treatment,32.53,33.81,24.87,24.33,medium,North,Mobile,Basic,7,0
CUST_006181,Treatment,39.67,43.3,37.16,48.06,medium,East,Mobile,Basic,11,0
CUST_006182,Treatment,60.55,52.93,49.51,59.59,medium,South,Desktop,Premium,1,1
CUST_006183,Treatment,26.99,29.99,22.61,45.77,low,East,Desktop,Premium,13,0
CUST_006184,Treatment,39.51,50.45,33.43,37.24,low,North,Mobile,Basic,20,0
CUST_006185,Treatment,6.19,22.01,21.17,9.03,low,North,Desktop,Basic,10,0
CUST_006186,Treatment,97.02,110.29,125.81,125.84,high,West,Desktop,Premium,1,1
CUST_006187,Control,32.64,33.43,32.66,38.31,medium,North,Mobile,Basic,2,1
CUST_006188,Treatment,9.14,30.4,31.64,33.99,medium,West,Desktop,Basic,48,0
CUST_006189,Treatment,17.94,39.67,29.46,14.0,medium,South,Mobile,Basic,5,1
CUST_006190,Control,41.94,25.46,32.21,33.61,medium,West,Desktop,Premium,46,0
CUST_006191,Control,19.54,32.18,23.33,32.7,low,North,Mobile,Basic,2,1
CUST_006192,Treatment,56.96,57.83,52.65,63.49,high,West,Mobile,Basic,3,1
CUST_006193,Treatment,48.51,71.74,61.14,65.45,medium,West,Desktop,Premium,5,1
CUST_006194,Control,71.69,99.19,94.62,90.91,medium,North,Tablet,Premium,6,0
CUST_006195,Treatment,82.06,89.1,78.87,98.75,low,West,Mobile,Premium,6,0
CUST_006196,Control,40.67,48.0,53.07,49.0,low,West,Desktop,Premium,50,0
CUST_006197,Control,101.93,102.7,88.77,95.99,medium,East,Desktop,Premium,7,0
CUST_006198,Treatment,10.8,31.35,38.75,27.27,low,East,Mobile,Basic,3,1
CUST_006199,Control,58.27,40.87,47.09,55.26,medium,South,Desktop,Premium,1,1
CUST_006200,Control,39.28,36.27,44.04,44.62,medium,West,Desktop,Premium,34,0
CUST_006201,Treatment,32.16,14.05,20.87,12.8,low,West,Desktop,Basic,55,0
CUST_006202,Control,70.74,63.87,67.58,80.92,high,West,Desktop,Basic,60,0
CUST_006203,Control,19.59,42.66,26.66,14.35,medium,East,Mobile,Basic,13,0
CUST_006204,Treatment,52.6,66.58,49.75,64.86,medium,South,Desktop,Premium,39,0
CUST_006205,Control,80.41,87.19,91.52,97.99,medium,West,Tablet,Premium,3,1
CUST_006206,Treatment,112.78,114.21,117.35,128.94,medium,East,Desktop,Enterprise,9,0
CUST_006207,Control,32.72,39.74,28.25,24.33,medium,West,Mobile,Basic,25,0
CUST_006208,Treatment,43.08,39.64,44.95,42.29,high,South,Desktop,Basic,1,1
CUST_006209,Control,69.37,86.21,83.51,92.78,high,West,Mobile,Premium,15,0
CUST_006210,Control,59.61,69.81,82.17,102.61,high,South,Desktop,Basic,29,0
CUST_006211,Treatment,57.92,65.3,72.43,73.32,high,West,Desktop,Basic,37,0
CUST_006212,Treatment,121.39,111.73,129.26,121.54,low,West,Tablet,Enterprise,25,0
CUST_006213,Control,22.26,28.89,20.51,23.12,medium,South,Mobile,Basic,19,0
CUST_006214,Control,103.55,106.94,108.17,109.07,medium,West,Tablet,Enterprise,60,0
CUST_006215,Treatment,71.56,73.12,81.93,77.15,low,East,Mobile,Premium,17,0
CUST_006216,Control,102.93,99.88,111.93,117.86,high,East,Tablet,Premium,60,0
CUST_006217,Control,52.74,39.78,35.25,44.97,medium,East,Desktop,Premium,14,0
CUST_006218,Control,80.01,96.37,79.24,89.17,low,North,Desktop,Enterprise,1,1
CUST_006219,Treatment,41.49,34.24,42.12,50.46,medium,South,Mobile,Premium,7,0
CUST_006220,Treatment,12.46,19.23,18.34,35.34,medium,South,Desktop,Basic,1,1
CUST_006221,Control,20.8,23.33,18.15,17.64,low,South,Desktop,Premium,4,1
CUST_006222,Treatment,81.68,89.68,107.93,104.66,medium,West,Desktop,Premium,4,1
CUST_006223,Control,30.14,22.81,27.92,35.04,medium,East,Desktop,Basic,4,1
CUST_006224,Treatment,119.48,126.85,129.37,160.93,high,West,Mobile,Premium,36,0
CUST_006225,Control,29.67,27.2,37.0,32.78,medium,East,Mobile,Basic,20,0
CUST_006226,Treatment,41.56,32.54,27.07,51.65,medium,East,Mobile,Premium,31,0
CUST_006227,Treatment,154.87,159.52,164.01,170.31,medium,South,Mobile,Enterprise,4,1
CUST_006228,Control,31.57,16.02,9.63,41.02,low,East,Mobile,Basic,5,1
CUST_006229,Treatment,29.91,14.81,38.44,29.31,medium,East,Desktop,Basic,1,1
CUST_006230,Control,194.33,213.43,216.13,227.51,high,West,Mobile,Enterprise,2,1
CUST_006231,Control,30.32,31.57,40.84,50.42,low,West,Desktop,Premium,19,0
CUST_006232,Control,48.82,33.96,44.34,47.49,low,South,Mobile,Premium,7,0
CUST_006233,Control,59.13,76.97,77.53,87.91,medium,North,Desktop,Premium,14,0
CUST_006234,Control,38.09,57.49,43.72,61.44,low,West,Desktop,Premium,12,0
CUST_006235,Control,61.15,55.17,64.6,55.32,high,East,Mobile,Premium,28,0
CUST_006236,Control,38.34,41.59,60.97,37.79,medium,South,Mobile,Basic,6,0
CUST_006237,Treatment,45.51,46.07,51.98,50.14,medium,North,Desktop,Premium,6,0
CUST_006238,Control,18.93,35.1,46.24,37.26,medium,West,Desktop,Basic,6,0
CUST_006239,Control,47.98,60.35,49.99,69.71,low,South,Desktop,Enterprise,3,1
CUST_006240,Control,21.35,34.79,37.21,37.13,medium,North,Mobile,Basic,1,1
CUST_006241,Control,27.75,28.59,35.68,32.21,medium,South,Desktop,Basic,2,1
CUST_006242,Control,15.32,21.99,22.71,20.97,medium,South,Mobile,Basic,60,0
CUST_006243,Treatment,39.81,28.96,24.48,30.72,medium,West,Desktop,Basic,55,0
CUST_006244,Control,14.13,23.54,25.52,37.01,medium,East,Desktop,Basic,1,1
CUST_006245,Treatment,144.57,167.37,165.69,171.96,low,South,Desktop,Enterprise,3,1
CUST_006246,Treatment,21.72,25.88,45.9,41.61,medium,East,Desktop,Basic,3,1
CUST_006247,Treatment,13.07,25.58,23.81,34.21,low,South,Mobile,Basic,5,1
CUST_006248,Control,121.88,139.46,157.08,145.23,medium,East,Mobile,Enterprise,25,0
CUST_006249,Treatment,23.35,28.77,32.32,43.14,low,East,Tablet,Basic,3,1
CUST_006250,Control,40.59,32.26,35.19,45.37,medium,East,Mobile,Basic,9,0
CUST_006251,Treatment,91.99,111.25,108.04,119.53,medium,South,Desktop,Enterprise,5,1
CUST_006252,Control,55.4,70.03,66.73,58.53,medium,East,Mobile,Premium,4,1
CUST_006253,Control,16.23,43.08,19.4,30.14,medium,South,Tablet,Basic,1,1
CUST_006254,Treatment,146.89,138.81,152.83,184.77,high,East,Mobile,Enterprise,6,0
CUST_006255,Control,31.9,36.68,31.94,36.48,low,North,Desktop,Premium,9,0
CUST_006256,Treatment,66.65,48.93,61.92,60.92,medium,East,Desktop,Premium,3,1
CUST_006257,Treatment,29.94,28.75,21.06,45.54,medium,East,Mobile,Basic,11,0
CUST_006258,Treatment,26.93,18.51,29.23,31.24,low,East,Mobile,Basic,3,1
CUST_006259,Control,68.21,73.9,78.65,73.49,low,West,Desktop,Premium,1,1
CUST_006260,Treatment,25.41,10.54,24.57,30.92,low,East,Mobile,Premium,3,1
CUST_006261,Treatment,135.98,133.97,153.83,164.12,medium,West,Mobile,Enterprise,24,0
CUST_006262,Control,53.27,37.43,34.48,54.64,high,North,Desktop,Basic,12,0
CUST_006263,Treatment,25.8,22.56,31.38,20.06,low,South,Desktop,Basic,8,0
CUST_006264,Control,86.3,77.72,87.74,104.49,medium,South,Desktop,Premium,14,0
CUST_006265,Control,39.4,65.29,66.04,60.96,medium,South,Desktop,Premium,23,0
CUST_006266,Control,43.4,50.72,35.97,42.42,medium,North,Desktop,Basic,3,1
CUST_006267,Control,54.86,68.25,62.31,50.42,medium,North,Mobile,Premium,8,0
CUST_006268,Control,33.61,24.38,13.34,8.22,low,South,Tablet,Basic,8,0
CUST_006269,Control,34.69,19.61,33.35,34.61,low,West,Mobile,Premium,15,0
CUST_006270,Control,56.97,53.91,65.26,83.29,medium,East,Desktop,Premium,1,1
CUST_006271,Control,2.44,32.03,19.21,14.35,low,West,Mobile,Basic,5,1
CUST_006272,Control,27.56,41.08,39.08,40.64,medium,North,Mobile,Basic,3,1
CUST_006273,Control,27.86,46.77,45.0,29.53,high,North,Desktop,Basic,10,0
CUST_006274,Treatment,116.38,91.88,112.7,129.34,medium,East,Desktop,Enterprise,18,0
CUST_006275,Treatment,66.22,62.5,66.14,74.76,medium,East,Desktop,Premium,2,1
CUST_006276,Treatment,40.4,40.86,50.55,44.53,medium,West,Tablet,Premium,23,0
CUST_006277,Treatment,17.85,35.39,28.88,36.83,low,West,Mobile,Basic,10,0
CUST_006278,Treatment,3.94,17.12,7.06,12.05,low,East,Desktop,Basic,9,0
CUST_006279,Treatment,44.37,45.19,46.06,50.89,low,South,Desktop,Premium,13,0
CUST_006280,Control,7.37,29.49,15.94,32.02,low,South,Desktop,Basic,2,1
CUST_006281,Control,19.25,26.22,22.53,11.54,low,West,Desktop,Basic,2,1
CUST_006282,Treatment,28.87,41.05,37.22,29.46,low,West,Desktop,Basic,12,0
CUST_006283,Control,67.49,78.66,76.96,66.23,medium,West,Desktop,Premium,38,0
CUST_006284,Treatment,52.78,37.71,53.9,54.82,low,East,Mobile,Premium,14,0
CUST_006285,Control,112.31,104.71,118.63,111.39,high,North,Desktop,Premium,1,1
CUST_006286,Control,30.9,41.42,27.42,35.28,medium,South,Desktop,Basic,28,0
CUST_006287,Control,43.46,30.86,46.77,23.55,low,South,Desktop,Premium,21,0
CUST_006288,Control,182.07,179.23,178.1,185.82,high,West,Mobile,Enterprise,24,0
CUST_006289,Control,28.09,38.57,43.61,46.82,high,East,Desktop,Basic,1,1
CUST_006290,Treatment,128.32,144.14,131.73,149.62,medium,East,Tablet,Enterprise,1,1
CUST_006291,Treatment,192.62,204.67,209.56,244.08,high,East,Mobile,Enterprise,9,0
CUST_006292,Control,0.87,18.26,18.85,9.32,low,South,Desktop,Basic,37,0
CUST_006293,Control,55.58,55.35,54.13,66.13,medium,West,Mobile,Basic,2,1
CUST_006294,Control,144.47,164.12,166.67,154.57,high,South,Desktop,Premium,2,1
CUST_006295,Control,14.96,35.57,22.71,26.59,medium,South,Mobile,Basic,17,0
CUST_006296,Treatment,44.59,42.84,35.94,55.29,medium,North,Desktop,Basic,13,0
CUST_006297,Treatment,31.86,32.9,16.81,30.02,low,West,Desktop,Basic,5,1
CUST_006298,Treatment,106.64,113.55,118.52,116.61,low,South,Desktop,Enterprise,17,0
CUST_006299,Control,20.08,31.59,27.12,33.24,medium,East,Desktop,Basic,4,1
CUST_006300,Treatment,20.58,25.95,15.04,31.31,medium,East,Desktop,Basic,6,0
CUST_006301,Control,65.0,69.7,64.16,74.64,high,South,Desktop,Premium,9,0
CUST_006302,Control,34.72,37.49,17.04,22.1,medium,North,Mobile,Basic,2,1
CUST_006303,Control,54.73,24.47,35.55,30.19,medium,West,Mobile,Basic,44,0
CUST_006304,Control,89.42,78.08,73.02,73.68,high,East,Desktop,Premium,10,0
CUST_006305,Treatment,83.56,79.2,73.55,106.24,high,West,Mobile,Premium,16,0
CUST_006306,Treatment,55.87,60.26,58.84,78.21,medium,West,Desktop,Premium,7,0
CUST_006307,Treatment,29.09,41.27,29.35,28.94,low,South,Mobile,Premium,6,0
CUST_006308,Control,71.42,50.85,77.6,65.27,medium,North,Mobile,Premium,2,1
CUST_006309,Control,63.72,77.83,74.48,63.53,low,East,Mobile,Enterprise,6,0
CUST_006310,Treatment,37.11,29.6,18.47,26.17,medium,North,Desktop,Basic,6,0
CUST_006311,Control,58.86,27.98,34.19,63.63,low,East,Desktop,Premium,14,0
CUST_006312,Treatment,81.6,68.79,64.06,73.38,low,West,Desktop,Enterprise,9,0
CUST_006313,Control,50.54,59.12,54.56,54.84,medium,East,Desktop,Premium,3,1
CUST_006314,Control,15.45,45.56,25.93,24.01,medium,West,Desktop,Basic,21,0
CUST_006315,Treatment,54.62,33.64,61.5,56.18,high,East,Desktop,Basic,10,0
CUST_006316,Treatment,74.35,86.11,109.23,102.13,high,West,Desktop,Premium,3,1
CUST_006317,Treatment,27.8,16.08,22.99,35.43,medium,North,Mobile,Basic,21,0
CUST_006318,Control,78.24,82.94,76.42,68.68,low,North,Desktop,Premium,12,0
CUST_006319,Control,244.78,238.37,260.28,267.79,medium,North,Desktop,Enterprise,1,1
CUST_006320,Treatment,24.35,26.79,24.71,22.68,low,West,Tablet,Premium,19,0
CUST_006321,Treatment,44.26,39.09,32.47,40.85,low,East,Mobile,Premium,12,0
CUST_006322,Control,31.27,52.17,35.5,50.91,low,South,Desktop,Premium,30,0
CUST_006323,Treatment,63.9,68.72,55.57,72.61,high,South,Mobile,Basic,4,1
CUST_006324,Control,23.86,33.75,6.47,28.91,low,West,Desktop,Basic,12,0
CUST_006325,Treatment,40.3,45.86,46.49,38.34,medium,West,Desktop,Basic,1,1
CUST_006326,Treatment,46.64,57.85,67.08,67.44,low,North,Desktop,Premium,26,0
CUST_006327,Treatment,34.81,52.04,43.23,37.72,high,East,Tablet,Basic,6,0
CUST_006328,Control,36.75,41.2,33.73,27.7,high,North,Desktop,Basic,25,0
CUST_006329,Treatment,60.73,73.78,70.6,95.4,high,East,Tablet,Basic,4,1
CUST_006330,Treatment,16.35,8.54,24.75,26.94,low,South,Tablet,Basic,15,0
CUST_006331,Control,30.9,31.3,38.26,45.19,low,West,Mobile,Basic,6,0
CUST_006332,Treatment,50.75,59.37,63.38,65.62,low,North,Desktop,Premium,6,0
CUST_006333,Treatment,68.02,65.57,68.16,69.19,medium,South,Desktop,Enterprise,22,0
CUST_006334,Control,43.83,45.95,50.16,33.77,medium,North,Desktop,Basic,16,0
CUST_006335,Control,133.26,129.29,154.85,152.5,high,East,Desktop,Premium,4,1
CUST_006336,Control,9.59,4.81,12.97,4.92,low,South,Desktop,Basic,29,0
CUST_006337,Treatment,26.83,18.06,9.95,23.24,low,North,Tablet,Basic,20,0
CUST_006338,Control,19.77,23.79,25.42,17.28,medium,South,Desktop,Basic,1,1
CUST_006339,Control,70.47,72.66,94.83,78.6,medium,West,Desktop,Premium,16,0
CUST_006340,Control,82.32,94.84,85.3,92.61,high,East,Desktop,Premium,35,0
CUST_006341,Control,67.97,75.94,81.63,92.68,medium,West,Mobile,Enterprise,13,0
CUST_006342,Treatment,41.56,51.85,24.61,48.23,medium,West,Mobile,Basic,14,0
CUST_006343,Treatment,35.2,16.62,23.67,24.43,medium,West,Tablet,Basic,8,0
CUST_006344,Treatment,26.77,24.35,32.88,4.66,medium,North,Mobile,Basic,14,0
CUST_006345,Treatment,31.28,33.78,35.1,43.84,low,East,Mobile,Premium,40,0
CUST_006346,Control,102.18,93.57,103.86,101.76,low,West,Desktop,Enterprise,5,1
CUST_006347,Treatment,22.41,28.87,39.43,21.64,low,East,Mobile,Basic,12,0
CUST_006348,Control,59.35,61.44,55.25,49.29,high,West,Mobile,Premium,1,1
CUST_006349,Treatment,31.64,16.84,32.74,22.24,medium,North,Mobile,Basic,9,0
CUST_006350,Control,33.84,41.01,39.04,30.51,medium,East,Mobile,Basic,12,0
CUST_006351,Treatment,64.69,60.92,69.88,75.59,medium,North,Mobile,Premium,3,1
CUST_006352,Treatment,72.43,69.62,77.74,74.11,high,North,Desktop,Basic,15,0
CUST_006353,Control,31.18,27.61,19.17,20.99,medium,East,Desktop,Basic,5,1
CUST_006354,Treatment,67.66,58.06,53.68,59.53,medium,South,Mobile,Basic,54,0
CUST_006355,Control,44.28,46.13,44.95,63.22,low,North,Desktop,Premium,7,0
CUST_006356,Control,71.16,62.74,89.46,92.45,high,North,Mobile,Premium,16,0
CUST_006357,Treatment,22.39,19.89,27.88,35.3,low,North,Mobile,Basic,6,0
CUST_006358,Control,48.74,36.91,40.82,55.55,high,East,Mobile,Basic,4,1
CUST_006359,Control,61.27,57.26,55.86,36.13,low,East,Mobile,Premium,26,0
CUST_006360,Treatment,230.8,225.41,235.36,257.53,high,East,Mobile,Enterprise,6,0
CUST_006361,Control,46.23,43.45,40.8,45.45,high,East,Desktop,Basic,42,0
CUST_006362,Treatment,39.94,49.48,43.46,51.3,low,South,Desktop,Premium,4,1
CUST_006363,Treatment,16.91,27.25,19.16,27.35,medium,West,Mobile,Basic,1,1
CUST_006364,Control,34.95,47.76,52.98,55.25,medium,North,Mobile,Premium,6,0
CUST_006365,Treatment,65.39,62.73,60.57,56.75,low,North,Mobile,Premium,4,1
CUST_006366,Treatment,32.73,23.73,38.83,19.04,low,East,Desktop,Basic,1,1
CUST_006367,Treatment,55.25,53.47,68.09,62.38,high,North,Desktop,Basic,13,0
CUST_006368,Treatment,24.87,44.91,35.47,25.25,low,South,Tablet,Premium,1,1
CUST_006369,Treatment,78.59,67.15,65.11,72.25,high,East,Mobile,Basic,19,0
CUST_006370,Control,12.47,12.32,25.03,10.35,medium,South,Mobile,Basic,11,0
CUST_006371,Control,49.91,56.3,54.17,51.57,low,North,Mobile,Premium,2,1
CUST_006372,Treatment,29.22,47.63,35.72,43.39,medium,South,Tablet,Premium,4,1
CUST_006373,Treatment,32.93,15.72,20.68,19.39,medium,East,Mobile,Basic,24,0
CUST_006374,Control,69.77,74.91,71.57,68.72,high,South,Desktop,Premium,1,1
CUST_006375,Treatment,18.16,38.8,20.9,26.93,medium,North,Tablet,Basic,17,0
CUST_006376,Control,55.16,49.34,45.33,53.54,medium,East,Mobile,Premium,10,0
CUST_006377,Treatment,50.09,30.82,59.54,81.29,high,South,Mobile,Basic,60,0
CUST_006378,Treatment,19.38,19.14,24.64,21.89,medium,South,Desktop,Basic,14,0
CUST_006379,Control,30.8,28.88,44.38,38.35,low,East,Mobile,Premium,9,0
CUST_006380,Treatment,39.44,44.85,43.43,60.06,medium,North,Mobile,Basic,10,0
CUST_006381,Treatment,67.58,81.36,79.36,78.37,low,West,Desktop,Premium,6,0
CUST_006382,Treatment,23.06,29.04,9.07,24.2,low,East,Mobile,Basic,25,0
CUST_006383,Treatment,29.6,5.11,31.21,14.79,low,North,Desktop,Basic,7,0
CUST_006384,Control,40.45,50.65,37.09,54.24,medium,South,Tablet,Premium,1,1
CUST_006385,Control,23.19,36.15,44.41,41.17,low,West,Desktop,Basic,1,1
CUST_006386,Treatment,65.43,65.59,62.85,79.7,low,South,Desktop,Enterprise,3,1
CUST_006387,Treatment,91.39,77.39,102.48,84.39,medium,South,Desktop,Premium,12,0
CUST_006388,Treatment,35.23,21.97,25.6,35.15,medium,East,Desktop,Basic,27,0
CUST_006389,Treatment,44.55,29.78,32.42,57.12,medium,East,Mobile,Basic,5,1
CUST_006390,Control,46.33,28.37,47.25,53.84,low,West,Desktop,Basic,32,0
CUST_006391,Control,18.27,30.28,14.61,27.44,medium,South,Mobile,Basic,60,0
CUST_006392,Treatment,33.95,28.72,31.58,43.21,high,North,Tablet,Basic,9,0
CUST_006393,Treatment,76.21,71.19,81.9,82.23,high,South,Desktop,Basic,7,0
CUST_006394,Treatment,36.01,37.5,55.47,40.5,medium,North,Desktop,Basic,11,0
CUST_006395,Treatment,25.21,19.99,40.54,18.38,low,South,Desktop,Basic,14,0
CUST_006396,Treatment,37.3,46.38,40.51,41.23,low,East,Desktop,Basic,2,1
CUST_006397,Control,146.12,146.41,139.03,162.29,medium,South,Mobile,Enterprise,17,0
CUST_006398,Control,23.21,21.48,32.17,26.39,medium,North,Desktop,Basic,16,0
CUST_006399,Treatment,74.65,73.53,71.51,85.69,medium,North,Tablet,Premium,8,0
CUST_006400,Treatment,39.09,33.69,44.89,33.52,medium,East,Tablet,Premium,14,0
CUST_006401,Treatment,29.06,29.39,19.06,36.31,high,West,Mobile,Basic,4,1
CUST_006402,Treatment,16.6,24.01,25.85,14.69,medium,East,Tablet,Basic,22,0
CUST_006403,Control,213.87,209.51,227.66,240.59,medium,South,Desktop,Enterprise,19,0
CUST_006404,Treatment,46.73,51.57,73.1,62.93,low,West,Tablet,Premium,32,0
CUST_006405,Treatment,89.5,81.11,83.28,89.37,medium,North,Mobile,Premium,30,0
CUST_006406,Treatment,81.23,104.6,108.68,105.06,low,West,Desktop,Enterprise,4,1
CUST_006407,Control,82.02,84.41,95.96,91.36,medium,North,Mobile,Premium,9,0
CUST_006408,Control,6.53,30.95,20.36,18.2,low,East,Desktop,Basic,50,0
CUST_006409,Control,44.15,49.76,47.41,71.19,high,East,Desktop,Basic,15,0
CUST_006410,Control,56.7,74.83,71.79,67.99,low,South,Mobile,Enterprise,2,1
CUST_006411,Treatment,5.86,23.68,25.66,4.23,low,West,Desktop,Basic,4,1
CUST_006412,Treatment,23.01,28.39,23.35,12.8,medium,North,Mobile,Basic,21,0
CUST_006413,Treatment,62.89,50.42,54.97,75.63,high,West,Desktop,Basic,9,0
CUST_006414,Treatment,38.3,47.49,46.82,34.13,medium,East,Mobile,Basic,5,1
CUST_006415,Treatment,50.07,49.41,60.11,73.57,medium,North,Mobile,Premium,26,0
CUST_006416,Treatment,56.9,45.06,49.4,51.39,medium,West,Desktop,Basic,25,0
CUST_006417,Treatment,83.49,86.2,91.62,108.61,low,West,Mobile,Enterprise,22,0
CUST_006418,Control,32.5,41.74,28.66,31.44,high,North,Desktop,Basic,45,0
CUST_006419,Treatment,55.64,41.9,51.87,55.87,medium,East,Desktop,Premium,2,1
CUST_006420,Treatment,109.68,105.73,95.52,131.46,medium,East,Desktop,Enterprise,2,1
CUST_006421,Treatment,40.73,38.2,45.63,55.0,low,West,Desktop,Premium,17,0
CUST_006422,Treatment,48.86,45.39,56.73,52.48,medium,East,Desktop,Premium,1,1
CUST_006423,Control,24.45,19.76,25.2,38.6,medium,North,Mobile,Basic,2,1
CUST_006424,Treatment,40.62,13.54,13.81,43.13,medium,East,Desktop,Basic,23,0
CUST_006425,Treatment,88.88,67.02,63.36,90.26,high,North,Desktop,Basic,24,0
CUST_006426,Treatment,2.52,9.4,16.25,2.85,low,South,Desktop,Basic,26,0
CUST_006427,Control,37.43,27.45,59.51,59.59,low,South,Mobile,Premium,2,1
CUST_006428,Treatment,55.68,23.25,38.99,72.14,high,West,Mobile,Premium,1,1
CUST_006429,Treatment,38.87,37.59,39.85,42.46,medium,North,Mobile,Basic,29,0
CUST_006430,Treatment,29.03,41.16,45.21,41.81,medium,North,Desktop,Basic,30,0
CUST_006431,Treatment,54.13,53.58,70.37,70.77,high,West,Desktop,Basic,11,0
CUST_006432,Control,38.47,39.79,31.81,37.77,medium,East,Desktop,Basic,25,0
CUST_006433,Control,67.48,67.56,83.86,78.1,medium,East,Desktop,Premium,1,1
CUST_006434,Treatment,73.51,82.24,80.37,78.73,medium,West,Desktop,Premium,6,0
CUST_006435,Treatment,26.01,20.37,23.35,26.78,medium,East,Mobile,Basic,16,0
CUST_006436,Treatment,36.97,47.73,58.34,51.32,medium,West,Desktop,Premium,1,1
CUST_006437,Treatment,75.05,76.15,83.2,68.58,low,West,Tablet,Enterprise,12,0
CUST_006438,Treatment,44.71,31.52,43.01,54.48,high,West,Desktop,Basic,19,0
CUST_006439,Control,41.03,28.93,24.34,37.34,high,West,Mobile,Basic,5,1
CUST_006440,Control,23.03,26.58,26.63,26.08,medium,East,Desktop,Basic,10,0
CUST_006441,Treatment,33.56,48.29,32.88,32.84,high,West,Desktop,Basic,6,0
CUST_006442,Treatment,25.77,10.51,11.57,11.66,medium,North,Desktop,Basic,10,0
CUST_006443,Treatment,36.53,53.28,54.21,62.8,high,North,Mobile,Basic,7,0
CUST_006444,Control,50.85,46.96,34.41,40.21,low,South,Mobile,Premium,2,1
CUST_006445,Control,13.83,10.71,18.43,18.18,low,North,Desktop,Basic,1,1
CUST_006446,Control,14.8,32.0,29.91,28.08,low,West,Desktop,Premium,26,0
CUST_006447,Treatment,72.78,86.83,86.39,87.52,medium,North,Desktop,Premium,10,0
CUST_006448,Treatment,99.38,118.36,94.71,116.28,medium,West,Desktop,Enterprise,2,1
CUST_006449,Control,104.65,121.75,105.28,128.18,high,West,Desktop,Enterprise,5,1
CUST_006450,Treatment,31.58,26.65,26.63,56.1,high,East,Tablet,Basic,10,0
CUST_006451,Control,85.59,79.25,77.91,80.26,medium,East,Mobile,Premium,1,1
CUST_006452,Control,60.4,59.47,67.88,59.87,high,West,Mobile,Basic,2,1
CUST_006453,Treatment,47.1,68.71,60.44,68.06,medium,North,Mobile,Basic,20,0
CUST_006454,Control,44.86,44.68,49.58,44.1,low,West,Desktop,Premium,1,1
CUST_006455,Control,34.73,32.96,32.27,41.87,low,East,Desktop,Premium,13,0
CUST_006456,Control,43.65,37.7,38.73,37.88,low,North,Mobile,Basic,16,0
CUST_006457,Control,10.35,22.37,16.0,11.64,low,West,Desktop,Basic,22,0
CUST_006458,Control,48.41,60.09,48.16,68.95,low,East,Mobile,Premium,10,0
CUST_006459,Control,26.41,22.66,19.46,25.17,low,North,Desktop,Basic,28,0
CUST_006460,Treatment,30.55,45.11,45.45,54.21,low,West,Desktop,Premium,5,1
CUST_006461,Treatment,33.55,36.0,41.31,23.96,medium,South,Desktop,Basic,1,1
CUST_006462,Treatment,31.02,29.72,40.68,18.05,low,North,Tablet,Basic,1,1
CUST_006463,Control,32.1,33.39,46.36,44.93,medium,West,Mobile,Premium,1,1
CUST_006464,Control,182.24,191.17,194.8,193.76,high,South,Mobile,Premium,15,0
CUST_006465,Treatment,5.29,12.59,13.35,25.23,low,West,Desktop,Basic,15,0
CUST_006466,Treatment,73.34,88.29,100.21,97.08,high,East,Desktop,Premium,1,1
CUST_006467,Control,24.5,15.49,15.66,6.78,low,North,Desktop,Basic,2,1
CUST_006468,Treatment,30.24,33.64,34.95,25.06,medium,South,Desktop,Basic,8,0
CUST_006469,Control,82.83,88.58,86.86,95.9,high,North,Mobile,Premium,12,0
CUST_006470,Control,68.37,45.89,55.37,68.76,medium,North,Tablet,Premium,11,0
CUST_006471,Treatment,149.99,150.43,155.94,171.77,low,West,Mobile,Enterprise,3,1
CUST_006472,Control,32.39,27.18,34.02,29.67,medium,West,Mobile,Basic,23,0
CUST_006473,Treatment,27.0,25.21,33.2,34.26,medium,South,Mobile,Basic,4,1
CUST_006474,Control,14.93,26.96,27.82,40.01,low,West,Mobile,Basic,21,0
CUST_006475,Treatment,57.12,53.7,69.79,77.77,low,East,Mobile,Enterprise,5,1
CUST_006476,Control,0.0,24.17,30.76,39.73,medium,North,Mobile,Basic,22,0
CUST_006477,Treatment,65.92,59.6,69.97,56.37,medium,West,Mobile,Basic,4,1
CUST_006478,Control,51.02,54.97,64.26,71.43,low,North,Desktop,Enterprise,24,0
CUST_006479,Control,38.28,33.13,41.04,46.54,low,West,Desktop,Premium,9,0
CUST_006480,Control,43.65,37.97,31.57,46.67,medium,East,Desktop,Basic,6,0
CUST_006481,Treatment,48.04,52.35,43.52,52.13,low,South,Desktop,Premium,56,0
CUST_006482,Control,23.32,27.09,30.84,25.18,medium,East,Desktop,Basic,3,1
CUST_006483,Control,62.89,43.92,40.96,40.52,high,West,Tablet,Basic,2,1
CUST_006484,Treatment,39.88,46.17,42.71,43.16,medium,South,Mobile,Premium,1,1
CUST_006485,Control,19.92,0.0,24.4,32.67,low,West,Mobile,Basic,13,0
CUST_006486,Control,4.0,17.81,5.47,16.32,low,East,Desktop,Basic,12,0
CUST_006487,Control,44.5,20.34,29.6,19.52,medium,East,Desktop,Basic,16,0
CUST_006488,Control,43.06,56.56,45.21,46.77,medium,East,Mobile,Basic,1,1
CUST_006489,Treatment,7.11,28.69,16.66,20.19,low,East,Mobile,Basic,36,0
CUST_006490,Treatment,28.57,33.46,41.19,36.52,low,East,Desktop,Premium,10,0
CUST_006491,Treatment,105.21,97.27,111.59,119.96,high,South,Mobile,Premium,1,1
CUST_006492,Treatment,28.55,48.42,42.95,38.77,low,South,Desktop,Basic,1,1
CUST_006493,Control,52.87,42.64,52.01,65.06,medium,West,Mobile,Premium,2,1
CUST_006494,Control,48.93,47.03,57.79,39.9,low,East,Mobile,Premium,37,0
CUST_006495,Treatment,161.65,149.45,159.32,195.19,high,West,Mobile,Enterprise,1,1
CUST_006496,Treatment,46.33,52.76,50.57,53.25,low,West,Tablet,Premium,19,0
CUST_006497,Treatment,46.11,33.63,27.22,35.63,medium,East,Mobile,Basic,3,1
CUST_006498,Control,68.21,68.03,80.7,67.53,high,North,Mobile,Premium,4,1
CUST_006499,Treatment,128.47,150.27,136.67,155.03,medium,South,Mobile,Enterprise,13,0
CUST_006500,Treatment,21.44,54.59,34.23,42.06,medium,West,Mobile,Basic,20,0
CUST_006501,Treatment,43.54,40.15,49.92,53.15,high,West,Desktop,Basic,19,0
CUST_006502,Treatment,74.53,64.46,79.19,84.95,high,East,Desktop,Premium,3,1
CUST_006503,Treatment,42.0,39.18,39.35,58.26,medium,South,Desktop,Basic,1,1
CUST_006504,Control,17.47,14.76,23.52,15.18,medium,South,Desktop,Basic,26,0
CUST_006505,Control,27.29,27.91,34.73,27.52,medium,East,Mobile,Basic,8,0
CUST_006506,Treatment,29.43,17.26,18.85,30.79,low,East,Desktop,Basic,3,1
CUST_006507,Control,75.04,91.75,85.41,89.64,medium,East,Mobile,Premium,13,0
CUST_006508,Control,26.93,30.91,14.96,12.13,medium,West,Desktop,Basic,15,0
CUST_006509,Treatment,82.16,88.2,92.97,109.11,high,South,Desktop,Enterprise,36,0
CUST_006510,Control,24.5,37.19,44.28,35.87,medium,East,Desktop,Basic,5,1
CUST_006511,Treatment,45.26,60.64,50.34,54.5,medium,West,Desktop,Premium,4,1
CUST_006512,Treatment,324.2,329.41,329.88,386.89,high,East,Desktop,Enterprise,1,1
CUST_006513,Treatment,12.75,20.76,15.6,25.9,low,North,Desktop,Basic,6,0
CUST_006514,Treatment,53.48,39.44,58.54,44.07,low,North,Desktop,Premium,60,0
CUST_006515,Treatment,62.32,60.93,73.85,103.28,medium,South,Mobile,Premium,5,1
CUST_006516,Control,22.73,30.64,26.14,33.16,medium,West,Desktop,Basic,13,0
CUST_006517,Control,22.13,33.43,24.81,33.7,low,East,Desktop,Basic,23,0
CUST_006518,Treatment,127.38,123.19,127.12,139.83,low,North,Tablet,Enterprise,33,0
CUST_006519,Control,90.03,96.83,107.21,111.19,medium,West,Desktop,Enterprise,13,0
CUST_006520,Treatment,94.72,103.65,105.46,125.36,medium,East,Desktop,Premium,2,1
CUST_006521,Treatment,34.07,30.14,41.87,50.97,high,West,Mobile,Basic,1,1
CUST_006522,Treatment,30.11,38.34,44.01,44.76,low,East,Mobile,Premium,25,0
CUST_006523,Control,35.52,49.19,42.09,35.25,low,East,Mobile,Premium,14,0
CUST_006524,Control,43.74,44.64,35.25,49.63,low,North,Desktop,Basic,15,0
CUST_006525,Treatment,53.73,56.9,64.39,56.1,low,East,Mobile,Premium,20,0
CUST_006526,Control,67.04,81.92,87.88,96.3,medium,West,Tablet,Premium,27,0
CUST_006527,Control,34.53,34.05,45.26,32.51,high,East,Mobile,Basic,11,0
CUST_006528,Treatment,76.89,75.92,87.17,118.34,high,East,Desktop,Basic,6,0
CUST_006529,Treatment,63.1,56.71,51.68,60.42,low,South,Mobile,Enterprise,2,1
CUST_006530,Control,26.62,28.86,27.94,24.49,medium,North,Desktop,Basic,2,1
CUST_006531,Treatment,65.18,69.11,72.37,73.44,medium,North,Mobile,Premium,14,0
CUST_006532,Treatment,30.46,34.95,22.15,24.65,medium,West,Desktop,Basic,4,1
CUST_006533,Control,44.22,48.57,55.61,61.28,medium,South,Desktop,Premium,1,1
CUST_006534,Treatment,109.35,97.51,116.01,125.88,medium,South,Desktop,Enterprise,4,1
CUST_006535,Treatment,31.2,27.26,31.26,25.84,low,West,Desktop,Basic,9,0
CUST_006536,Treatment,25.25,34.55,34.56,30.86,low,East,Mobile,Premium,6,0
CUST_006537,Treatment,9.38,12.9,36.23,27.06,low,East,Desktop,Basic,7,0
CUST_006538,Control,42.83,45.64,59.4,45.55,high,West,Mobile,Basic,5,1
CUST_006539,Treatment,30.95,29.64,39.05,32.87,low,West,Tablet,Premium,4,1
CUST_006540,Treatment,124.1,104.09,110.9,119.15,medium,North,Mobile,Enterprise,27,0
CUST_006541,Control,62.53,63.17,77.18,81.15,medium,West,Mobile,Premium,12,0
CUST_006542,Treatment,66.89,81.08,81.07,82.07,high,West,Desktop,Premium,24,0
CUST_006543,Treatment,78.33,62.57,65.07,60.85,medium,West,Desktop,Premium,50,0
CUST_006544,Control,25.55,57.59,34.17,46.43,low,North,Desktop,Premium,6,0
CUST_006545,Treatment,53.28,55.5,61.58,65.5,high,West,Desktop,Basic,4,1
CUST_006546,Treatment,20.78,9.39,12.52,19.5,low,North,Mobile,Basic,4,1
CUST_006547,Control,21.87,9.32,15.54,25.67,medium,North,Desktop,Basic,4,1
CUST_006548,Control,49.24,49.71,67.38,60.65,medium,North,Mobile,Premium,1,1
CUST_006549,Treatment,140.09,142.49,151.07,148.52,medium,South,Mobile,Enterprise,7,0
CUST_006550,Control,111.87,115.0,111.33,123.76,medium,East,Desktop,Enterprise,1,1
CUST_006551,Treatment,21.66,37.95,47.19,16.28,low,East,Mobile,Basic,4,1
CUST_006552,Treatment,50.95,59.08,63.1,67.31,high,West,Mobile,Basic,32,0
CUST_006553,Control,90.2,99.9,94.84,110.39,high,West,Tablet,Premium,10,0
CUST_006554,Control,122.41,120.01,125.15,112.67,medium,West,Mobile,Premium,16,0
CUST_006555,Control,29.29,19.49,24.11,34.57,low,East,Desktop,Basic,1,1
CUST_006556,Control,94.89,103.79,97.4,107.31,medium,East,Desktop,Premium,3,1
CUST_006557,Control,16.75,17.32,30.0,18.2,low,West,Desktop,Basic,9,0
CUST_006558,Treatment,35.74,17.19,33.03,41.49,low,West,Desktop,Basic,30,0
CUST_006559,Control,22.49,22.63,29.65,28.03,low,East,Desktop,Premium,5,1
CUST_006560,Treatment,20.38,27.76,17.07,25.9,low,North,Desktop,Basic,10,0
CUST_006561,Control,86.2,86.58,94.19,92.92,medium,North,Mobile,Enterprise,6,0
CUST_006562,Treatment,87.49,104.95,103.8,108.31,low,North,Desktop,Enterprise,2,1
CUST_006563,Control,69.01,65.09,72.79,76.24,low,North,Desktop,Enterprise,37,0
CUST_006564,Treatment,13.86,35.18,25.87,6.22,low,North,Desktop,Basic,6,0
CUST_006565,Control,32.46,40.15,36.5,33.25,medium,West,Mobile,Basic,3,1
CUST_006566,Control,182.46,181.62,179.42,187.27,high,East,Desktop,Enterprise,6,0
CUST_006567,Control,48.24,27.72,33.54,50.25,medium,East,Desktop,Basic,2,1
CUST_006568,Control,29.47,53.25,24.98,45.17,medium,North,Mobile,Basic,1,1
CUST_006569,Control,40.17,25.39,29.72,35.19,low,East,Desktop,Premium,22,0
CUST_006570,Control,32.75,43.69,39.52,51.94,low,North,Desktop,Premium,3,1
CUST_006571,Control,33.32,47.48,44.76,50.3,medium,East,Mobile,Premium,24,0
CUST_006572,Treatment,20.0,27.78,31.71,14.86,high,North,Desktop,Basic,9,0
CUST_006573,Treatment,48.33,21.55,38.61,30.72,high,West,Desktop,Basic,1,1
CUST_006574,Control,30.08,28.2,20.05,30.15,low,South,Mobile,Basic,1,1
CUST_006575,Treatment,32.96,33.94,26.54,39.12,low,North,Mobile,Basic,6,0
CUST_006576,Control,24.16,39.02,27.73,32.64,medium,East,Desktop,Basic,8,0
CUST_006577,Treatment,29.23,35.9,32.69,36.27,medium,North,Mobile,Basic,1,1
CUST_006578,Control,20.34,18.84,38.56,30.12,low,East,Tablet,Basic,5,1
CUST_006579,Treatment,26.57,29.47,44.42,39.6,high,North,Mobile,Basic,15,0
CUST_006580,Treatment,29.87,54.0,60.86,34.76,low,South,Mobile,Basic,10,0
CUST_006581,Control,34.47,41.56,48.48,41.93,low,North,Desktop,Premium,14,0
CUST_006582,Control,36.55,44.31,46.19,44.92,low,North,Mobile,Basic,6,0
CUST_006583,Control,14.56,25.23,29.81,41.09,medium,West,Mobile,Basic,5,1
CUST_006584,Control,30.95,12.6,0.0,15.12,medium,West,Mobile,Basic,20,0
CUST_006585,Treatment,43.44,52.21,54.6,64.27,medium,West,Mobile,Basic,10,0
CUST_006586,Treatment,14.9,16.71,14.65,28.09,low,East,Desktop,Basic,42,0
CUST_006587,Control,48.12,53.98,60.74,72.6,high,South,Desktop,Basic,1,1
CUST_006588,Treatment,169.82,158.58,160.76,185.86,medium,North,Mobile,Enterprise,4,1
CUST_006589,Control,142.29,144.23,164.27,155.95,medium,North,Mobile,Enterprise,6,0
CUST_006590,Control,13.18,23.2,17.77,28.26,medium,North,Desktop,Basic,1,1
CUST_006591,Treatment,72.17,87.58,74.9,99.78,medium,East,Tablet,Enterprise,8,0
CUST_006592,Control,56.35,63.65,54.89,80.22,low,West,Desktop,Premium,1,1
CUST_006593,Treatment,47.62,24.5,51.5,50.36,medium,East,Desktop,Basic,15,0
CUST_006594,Treatment,149.66,142.48,160.54,167.74,medium,West,Mobile,Enterprise,6,0
CUST_006595,Treatment,14.16,21.28,27.13,18.12,medium,East,Desktop,Basic,4,1
CUST_006596,Control,95.22,99.77,94.8,102.02,medium,East,Desktop,Premium,41,0
CUST_006597,Control,63.78,47.15,44.1,55.91,low,West,Desktop,Premium,20,0
CUST_006598,Treatment,11.31,21.0,17.24,31.01,low,West,Mobile,Basic,19,0
CUST_006599,Control,104.22,109.42,111.49,112.35,high,East,Desktop,Premium,2,1
CUST_006600,Treatment,74.86,79.49,73.29,94.43,medium,North,Mobile,Premium,2,1
CUST_006601,Treatment,63.3,77.42,71.0,66.06,low,South,Desktop,Premium,46,0
CUST_006602,Treatment,22.8,5.5,8.62,33.22,low,West,Mobile,Basic,43,0
CUST_006603,Control,22.21,30.42,49.12,39.64,medium,West,Desktop,Premium,4,1
CUST_006604,Treatment,111.57,94.22,113.46,121.46,medium,West,Mobile,Enterprise,1,1
CUST_006605,Control,16.19,25.13,17.97,13.58,low,East,Desktop,Basic,6,0
CUST_006606,Treatment,119.03,138.68,136.69,137.05,high,West,Desktop,Premium,15,0
CUST_006607,Control,141.6,147.61,166.01,172.07,high,North,Mobile,Premium,1,1
CUST_006608,Control,64.21,65.38,70.15,82.22,medium,West,Desktop,Premium,11,0
CUST_006609,Control,76.53,79.76,82.17,76.76,low,East,Desktop,Enterprise,19,0
CUST_006610,Control,41.72,49.43,46.59,67.95,medium,South,Desktop,Premium,3,1
CUST_006611,Control,86.55,95.35,83.15,102.49,medium,East,Desktop,Enterprise,60,0
CUST_006612,Treatment,42.11,45.13,28.33,62.85,medium,West,Mobile,Basic,25,0
CUST_006613,Control,40.06,35.84,62.68,44.56,high,West,Tablet,Basic,14,0
CUST_006614,Control,60.23,57.84,76.83,73.4,medium,East,Mobile,Premium,8,0
CUST_006615,Treatment,49.5,74.55,53.97,66.03,low,East,Desktop,Premium,4,1
CUST_006616,Control,35.2,34.38,36.49,19.46,low,South,Mobile,Basic,2,1
CUST_006617,Treatment,75.29,83.13,84.04,87.09,medium,East,Tablet,Premium,2,1
CUST_006618,Treatment,15.88,9.39,17.24,21.77,low,West,Desktop,Basic,13,0
CUST_006619,Control,58.8,42.02,27.8,49.36,medium,West,Mobile,Premium,7,0
CUST_006620,Treatment,44.79,33.72,40.14,25.67,low,South,Desktop,Premium,11,0
CUST_006621,Treatment,67.54,61.48,69.21,62.39,medium,North,Desktop,Premium,2,1
CUST_006622,Treatment,63.72,77.1,73.99,100.79,high,West,Desktop,Basic,32,0
CUST_006623,Treatment,41.73,36.11,47.89,54.96,low,South,Mobile,Premium,14,0
CUST_006624,Treatment,161.43,153.52,158.59,196.65,high,South,Desktop,Enterprise,15,0
CUST_006625,Control,44.07,44.29,66.47,59.1,high,East,Mobile,Basic,60,0
CUST_006626,Control,20.29,33.34,36.04,27.66,medium,North,Desktop,Basic,27,0
CUST_006627,Treatment,81.62,68.7,87.74,82.32,medium,South,Tablet,Premium,15,0
CUST_006628,Control,130.44,135.27,139.09,149.25,high,East,Desktop,Premium,5,1
CUST_006629,Treatment,28.21,38.91,23.44,27.61,low,West,Mobile,Basic,23,0
CUST_006630,Treatment,42.22,45.02,53.39,53.18,low,West,Desktop,Premium,6,0
CUST_006631,Control,68.56,57.82,58.86,69.36,medium,East,Mobile,Premium,8,0
CUST_006632,Treatment,77.51,62.35,60.91,101.59,high,North,Desktop,Premium,37,0
CUST_006633,Control,29.49,26.24,40.17,14.59,medium,South,Desktop,Basic,25,0
CUST_006634,Control,34.87,29.51,22.44,35.62,medium,West,Mobile,Basic,2,1
CUST_006635,Control,33.96,34.28,35.83,39.52,medium,South,Mobile,Basic,7,0
CUST_006636,Control,27.5,22.54,38.1,34.7,medium,South,Desktop,Basic,37,0
CUST_006637,Control,37.69,37.05,9.07,29.83,low,North,Mobile,Basic,19,0
CUST_006638,Treatment,73.49,61.17,54.41,78.71,medium,South,Desktop,Premium,25,0
CUST_006639,Treatment,61.74,83.28,68.83,85.84,high,West,Mobile,Premium,15,0
CUST_006640,Treatment,191.7,198.14,199.33,220.87,medium,North,Desktop,Enterprise,30,0
CUST_006641,Treatment,23.1,20.51,15.53,29.51,low,South,Tablet,Basic,13,0
CUST_006642,Treatment,32.25,46.77,57.34,53.04,low,South,Desktop,Premium,60,0
CUST_006643,Treatment,41.69,44.33,44.08,27.53,high,East,Mobile,Basic,8,0
CUST_006644,Treatment,43.18,57.94,59.7,48.27,medium,East,Desktop,Premium,2,1
CUST_006645,Control,34.65,32.31,42.49,31.82,medium,North,Tablet,Basic,8,0
CUST_006646,Treatment,62.42,48.6,70.74,59.34,high,South,Desktop,Basic,21,0
CUST_006647,Treatment,97.1,95.5,83.17,114.13,medium,East,Tablet,Premium,20,0
CUST_006648,Treatment,31.9,15.25,14.44,29.38,low,North,Mobile,Basic,2,1
CUST_006649,Treatment,57.52,62.79,61.56,58.98,low,West,Mobile,Premium,19,0
CUST_006650,Treatment,18.2,30.05,31.08,24.02,low,East,Mobile,Basic,6,0
CUST_006651,Treatment,61.48,67.67,60.51,65.33,low,West,Desktop,Premium,8,0
CUST_006652,Treatment,50.2,33.54,45.95,47.92,medium,West,Tablet,Basic,1,1
CUST_006653,Control,22.46,19.79,30.89,34.73,medium,North,Desktop,Basic,6,0
CUST_006654,Treatment,110.2,95.37,110.14,137.59,high,North,Mobile,Premium,47,0
CUST_006655,Treatment,82.97,92.76,83.09,110.29,medium,East,Mobile,Enterprise,5,1
CUST_006656,Treatment,58.32,58.85,46.3,69.2,medium,East,Desktop,Premium,11,0
CUST_006657,Treatment,13.62,24.78,33.43,21.27,low,North,Desktop,Basic,3,1
CUST_006658,Treatment,68.59,49.21,46.61,55.25,high,South,Mobile,Basic,1,1
CUST_006659,Treatment,27.76,52.56,41.78,36.77,low,West,Desktop,Premium,2,1
CUST_006660,Control,19.53,38.34,25.23,49.85,high,South,Desktop,Basic,7,0
CUST_006661,Control,29.77,17.21,21.08,27.54,low,East,Desktop,Premium,7,0
CUST_006662,Treatment,49.16,54.61,77.66,81.32,high,North,Desktop,Basic,6,0
CUST_006663,Control,28.61,28.05,23.02,39.15,medium,West,Mobile,Basic,23,0
CUST_006664,Control,60.81,58.73,56.06,70.15,low,North,Desktop,Premium,2,1
CUST_006665,Treatment,30.55,33.74,20.27,19.88,medium,West,Desktop,Basic,15,0
CUST_006666,Control,46.47,41.28,58.37,40.6,low,West,Tablet,Premium,2,1
CUST_006667,Control,16.37,14.54,26.69,24.17,medium,South,Mobile,Basic,3,1
CUST_006668,Control,106.32,106.51,97.29,101.11,high,West,Desktop,Premium,17,0
CUST_006669,Treatment,17.45,30.97,31.81,24.84,low,South,Mobile,Basic,13,0
CUST_006670,Control,38.0,37.13,40.32,46.88,medium,South,Mobile,Basic,23,0
CUST_006671,Treatment,66.06,63.7,68.55,77.66,medium,East,Mobile,Premium,4,1
CUST_006672,Control,20.97,24.42,13.01,18.5,low,West,Mobile,Basic,38,0
CUST_006673,Treatment,30.07,28.37,28.18,25.36,low,East,Desktop,Basic,4,1
CUST_006674,Control,56.8,69.49,64.64,79.09,medium,East,Desktop,Premium,10,0
CUST_006675,Control,95.58,90.31,79.82,109.39,low,West,Mobile,Enterprise,18,0
CUST_006676,Treatment,36.21,55.61,30.77,26.5,medium,West,Tablet,Basic,1,1
CUST_006677,Treatment,5.29,29.34,26.22,28.96,medium,South,Mobile,Basic,10,0
CUST_006678,Treatment,56.58,49.13,61.2,66.4,low,East,Desktop,Premium,1,1
CUST_006679,Control,20.34,27.45,23.1,29.13,medium,East,Desktop,Basic,38,0
CUST_006680,Treatment,19.27,27.61,35.33,26.21,low,South,Mobile,Basic,1,1
CUST_006681,Control,49.51,58.03,54.1,63.68,high,North,Mobile,Basic,6,0
CUST_006682,Control,29.15,44.28,33.49,35.59,low,West,Desktop,Premium,11,0
CUST_006683,Treatment,40.87,32.61,13.48,22.63,high,South,Desktop,Basic,2,1
CUST_006684,Treatment,18.57,12.58,20.88,45.08,low,South,Desktop,Basic,32,0
CUST_006685,Treatment,51.75,33.96,31.72,27.99,medium,West,Tablet,Basic,15,0
CUST_006686,Control,38.22,40.96,38.78,43.29,medium,South,Mobile,Premium,18,0
CUST_006687,Treatment,67.62,69.94,50.84,83.14,medium,East,Mobile,Premium,12,0
CUST_006688,Treatment,53.25,59.27,48.08,61.51,medium,West,Desktop,Basic,25,0
CUST_006689,Control,219.38,231.13,219.54,253.32,medium,South,Desktop,Enterprise,9,0
CUST_006690,Treatment,14.59,19.11,29.56,36.18,medium,West,Desktop,Basic,15,0
CUST_006691,Control,28.35,45.69,35.86,34.98,low,East,Desktop,Basic,1,1
CUST_006692,Control,74.3,85.33,79.7,83.92,medium,East,Tablet,Premium,1,1
CUST_006693,Control,12.49,12.2,11.65,9.32,low,East,Mobile,Basic,20,0
CUST_006694,Treatment,32.32,48.18,50.18,48.94,medium,South,Desktop,Basic,21,0
CUST_006695,Control,36.04,30.78,23.3,43.4,medium,North,Tablet,Basic,4,1
CUST_006696,Treatment,41.85,53.51,26.44,54.82,medium,South,Desktop,Basic,6,0
CUST_006697,Treatment,25.81,18.94,18.39,31.84,medium,West,Mobile,Basic,1,1
CUST_006698,Treatment,79.69,89.3,87.76,108.55,high,East,Mobile,Premium,1,1
CUST_006699,Treatment,19.94,39.59,29.44,40.42,low,West,Mobile,Premium,16,0
CUST_006700,Treatment,123.02,123.45,120.48,145.35,medium,East,Desktop,Premium,1,1
CUST_006701,Treatment,33.98,33.46,31.36,34.83,low,East,Desktop,Premium,4,1
CUST_006702,Control,151.18,139.62,136.85,133.0,high,North,Tablet,Premium,15,0
CUST_006703,Treatment,90.49,105.42,103.04,111.21,high,North,Desktop,Enterprise,1,1
CUST_006704,Control,96.76,106.16,108.39,108.1,high,South,Desktop,Premium,26,0
CUST_006705,Treatment,20.37,11.82,21.84,30.19,low,North,Mobile,Basic,1,1
CUST_006706,Treatment,61.93,44.43,48.37,52.33,medium,West,Mobile,Premium,16,0
CUST_006707,Treatment,50.87,70.32,66.26,87.96,high,North,Tablet,Premium,9,0
CUST_006708,Control,79.45,75.82,68.71,102.52,high,North,Mobile,Basic,17,0
CUST_006709,Treatment,52.42,42.05,48.21,74.02,medium,North,Desktop,Premium,1,1
CUST_006710,Control,11.88,24.29,2.38,25.79,low,South,Desktop,Basic,21,0
CUST_006711,Treatment,36.64,39.87,38.08,31.1,low,South,Mobile,Premium,27,0
CUST_006712,Control,57.05,54.76,63.19,65.44,medium,South,Desktop,Premium,2,1
CUST_006713,Treatment,36.88,52.08,35.14,54.02,high,South,Desktop,Basic,9,0
CUST_006714,Control,43.93,63.34,45.95,46.54,low,South,Mobile,Premium,8,0
CUST_006715,Control,39.29,34.37,42.58,34.86,low,North,Desktop,Basic,21,0
CUST_006716,Treatment,55.04,50.86,45.69,56.28,medium,East,Desktop,Basic,20,0
CUST_006717,Treatment,25.29,39.53,46.49,31.73,medium,West,Mobile,Basic,1,1
CUST_006718,Treatment,9.04,25.1,38.63,26.49,low,South,Mobile,Premium,11,0
CUST_006719,Treatment,41.88,27.07,51.71,46.94,high,East,Mobile,Basic,21,0
CUST_006720,Treatment,31.02,31.33,49.53,38.56,medium,North,Tablet,Basic,9,0
CUST_006721,Treatment,49.16,46.72,35.22,32.9,medium,South,Mobile,Basic,20,0
CUST_006722,Treatment,29.2,40.62,39.68,36.15,medium,North,Desktop,Premium,5,1
CUST_006723,Treatment,23.58,52.63,45.52,22.65,medium,South,Tablet,Basic,16,0
CUST_006724,Control,31.52,30.2,14.14,27.97,medium,West,Desktop,Basic,2,1
CUST_006725,Control,71.09,86.4,81.82,83.41,low,East,Desktop,Enterprise,16,0
CUST_006726,Control,75.75,84.43,84.37,105.97,high,West,Tablet,Premium,4,1
CUST_006727,Treatment,45.2,53.01,42.02,62.95,high,East,Tablet,Basic,6,0
CUST_006728,Treatment,76.53,74.46,71.85,62.31,low,West,Mobile,Enterprise,9,0
CUST_006729,Treatment,20.78,19.14,29.6,31.93,low,East,Tablet,Basic,27,0
CUST_006730,Control,9.96,13.52,16.84,29.08,low,East,Desktop,Basic,4,1
CUST_006731,Control,54.53,47.61,63.66,53.95,medium,South,Mobile,Premium,1,1
CUST_006732,Control,66.76,68.11,56.16,61.16,low,East,Desktop,Premium,1,1
CUST_006733,Treatment,83.63,88.55,87.49,101.03,high,West,Desktop,Premium,22,0
CUST_006734,Control,103.46,90.36,115.46,109.25,low,South,Desktop,Enterprise,9,0
CUST_006735,Control,124.78,143.41,144.26,146.08,high,South,Desktop,Premium,1,1
CUST_006736,Control,35.06,48.76,36.87,48.05,medium,North,Mobile,Premium,14,0
CUST_006737,Control,48.9,73.39,56.45,54.18,high,West,Desktop,Basic,3,1
CUST_006738,Treatment,56.27,57.3,32.74,67.95,medium,South,Desktop,Basic,6,0
CUST_006739,Treatment,30.51,37.56,35.63,54.72,high,East,Mobile,Basic,3,1
CUST_006740,Treatment,19.78,24.16,36.11,42.47,high,East,Mobile,Basic,25,0
CUST_006741,Treatment,43.88,20.89,40.96,36.81,medium,East,Desktop,Basic,28,0
CUST_006742,Treatment,37.45,29.52,43.42,47.07,medium,North,Desktop,Basic,15,0
CUST_006743,Control,29.66,29.52,37.44,44.43,low,East,Desktop,Basic,1,1
CUST_006744,Control,24.55,15.43,21.45,19.56,low,East,Mobile,Basic,2,1
CUST_006745,Treatment,138.67,136.08,143.72,164.43,high,North,Desktop,Premium,1,1
CUST_006746,Treatment,51.7,33.79,37.72,38.98,medium,East,Tablet,Basic,2,1
CUST_006747,Control,49.07,34.55,39.61,53.93,medium,South,Desktop,Basic,1,1
CUST_006748,Treatment,136.08,135.92,150.3,166.5,high,West,Tablet,Enterprise,4,1
CUST_006749,Treatment,46.04,52.92,46.19,55.05,medium,North,Mobile,Premium,3,1
CUST_006750,Control,39.85,47.89,40.78,45.16,low,South,Desktop,Basic,26,0
CUST_006751,Control,71.29,73.32,69.97,72.39,low,North,Desktop,Enterprise,9,0
CUST_006752,Treatment,36.34,15.24,42.66,38.91,low,North,Desktop,Premium,13,0
CUST_006753,Treatment,42.57,40.24,44.41,62.36,medium,South,Tablet,Basic,5,1
CUST_006754,Control,115.22,115.83,129.56,136.26,medium,North,Desktop,Enterprise,11,0
CUST_006755,Treatment,138.01,147.28,166.81,181.02,high,West,Desktop,Enterprise,17,0
CUST_006756,Control,60.46,55.43,72.43,71.11,high,West,Desktop,Basic,11,0
CUST_006757,Control,42.09,35.22,28.81,52.22,medium,South,Mobile,Basic,6,0
CUST_006758,Control,246.67,244.36,243.92,257.52,high,North,Desktop,Enterprise,2,1
CUST_006759,Control,46.12,49.15,51.35,32.46,high,South,Desktop,Basic,1,1
CUST_006760,Control,50.6,48.38,51.37,52.99,high,South,Desktop,Basic,34,0
CUST_006761,Control,67.46,69.63,72.29,76.78,low,South,Desktop,Premium,12,0
CUST_006762,Treatment,115.64,115.13,123.43,131.04,medium,East,Desktop,Enterprise,6,0
CUST_006763,Treatment,14.61,13.23,5.72,12.61,low,South,Mobile,Basic,11,0
CUST_006764,Treatment,61.01,70.11,67.61,79.09,medium,West,Desktop,Premium,8,0
CUST_006765,Control,34.91,6.46,29.52,10.97,low,North,Mobile,Basic,2,1
CUST_006766,Control,112.46,141.79,125.72,144.76,high,South,Desktop,Enterprise,43,0
CUST_006767,Treatment,157.02,152.25,163.75,159.21,medium,South,Desktop,Premium,1,1
CUST_006768,Control,126.98,111.2,114.53,123.46,low,North,Desktop,Enterprise,1,1
CUST_006769,Treatment,60.2,69.61,79.73,68.5,low,East,Desktop,Enterprise,6,0
CUST_006770,Control,172.65,177.6,178.69,184.42,medium,North,Mobile,Enterprise,1,1
CUST_006771,Control,18.19,18.48,33.77,25.0,low,South,Mobile,Basic,1,1
CUST_006772,Control,61.45,94.9,82.06,73.43,low,East,Mobile,Enterprise,1,1
CUST_006773,Control,32.13,31.59,30.28,50.14,medium,East,Desktop,Basic,7,0
CUST_006774,Control,40.43,50.22,40.23,43.43,medium,North,Mobile,Premium,1,1
CUST_006775,Treatment,3.38,3.02,28.83,16.61,low,West,Mobile,Basic,8,0
CUST_006776,Control,92.97,93.63,107.47,107.84,medium,North,Desktop,Enterprise,19,0
CUST_006777,Control,32.52,37.14,49.69,57.13,low,East,Desktop,Enterprise,9,0
CUST_006778,Treatment,3.53,16.19,8.21,5.1,low,North,Tablet,Basic,1,1
CUST_006779,Treatment,48.27,41.93,59.76,43.14,medium,South,Desktop,Basic,4,1
CUST_006780,Control,61.38,74.4,66.45,79.41,medium,North,Mobile,Premium,31,0
CUST_006781,Treatment,52.13,47.99,42.04,72.45,high,South,Desktop,Basic,18,0
CUST_006782,Control,12.82,5.66,15.17,7.76,low,South,Mobile,Basic,3,1
CUST_006783,Control,58.32,49.36,56.15,62.46,medium,East,Mobile,Premium,13,0
CUST_006784,Treatment,19.81,22.79,23.85,42.0,medium,North,Mobile,Basic,13,0
CUST_006785,Treatment,64.95,77.31,83.01,86.16,medium,West,Desktop,Premium,16,0
CUST_006786,Treatment,62.85,56.1,63.05,73.74,low,East,Desktop,Premium,16,0
CUST_006787,Control,132.64,139.94,121.36,130.9,high,East,Tablet,Enterprise,14,0
CUST_006788,Control,24.48,17.07,34.99,21.68,low,West,Desktop,Basic,4,1
CUST_006789,Treatment,42.03,38.5,38.95,34.96,low,North,Mobile,Premium,2,1
CUST_006790,Treatment,15.65,13.33,23.75,27.44,medium,North,Desktop,Basic,12,0
CUST_006791,Control,30.6,24.36,41.2,35.93,medium,East,Mobile,Basic,3,1
CUST_006792,Treatment,18.27,29.53,22.2,33.21,low,East,Tablet,Basic,4,1
CUST_006793,Treatment,49.24,52.55,44.51,36.19,medium,South,Desktop,Premium,5,1
CUST_006794,Control,65.78,60.78,85.37,77.39,low,West,Mobile,Enterprise,5,1
CUST_006795,Control,29.46,32.59,21.9,28.77,medium,North,Mobile,Basic,6,0
CUST_006796,Treatment,72.01,77.22,72.63,81.63,low,West,Desktop,Enterprise,1,1
CUST_006797,Treatment,49.92,44.87,59.58,57.91,low,South,Mobile,Basic,3,1
CUST_006798,Control,81.15,79.97,80.06,79.77,medium,North,Mobile,Premium,10,0
CUST_006799,Treatment,78.33,90.61,79.99,92.75,low,East,Mobile,Premium,1,1
CUST_006800,Control,69.82,73.16,88.98,93.0,high,North,Desktop,Premium,4,1
CUST_006801,Treatment,32.39,31.27,23.6,25.9,low,West,Desktop,Basic,3,1
CUST_006802,Control,17.84,17.68,26.0,22.32,high,West,Desktop,Basic,5,1
CUST_006803,Treatment,38.95,56.68,61.82,46.01,low,East,Mobile,Premium,12,0
CUST_006804,Treatment,136.54,155.48,169.22,166.22,medium,East,Desktop,Enterprise,3,1
CUST_006805,Treatment,93.08,106.78,108.62,112.99,medium,North,Mobile,Enterprise,2,1
CUST_006806,Control,64.97,65.24,79.07,76.42,low,South,Mobile,Enterprise,1,1
CUST_006807,Control,69.69,63.21,68.1,67.46,low,West,Desktop,Enterprise,16,0
CUST_006808,Treatment,112.61,127.7,118.26,139.19,medium,North,Mobile,Enterprise,19,0
CUST_006809,Treatment,34.47,26.48,28.87,29.02,low,West,Desktop,Premium,1,1
CUST_006810,Control,40.22,20.88,24.36,34.24,low,South,Desktop,Premium,10,0
CUST_006811,Treatment,18.98,18.26,19.38,14.76,low,North,Desktop,Basic,4,1
CUST_006812,Treatment,136.43,158.13,139.08,153.37,medium,West,Desktop,Enterprise,15,0
CUST_006813,Control,43.11,44.2,23.41,42.4,medium,West,Mobile,Basic,14,0
CUST_006814,Treatment,33.46,35.22,29.63,13.83,medium,North,Desktop,Basic,2,1
CUST_006815,Control,100.82,96.94,120.08,112.58,high,West,Mobile,Premium,2,1
CUST_006816,Control,128.05,137.91,151.37,141.28,high,South,Mobile,Enterprise,16,0
CUST_006817,Treatment,53.23,60.42,54.47,43.38,low,South,Mobile,Premium,5,1
CUST_006818,Control,21.38,31.93,55.75,21.11,low,East,Desktop,Basic,14,0
CUST_006819,Control,43.87,30.76,36.03,41.39,medium,West,Desktop,Basic,6,0
CUST_006820,Control,113.03,121.69,106.84,127.63,medium,East,Mobile,Enterprise,52,0
CUST_006821,Control,133.99,131.53,135.2,138.89,medium,West,Tablet,Enterprise,31,0
CUST_006822,Control,113.13,101.57,109.6,114.15,low,North,Mobile,Enterprise,9,0
CUST_006823,Control,62.82,75.48,80.16,87.47,medium,East,Desktop,Premium,60,0
CUST_006824,Treatment,83.53,87.48,86.02,107.92,high,North,Mobile,Basic,19,0
CUST_006825,Control,20.16,29.95,23.8,38.46,medium,East,Mobile,Premium,21,0
CUST_006826,Treatment,40.13,49.39,46.65,50.24,medium,South,Desktop,Basic,30,0
CUST_006827,Treatment,33.87,46.96,49.46,50.64,medium,South,Desktop,Premium,2,1
CUST_006828,Control,20.28,35.54,45.92,52.27,medium,West,Desktop,Basic,33,0
CUST_006829,Treatment,21.62,34.33,30.11,14.09,low,West,Tablet,Basic,36,0
CUST_006830,Control,23.59,2.08,23.5,14.8,low,East,Desktop,Basic,52,0
CUST_006831,Control,61.13,72.33,71.83,73.53,medium,North,Desktop,Premium,25,0
CUST_006832,Treatment,48.6,47.95,73.08,61.24,medium,West,Mobile,Premium,4,1
CUST_006833,Treatment,13.43,25.32,40.09,45.72,low,North,Desktop,Basic,1,1
CUST_006834,Control,66.83,86.38,78.59,86.77,medium,West,Mobile,Premium,23,0
CUST_006835,Control,16.96,21.78,15.47,12.43,low,South,Mobile,Basic,8,0
CUST_006836,Treatment,145.57,158.98,150.43,155.82,medium,North,Desktop,Enterprise,3,1
CUST_006837,Control,65.93,60.14,70.56,65.93,low,North,Mobile,Enterprise,60,0
CUST_006838,Treatment,14.94,11.58,9.58,4.99,low,South,Mobile,Basic,1,1
CUST_006839,Treatment,26.74,21.27,26.57,26.07,medium,North,Desktop,Basic,5,1
CUST_006840,Control,33.64,45.77,35.0,39.77,medium,North,Desktop,Basic,1,1
CUST_006841,Control,47.4,44.27,43.97,53.82,high,East,Tablet,Basic,3,1
CUST_006842,Control,49.23,47.41,47.85,57.93,medium,South,Desktop,Premium,17,0
CUST_006843,Control,46.3,47.09,61.12,48.15,medium,East,Mobile,Basic,17,0
CUST_006844,Treatment,15.73,31.92,22.31,29.93,low,East,Desktop,Basic,4,1
CUST_006845,Treatment,92.21,115.72,103.23,123.26,medium,North,Mobile,Enterprise,18,0
CUST_006846,Control,23.47,9.47,14.86,13.88,low,East,Mobile,Basic,18,0
CUST_006847,Treatment,70.87,92.44,83.88,104.38,high,East,Mobile,Premium,1,1
CUST_006848,Control,61.28,54.92,54.99,50.71,medium,North,Desktop,Premium,5,1
CUST_006849,Control,40.65,42.41,51.69,61.64,low,East,Desktop,Premium,16,0
CUST_006850,Treatment,46.55,42.23,72.63,57.36,low,South,Mobile,Premium,5,1
CUST_006851,Treatment,104.15,110.67,105.77,107.49,high,North,Desktop,Premium,38,0
CUST_006852,Treatment,42.87,18.23,39.04,35.22,medium,West,Mobile,Basic,3,1
CUST_006853,Treatment,135.78,143.56,150.73,154.45,medium,West,Desktop,Enterprise,14,0
CUST_006854,Control,50.62,70.78,79.22,84.17,low,East,Mobile,Enterprise,12,0
CUST_006855,Control,19.18,31.39,38.57,59.06,medium,West,Mobile,Basic,10,0
CUST_006856,Treatment,19.61,21.92,23.88,36.16,low,North,Desktop,Basic,5,1
CUST_006857,Control,17.16,23.07,24.09,39.38,medium,East,Mobile,Basic,1,1
CUST_006858,Control,16.3,19.69,4.32,30.36,low,East,Desktop,Basic,22,0
CUST_006859,Control,67.11,71.4,68.43,43.42,medium,North,Desktop,Premium,9,0
CUST_006860,Control,41.54,31.57,49.23,34.32,medium,South,Mobile,Basic,9,0
CUST_006861,Control,15.13,16.36,23.66,23.75,low,East,Mobile,Basic,16,0
CUST_006862,Treatment,33.02,39.59,37.94,29.18,low,North,Desktop,Premium,1,1
CUST_006863,Treatment,22.57,20.92,36.43,17.45,low,North,Desktop,Basic,3,1
CUST_006864,Treatment,38.78,41.64,56.99,80.41,medium,West,Mobile,Premium,1,1
CUST_006865,Control,24.05,23.2,26.49,41.45,low,North,Mobile,Basic,8,0
CUST_006866,Control,20.92,14.75,19.37,0.0,low,East,Mobile,Basic,12,0
CUST_006867,Treatment,119.73,123.03,146.77,155.02,medium,North,Mobile,Enterprise,24,0
CUST_006868,Control,29.16,6.47,26.01,7.57,low,West,Desktop,Basic,14,0
CUST_006869,Control,151.66,168.24,174.78,182.71,high,East,Desktop,Enterprise,5,1
CUST_006870,Treatment,114.6,121.78,106.2,132.11,medium,West,Mobile,Enterprise,3,1
CUST_006871,Treatment,99.83,88.89,108.94,105.88,low,South,Mobile,Premium,10,0
CUST_006872,Treatment,31.98,26.63,42.74,29.55,high,East,Desktop,Basic,30,0
CUST_006873,Control,4.48,3.99,11.21,24.06,low,North,Desktop,Basic,35,0
CUST_006874,Treatment,39.58,40.17,45.05,51.89,medium,North,Mobile,Basic,1,1
CUST_006875,Treatment,184.01,188.89,178.5,206.18,medium,North,Tablet,Enterprise,7,0
CUST_006876,Control,135.83,139.27,148.4,172.44,high,South,Desktop,Enterprise,1,1
CUST_006877,Control,12.51,25.56,12.31,12.97,low,South,Desktop,Basic,13,0
CUST_006878,Treatment,94.76,109.89,97.76,122.81,medium,South,Mobile,Enterprise,2,1
CUST_006879,Control,32.12,36.97,28.57,19.61,low,North,Mobile,Basic,26,0
CUST_006880,Treatment,483.97,484.67,516.45,599.17,high,West,Desktop,Enterprise,8,0
CUST_006881,Control,124.33,114.05,130.33,127.81,high,South,Mobile,Enterprise,3,1
CUST_006882,Treatment,68.61,89.13,79.09,92.67,high,North,Mobile,Basic,1,1
CUST_006883,Control,54.88,60.6,59.28,64.48,medium,South,Desktop,Premium,27,0
CUST_006884,Control,104.44,112.74,110.92,108.16,medium,East,Tablet,Enterprise,43,0
CUST_006885,Treatment,79.38,54.95,57.72,83.65,high,North,Desktop,Premium,12,0
CUST_006886,Control,6.06,29.33,17.16,26.36,low,East,Desktop,Basic,24,0
CUST_006887,Control,172.88,165.82,173.24,171.63,medium,East,Mobile,Enterprise,4,1
CUST_006888,Treatment,34.83,23.17,14.79,22.47,medium,South,Mobile,Basic,4,1
CUST_006889,Control,163.09,166.71,155.61,175.24,medium,East,Tablet,Premium,28,0
CUST_006890,Control,6.77,26.45,18.98,26.01,low,West,Desktop,Basic,1,1
CUST_006891,Control,12.83,23.11,18.03,22.96,low,South,Desktop,Basic,2,1
CUST_006892,Control,14.68,0.42,41.58,17.86,low,North,Desktop,Basic,22,0
CUST_006893,Control,60.26,54.11,59.88,68.57,low,South,Desktop,Premium,14,0
CUST_006894,Control,47.79,43.46,42.06,28.37,medium,West,Mobile,Basic,14,0
CUST_006895,Control,30.53,26.17,28.64,11.09,medium,East,Mobile,Basic,16,0
CUST_006896,Control,106.72,93.83,100.54,109.99,medium,East,Tablet,Enterprise,11,0
CUST_006897,Treatment,100.98,110.62,111.78,105.56,medium,West,Mobile,Premium,27,0
CUST_006898,Treatment,108.65,123.17,104.94,124.25,low,West,Mobile,Enterprise,3,1
CUST_006899,Control,27.38,19.94,31.92,11.54,low,South,Tablet,Basic,2,1
CUST_006900,Treatment,8.24,25.39,10.48,1.03,low,North,Desktop,Basic,15,0
CUST_006901,Treatment,42.11,40.97,47.5,57.3,medium,South,Desktop,Premium,13,0
CUST_006902,Treatment,27.22,48.66,43.38,32.15,medium,West,Desktop,Basic,10,0
CUST_006903,Control,129.47,146.61,140.32,154.77,medium,South,Mobile,Enterprise,5,1
CUST_006904,Treatment,220.99,230.56,236.91,257.81,medium,North,Desktop,Enterprise,4,1
CUST_006905,Treatment,55.27,62.91,48.2,62.15,medium,North,Mobile,Premium,38,0
CUST_006906,Control,40.31,23.09,35.57,31.76,high,West,Desktop,Basic,7,0
CUST_006907,Control,66.04,64.42,85.07,86.6,low,East,Mobile,Enterprise,1,1
CUST_006908,Control,35.18,24.41,35.91,44.24,medium,West,Desktop,Basic,4,1
CUST_006909,Treatment,54.16,42.09,46.82,49.12,low,South,Mobile,Premium,4,1
CUST_006910,Treatment,12.01,4.14,17.6,34.61,low,East,Desktop,Basic,60,0
CUST_006911,Treatment,43.47,48.09,46.39,48.24,low,South,Desktop,Premium,8,0
CUST_006912,Treatment,132.25,125.52,142.88,161.63,high,North,Mobile,Premium,7,0
CUST_006913,Treatment,38.56,41.84,31.33,36.6,medium,West,Desktop,Basic,5,1
CUST_006914,Control,98.8,103.69,120.44,116.05,high,West,Mobile,Premium,27,0
CUST_006915,Control,11.81,33.62,35.61,28.97,low,East,Desktop,Basic,5,1
CUST_006916,Treatment,90.16,67.92,79.44,97.87,medium,North,Mobile,Premium,28,0
CUST_006917,Control,29.91,27.58,44.25,42.1,low,East,Desktop,Premium,15,0
CUST_006918,Control,48.49,50.41,50.03,56.31,medium,East,Mobile,Premium,7,0
CUST_006919,Treatment,192.91,173.29,193.51,215.15,high,North,Desktop,Enterprise,1,1
CUST_006920,Treatment,15.76,27.96,10.84,21.48,low,North,Desktop,Basic,9,0
CUST_006921,Treatment,83.1,72.07,93.43,97.58,medium,North,Tablet,Premium,39,0
CUST_006922,Treatment,115.7,146.76,131.44,147.88,low,South,Mobile,Enterprise,30,0
CUST_006923,Treatment,69.9,64.21,56.69,68.49,medium,West,Mobile,Basic,21,0
CUST_006924,Control,98.31,111.22,116.24,118.04,low,West,Desktop,Enterprise,4,1
CUST_006925,Treatment,28.86,51.02,36.1,24.13,high,West,Desktop,Basic,13,0
CUST_006926,Control,91.51,78.77,72.84,76.97,medium,East,Desktop,Premium,32,0
CUST_006927,Treatment,15.59,30.66,17.75,22.49,low,East,Desktop,Basic,2,1
CUST_006928,Control,22.19,26.92,29.47,29.14,high,South,Mobile,Basic,1,1
CUST_006929,Treatment,89.09,86.42,88.49,101.46,high,West,Desktop,Premium,9,0
CUST_006930,Treatment,31.45,26.48,43.04,32.34,medium,North,Mobile,Basic,56,0
CUST_006931,Treatment,30.89,34.73,25.97,37.22,medium,North,Desktop,Basic,1,1
CUST_006932,Control,34.95,49.87,69.5,53.66,medium,West,Desktop,Basic,2,1
CUST_006933,Control,128.2,131.52,140.87,147.68,medium,North,Mobile,Enterprise,1,1
CUST_006934,Control,82.58,92.21,114.41,104.96,medium,South,Desktop,Enterprise,44,0
CUST_006935,Treatment,51.65,58.39,63.01,44.86,medium,West,Mobile,Premium,27,0
CUST_006936,Control,23.58,17.12,20.41,13.05,medium,South,Desktop,Basic,6,0
CUST_006937,Treatment,16.8,32.94,29.56,30.97,medium,West,Desktop,Premium,5,1
CUST_006938,Treatment,43.23,37.44,40.56,44.06,low,East,Mobile,Basic,21,0
CUST_006939,Control,86.03,48.79,77.38,80.98,medium,North,Mobile,Premium,4,1
CUST_006940,Treatment,114.62,113.59,114.88,147.68,high,East,Desktop,Premium,4,1
CUST_006941,Treatment,24.57,35.87,21.4,20.99,low,South,Mobile,Basic,1,1
CUST_006942,Treatment,57.68,53.4,70.09,71.34,low,West,Mobile,Enterprise,1,1
CUST_006943,Treatment,44.22,51.88,46.05,44.27,medium,West,Mobile,Basic,20,0
CUST_006944,Control,38.35,47.0,32.46,37.52,medium,West,Mobile,Basic,4,1
CUST_006945,Control,52.52,82.68,68.39,76.79,medium,West,Desktop,Premium,30,0
CUST_006946,Control,53.31,45.97,53.8,57.09,medium,North,Desktop,Premium,53,0
CUST_006947,Control,61.94,62.0,50.23,71.01,high,South,Mobile,Basic,53,0
CUST_006948,Control,26.02,25.46,27.7,18.53,medium,North,Mobile,Basic,16,0
CUST_006949,Control,14.67,25.18,16.79,22.75,medium,East,Desktop,Basic,35,0
CUST_006950,Treatment,27.15,38.02,34.74,37.03,medium,North,Desktop,Basic,16,0
CUST_006951,Treatment,133.48,134.75,130.9,140.67,medium,South,Mobile,Premium,9,0
CUST_006952,Control,131.02,109.62,126.47,129.13,high,South,Mobile,Enterprise,34,0
CUST_006953,Treatment,47.22,50.09,50.54,48.28,low,West,Desktop,Enterprise,27,0
CUST_006954,Control,27.07,14.46,27.17,32.65,medium,North,Desktop,Basic,7,0
CUST_006955,Treatment,59.28,51.65,53.33,79.81,low,North,Mobile,Basic,2,1
CUST_006956,Treatment,94.22,87.36,75.68,105.97,low,East,Tablet,Enterprise,9,0
CUST_006957,Treatment,37.67,28.03,20.24,18.94,low,North,Mobile,Basic,1,1
CUST_006958,Control,21.33,33.92,16.12,26.07,low,East,Desktop,Basic,32,0
CUST_006959,Control,64.46,72.16,65.65,78.84,medium,East,Desktop,Premium,4,1
CUST_006960,Treatment,31.67,34.17,56.16,44.32,low,West,Tablet,Premium,3,1
CUST_006961,Control,40.61,57.82,38.79,63.16,low,East,Mobile,Premium,26,0
CUST_006962,Treatment,45.67,45.23,54.18,35.37,low,North,Desktop,Premium,57,0
CUST_006963,Control,52.27,77.85,65.58,65.01,medium,North,Desktop,Premium,5,1
CUST_006964,Treatment,47.64,77.73,69.54,53.17,low,North,Mobile,Premium,16,0
CUST_006965,Control,59.67,47.98,55.07,72.29,medium,South,Mobile,Basic,31,0
CUST_006966,Control,118.51,95.15,92.42,130.48,high,North,Desktop,Premium,40,0
CUST_006967,Treatment,26.77,46.94,22.97,45.44,medium,North,Desktop,Basic,7,0
CUST_006968,Treatment,41.31,49.04,35.39,42.82,low,East,Desktop,Premium,2,1
CUST_006969,Treatment,27.16,8.66,15.15,13.22,medium,West,Desktop,Basic,12,0
CUST_006970,Control,75.65,79.92,90.38,72.3,medium,West,Mobile,Premium,31,0
CUST_006971,Treatment,29.1,34.67,21.9,25.5,low,South,Desktop,Basic,36,0
CUST_006972,Treatment,63.24,58.76,70.54,45.0,medium,North,Desktop,Premium,28,0
CUST_006973,Control,70.05,63.2,66.89,67.9,low,East,Desktop,Enterprise,1,1
CUST_006974,Treatment,22.5,8.72,9.77,1.96,low,South,Desktop,Basic,14,0
CUST_006975,Treatment,20.43,37.35,16.43,32.81,low,East,Mobile,Basic,1,1
CUST_006976,Treatment,244.45,255.54,263.15,299.69,high,East,Desktop,Enterprise,19,0
CUST_006977,Control,6.88,4.79,4.35,15.21,low,West,Desktop,Basic,18,0
CUST_006978,Control,38.24,44.99,55.73,29.87,low,East,Tablet,Premium,18,0
CUST_006979,Treatment,24.63,29.96,35.99,29.04,medium,North,Desktop,Basic,11,0
CUST_006980,Control,15.11,26.78,21.94,15.1,medium,North,Mobile,Basic,4,1
CUST_006981,Control,82.06,75.7,77.25,82.05,medium,North,Mobile,Premium,1,1
CUST_006982,Treatment,29.71,46.01,46.29,52.84,low,South,Desktop,Premium,1,1
CUST_006983,Treatment,26.1,17.25,29.37,21.78,low,North,Tablet,Basic,2,1
CUST_006984,Treatment,42.67,74.73,65.38,69.26,medium,West,Mobile,Premium,31,0
CUST_006985,Control,281.66,280.44,296.87,310.82,medium,North,Mobile,Enterprise,24,0
CUST_006986,Control,74.97,95.91,84.46,84.75,low,West,Mobile,Enterprise,1,1
CUST_006987,Treatment,65.52,68.27,62.64,62.01,high,South,Desktop,Basic,7,0
CUST_006988,Control,129.45,130.05,132.44,149.75,low,North,Mobile,Enterprise,19,0
CUST_006989,Treatment,40.99,49.07,50.47,37.6,medium,West,Desktop,Basic,26,0
CUST_006990,Treatment,75.85,76.23,79.43,93.15,low,West,Desktop,Enterprise,20,0
CUST_006991,Control,27.62,47.07,45.06,48.91,low,East,Mobile,Basic,4,1
CUST_006992,Control,25.58,32.39,35.27,36.65,low,South,Desktop,Basic,14,0
CUST_006993,Treatment,57.42,46.57,48.03,65.77,high,East,Desktop,Premium,1,1
CUST_006994,Control,28.96,24.89,35.74,38.09,low,South,Desktop,Premium,21,0
CUST_006995,Treatment,26.97,24.66,21.3,45.19,high,West,Desktop,Basic,22,0
CUST_006996,Control,60.8,85.3,73.25,81.98,medium,North,Desktop,Premium,11,0
CUST_006997,Control,33.56,44.68,56.83,49.7,low,West,Desktop,Premium,11,0
CUST_006998,Treatment,31.77,35.51,20.33,22.78,low,South,Desktop,Basic,11,0
CUST_006999,Treatment,6.43,8.44,10.06,16.8,low,West,Desktop,Basic,5,1
CUST_007000,Treatment,70.91,84.48,66.32,72.41,low,South,Desktop,Enterprise,4,1
CUST_007001,Control,47.25,18.59,50.61,36.38,low,South,Desktop,Premium,1,1
CUST_007002,Control,17.53,3.19,3.02,17.74,low,North,Mobile,Basic,7,0
CUST_007003,Treatment,17.68,17.2,13.9,3.94,medium,East,Desktop,Basic,1,1
CUST_007004,Treatment,38.36,36.52,31.17,43.41,high,North,Desktop,Basic,13,0
CUST_007005,Control,35.28,23.49,18.96,29.58,low,West,Desktop,Basic,2,1
CUST_007006,Control,15.59,35.8,32.32,33.6,medium,North,Desktop,Premium,5,1
CUST_007007,Treatment,68.85,63.52,64.22,81.15,low,North,Mobile,Enterprise,22,0
CUST_007008,Control,81.35,58.36,82.42,73.37,high,West,Desktop,Basic,11,0
CUST_007009,Treatment,86.27,115.08,102.95,130.04,high,East,Desktop,Premium,15,0
CUST_007010,Treatment,54.19,29.49,41.34,53.11,high,East,Desktop,Basic,7,0
CUST_007011,Control,22.57,28.79,33.07,21.71,low,North,Mobile,Basic,1,1
CUST_007012,Treatment,54.74,50.79,58.51,66.68,low,North,Desktop,Premium,16,0
CUST_007013,Treatment,14.66,17.51,17.35,12.96,low,West,Desktop,Basic,1,1
CUST_007014,Control,30.28,57.63,30.59,48.38,low,East,Desktop,Premium,33,0
CUST_007015,Treatment,44.23,32.7,54.77,45.1,low,South,Desktop,Basic,10,0
CUST_007016,Treatment,54.48,44.82,56.5,68.56,medium,North,Desktop,Premium,2,1
CUST_007017,Treatment,29.37,33.52,34.98,34.51,low,East,Desktop,Basic,20,0
CUST_007018,Control,57.21,59.72,50.98,63.13,medium,North,Mobile,Premium,1,1
CUST_007019,Treatment,41.11,54.39,61.52,48.71,high,North,Mobile,Basic,20,0
CUST_007020,Treatment,33.89,24.52,32.49,10.17,low,East,Mobile,Basic,37,0
CUST_007021,Control,110.99,115.08,111.71,125.52,medium,North,Desktop,Enterprise,19,0
CUST_007022,Treatment,48.52,48.19,55.41,51.75,medium,East,Desktop,Premium,46,0
CUST_007023,Control,35.53,36.64,48.51,55.0,medium,West,Desktop,Basic,9,0
CUST_007024,Control,118.97,109.05,117.76,130.37,medium,East,Desktop,Enterprise,2,1
CUST_007025,Control,86.32,69.18,82.71,84.35,medium,North,Tablet,Premium,8,0
CUST_007026,Treatment,273.05,282.96,279.6,336.77,high,East,Mobile,Enterprise,6,0
CUST_007027,Treatment,48.55,36.35,31.19,40.21,low,West,Mobile,Premium,2,1
CUST_007028,Treatment,98.85,86.56,100.49,95.94,high,North,Mobile,Premium,1,1
CUST_007029,Treatment,83.22,102.2,99.29,106.43,medium,West,Mobile,Premium,1,1
CUST_007030,Treatment,83.84,70.15,83.26,94.88,medium,East,Desktop,Enterprise,10,0
CUST_007031,Control,45.9,47.49,44.65,29.63,medium,East,Desktop,Premium,38,0
CUST_007032,Control,13.1,23.4,14.67,32.28,low,South,Desktop,Basic,3,1
CUST_007033,Control,23.38,48.68,31.17,40.77,low,East,Mobile,Basic,1,1
CUST_007034,Control,105.59,127.08,130.44,124.28,high,South,Desktop,Premium,25,0
CUST_007035,Treatment,130.4,135.76,129.21,175.37,high,East,Desktop,Premium,17,0
CUST_007036,Control,122.77,118.9,118.31,123.81,high,East,Desktop,Enterprise,49,0
CUST_007037,Treatment,51.56,35.29,22.32,31.06,high,West,Desktop,Basic,9,0
CUST_007038,Treatment,183.6,174.01,177.63,214.29,high,East,Tablet,Enterprise,22,0
CUST_007039,Control,56.34,64.31,67.83,60.31,medium,East,Desktop,Premium,7,0
CUST_007040,Control,56.03,66.81,48.8,65.85,low,North,Desktop,Enterprise,13,0
CUST_007041,Treatment,35.4,41.01,59.61,62.86,low,South,Desktop,Enterprise,14,0
CUST_007042,Treatment,12.15,34.42,31.42,43.87,low,East,Mobile,Premium,1,1
CUST_007043,Treatment,57.08,61.42,67.2,79.09,high,East,Mobile,Basic,3,1
CUST_007044,Treatment,7.81,12.15,15.87,25.58,low,North,Desktop,Basic,19,0
CUST_007045,Treatment,13.1,15.32,15.19,18.64,low,South,Desktop,Basic,8,0
CUST_007046,Treatment,81.91,66.98,108.43,111.45,high,South,Desktop,Premium,27,0
CUST_007047,Treatment,26.01,14.85,9.21,28.32,medium,South,Desktop,Basic,4,1
CUST_007048,Treatment,110.88,120.17,119.87,123.73,high,West,Desktop,Premium,5,1
CUST_007049,Control,37.13,51.29,43.15,22.43,medium,North,Mobile,Premium,4,1
CUST_007050,Treatment,94.12,69.26,78.62,90.6,low,East,Desktop,Enterprise,49,0
CUST_007051,Treatment,56.75,70.52,56.85,63.2,medium,North,Mobile,Premium,21,0
CUST_007052,Treatment,17.56,20.73,44.3,34.03,low,North,Mobile,Basic,38,0
CUST_007053,Control,15.41,22.56,13.98,22.64,low,East,Desktop,Basic,60,0
CUST_007054,Treatment,27.99,37.42,29.82,16.21,medium,East,Mobile,Basic,3,1
CUST_007055,Treatment,42.88,25.06,33.15,33.06,high,West,Mobile,Basic,17,0
CUST_007056,Control,40.76,47.54,40.48,57.6,low,North,Desktop,Basic,15,0
CUST_007057,Control,61.29,54.31,45.65,63.37,medium,North,Desktop,Premium,14,0
CUST_007058,Control,103.4,110.77,104.53,122.23,medium,West,Mobile,Premium,15,0
CUST_007059,Control,40.1,40.65,27.43,36.01,low,East,Desktop,Basic,1,1
CUST_007060,Control,24.33,33.66,32.11,19.09,low,South,Mobile,Basic,9,0
CUST_007061,Control,173.74,177.65,179.07,190.96,high,West,Desktop,Enterprise,52,0
CUST_007062,Control,67.21,71.21,67.58,69.69,medium,North,Mobile,Premium,2,1
CUST_007063,Treatment,41.2,40.52,43.36,20.92,high,West,Mobile,Basic,1,1
CUST_007064,Treatment,19.58,22.54,9.37,19.17,low,South,Mobile,Basic,10,0
CUST_007065,Treatment,38.08,43.74,27.37,50.84,medium,North,Desktop,Basic,9,0
CUST_007066,Control,35.65,30.41,29.79,39.15,low,East,Desktop,Basic,10,0
CUST_007067,Control,25.27,30.17,43.85,38.58,low,West,Desktop,Premium,11,0
CUST_007068,Treatment,69.25,92.68,68.1,74.13,high,West,Mobile,Basic,21,0
CUST_007069,Treatment,14.71,31.44,14.46,26.95,low,North,Mobile,Basic,11,0
CUST_007070,Treatment,17.37,37.48,39.79,29.58,low,West,Desktop,Basic,13,0
CUST_007071,Treatment,74.2,72.76,82.42,74.38,medium,East,Desktop,Premium,10,0
CUST_007072,Treatment,76.22,93.19,87.5,66.14,medium,North,Mobile,Premium,41,0
CUST_007073,Control,64.62,49.45,61.34,73.8,low,East,Desktop,Enterprise,1,1
CUST_007074,Treatment,49.64,40.13,47.37,29.46,low,East,Tablet,Premium,26,0
CUST_007075,Treatment,26.41,19.13,13.85,23.2,low,West,Desktop,Basic,21,0
CUST_007076,Control,14.96,20.21,27.1,33.03,low,North,Tablet,Basic,1,1
CUST_007077,Control,138.22,131.38,152.67,166.18,high,South,Mobile,Premium,17,0
CUST_007078,Control,78.97,80.42,79.68,85.02,low,South,Mobile,Premium,1,1
CUST_007079,Control,8.97,26.99,33.28,18.62,medium,South,Desktop,Basic,32,0
CUST_007080,Treatment,64.27,61.18,61.94,75.62,low,East,Mobile,Enterprise,13,0
CUST_007081,Treatment,44.88,52.13,57.22,64.84,high,West,Desktop,Basic,11,0
CUST_007082,Control,101.02,86.01,73.27,107.07,high,North,Mobile,Premium,1,1
CUST_007083,Treatment,93.86,97.74,96.35,122.96,low,North,Desktop,Enterprise,1,1
CUST_007084,Treatment,69.3,98.58,86.6,89.29,low,South,Desktop,Enterprise,8,0
CUST_007085,Treatment,24.23,40.79,33.36,29.23,medium,East,Tablet,Basic,8,0
CUST_007086,Treatment,101.44,109.03,116.93,127.14,medium,East,Desktop,Enterprise,14,0
CUST_007087,Control,48.6,42.22,35.28,42.99,medium,South,Mobile,Basic,48,0
CUST_007088,Treatment,14.19,23.5,22.88,23.36,medium,East,Desktop,Basic,12,0
CUST_007089,Treatment,50.56,58.68,63.59,72.66,medium,North,Tablet,Premium,22,0
CUST_007090,Treatment,71.95,73.81,60.34,60.1,medium,South,Desktop,Premium,3,1
CUST_007091,Treatment,79.21,64.28,68.94,83.74,high,East,Mobile,Basic,8,0
CUST_007092,Treatment,65.78,80.69,69.72,91.38,low,West,Mobile,Premium,48,0
CUST_007093,Treatment,89.4,86.44,77.91,79.1,medium,East,Desktop,Enterprise,9,0
CUST_007094,Control,34.02,52.48,50.51,43.62,low,North,Mobile,Basic,12,0
CUST_007095,Control,51.85,53.18,61.46,70.02,medium,East,Mobile,Premium,9,0
CUST_007096,Control,79.12,96.45,78.29,98.97,high,West,Desktop,Basic,5,1
CUST_007097,Control,19.3,0.0,13.09,25.34,medium,South,Mobile,Basic,43,0
CUST_007098,Treatment,11.9,23.42,13.09,21.31,low,West,Mobile,Basic,35,0
CUST_007099,Control,41.88,35.6,38.42,43.54,high,South,Mobile,Basic,27,0
CUST_007100,Treatment,25.39,23.14,30.45,31.38,low,West,Desktop,Premium,34,0
CUST_007101,Treatment,69.43,69.87,65.15,80.5,high,West,Mobile,Basic,2,1
CUST_007102,Control,100.74,96.4,97.59,87.87,medium,South,Desktop,Premium,14,0
CUST_007103,Control,78.09,67.99,62.8,83.75,medium,West,Mobile,Premium,16,0
CUST_007104,Control,108.83,99.42,99.08,112.52,medium,North,Mobile,Enterprise,23,0
CUST_007105,Treatment,123.8,110.36,111.13,122.11,high,North,Mobile,Enterprise,14,0
CUST_007106,Control,34.9,49.39,44.25,36.84,medium,East,Desktop,Basic,1,1
CUST_007107,Control,187.94,201.81,210.47,212.46,medium,West,Desktop,Enterprise,38,0
CUST_007108,Control,29.89,26.49,28.92,23.63,medium,East,Desktop,Basic,8,0
CUST_007109,Treatment,25.21,23.66,12.38,35.22,medium,West,Desktop,Basic,4,1
CUST_007110,Control,75.1,76.33,63.02,87.19,medium,West,Desktop,Premium,8,0
CUST_007111,Control,60.22,73.74,76.9,83.62,low,South,Mobile,Enterprise,7,0
CUST_007112,Control,99.22,117.32,119.28,121.68,low,North,Mobile,Enterprise,20,0
CUST_007113,Treatment,42.92,59.21,42.51,54.14,low,East,Mobile,Premium,1,1
CUST_007114,Treatment,27.85,27.15,19.19,41.68,medium,West,Desktop,Basic,17,0
CUST_007115,Control,20.97,29.25,34.84,38.34,high,South,Desktop,Basic,27,0
CUST_007116,Control,32.18,48.89,45.45,48.0,medium,East,Mobile,Basic,56,0
CUST_007117,Control,38.91,44.09,33.28,38.72,high,West,Desktop,Basic,1,1
CUST_007118,Control,73.79,83.41,75.91,88.14,high,West,Mobile,Premium,8,0
CUST_007119,Control,30.87,41.57,33.64,24.7,medium,North,Desktop,Premium,6,0
CUST_007120,Treatment,46.2,43.56,39.46,52.28,medium,North,Desktop,Premium,12,0
CUST_007121,Treatment,91.61,89.81,98.52,102.54,low,North,Desktop,Enterprise,26,0
CUST_007122,Control,19.76,30.11,21.72,40.58,low,West,Mobile,Basic,1,1
CUST_007123,Control,45.32,45.71,59.53,48.74,medium,West,Tablet,Premium,60,0
CUST_007124,Control,29.46,34.56,34.4,49.0,medium,East,Mobile,Basic,7,0
CUST_007125,Treatment,16.68,17.6,25.02,36.42,medium,West,Tablet,Basic,1,1
CUST_007126,Control,33.79,49.99,28.71,39.59,medium,South,Desktop,Premium,7,0
CUST_007127,Treatment,215.77,221.13,221.45,257.25,high,South,Desktop,Enterprise,1,1
CUST_007128,Treatment,87.69,77.9,69.1,85.69,medium,West,Desktop,Enterprise,11,0
CUST_007129,Control,30.2,59.85,61.2,63.29,medium,North,Desktop,Premium,55,0
CUST_007130,Control,36.7,53.33,39.71,34.1,low,North,Desktop,Basic,7,0
CUST_007131,Treatment,52.58,36.07,43.83,45.82,low,East,Mobile,Premium,6,0
CUST_007132,Treatment,96.51,99.41,117.14,133.39,high,North,Desktop,Enterprise,4,1
CUST_007133,Control,13.23,23.73,7.59,0.0,low,South,Desktop,Basic,16,0
CUST_007134,Treatment,25.39,18.71,18.14,17.86,medium,North,Mobile,Basic,3,1
CUST_007135,Treatment,19.46,23.8,26.71,27.22,medium,South,Mobile,Basic,1,1
CUST_007136,Control,49.59,43.91,39.81,55.98,high,East,Tablet,Basic,12,0
CUST_007137,Treatment,24.86,41.2,33.72,35.45,low,West,Desktop,Premium,5,1
CUST_007138,Treatment,42.28,28.03,41.08,32.07,low,South,Desktop,Premium,4,1
CUST_007139,Control,22.65,30.53,17.47,24.4,medium,North,Desktop,Basic,23,0
CUST_007140,Control,58.42,39.87,46.72,64.07,high,East,Mobile,Basic,15,0
CUST_007141,Control,28.03,23.47,25.21,27.11,medium,North,Mobile,Basic,9,0
CUST_007142,Treatment,103.85,111.22,113.42,108.33,medium,North,Mobile,Enterprise,8,0
CUST_007143,Treatment,61.12,34.96,71.69,50.75,medium,East,Desktop,Premium,10,0
CUST_007144,Control,18.64,17.95,27.96,19.57,low,East,Desktop,Basic,4,1
CUST_007145,Treatment,81.68,68.71,78.86,64.4,medium,West,Mobile,Premium,5,1
CUST_007146,Treatment,45.63,66.6,74.83,61.05,medium,East,Desktop,Premium,6,0
CUST_007147,Control,42.37,47.15,46.31,60.06,medium,North,Mobile,Premium,8,0
CUST_007148,Treatment,44.36,44.29,38.82,48.23,high,East,Mobile,Basic,2,1
CUST_007149,Treatment,58.23,66.26,58.33,80.91,high,North,Mobile,Basic,20,0
CUST_007150,Control,29.85,39.58,52.49,35.79,high,South,Mobile,Basic,22,0
CUST_007151,Treatment,151.02,156.79,167.3,172.5,low,East,Mobile,Enterprise,9,0
CUST_007152,Control,96.51,73.21,91.61,99.87,medium,South,Mobile,Enterprise,9,0
CUST_007153,Treatment,8.54,32.18,33.37,35.39,medium,East,Mobile,Basic,9,0
CUST_007154,Treatment,10.69,15.24,22.93,11.78,medium,West,Desktop,Basic,2,1
CUST_007155,Treatment,13.22,35.75,0.0,23.98,medium,South,Desktop,Basic,10,0
CUST_007156,Control,210.19,229.31,216.97,255.19,medium,North,Desktop,Enterprise,6,0
CUST_007157,Control,152.87,150.87,157.69,162.94,medium,West,Desktop,Enterprise,2,1
CUST_007158,Control,30.21,3.7,31.81,27.49,low,East,Mobile,Premium,60,0
CUST_007159,Control,49.93,40.08,50.65,43.93,medium,West,Mobile,Premium,12,0
CUST_007160,Control,83.73,96.73,90.57,82.3,low,North,Desktop,Enterprise,21,0
CUST_007161,Treatment,45.47,35.18,30.85,39.11,medium,East,Desktop,Premium,30,0
CUST_007162,Treatment,77.22,83.2,83.4,95.27,low,West,Desktop,Enterprise,1,1
CUST_007163,Control,35.26,48.52,45.73,23.97,medium,South,Desktop,Basic,4,1
CUST_007164,Treatment,25.49,7.4,13.98,21.4,low,South,Desktop,Basic,9,0
CUST_007165,Control,24.38,25.28,26.46,10.75,high,South,Desktop,Basic,23,0
CUST_007166,Treatment,25.47,17.09,14.8,14.72,low,South,Tablet,Basic,30,0
CUST_007167,Control,2.97,12.16,26.24,18.5,low,North,Desktop,Basic,1,1
CUST_007168,Control,49.27,56.32,58.53,53.92,medium,South,Desktop,Premium,5,1
CUST_007169,Treatment,11.4,29.34,41.49,28.65,low,East,Desktop,Basic,4,1
CUST_007170,Control,145.53,148.18,153.9,145.97,high,South,Desktop,Enterprise,2,1
CUST_007171,Control,48.14,54.19,63.45,53.7,low,East,Desktop,Premium,13,0
CUST_007172,Treatment,23.72,25.74,25.83,26.11,medium,East,Tablet,Basic,4,1
CUST_007173,Treatment,57.01,44.16,60.21,57.27,low,East,Desktop,Premium,13,0
CUST_007174,Control,57.79,75.81,89.45,78.42,low,South,Mobile,Enterprise,4,1
CUST_007175,Treatment,40.26,36.93,38.71,49.91,medium,West,Desktop,Basic,18,0
CUST_007176,Control,127.82,130.64,142.34,131.89,medium,East,Mobile,Enterprise,4,1
CUST_007177,Treatment,44.26,47.97,34.92,62.51,low,North,Mobile,Premium,34,0
CUST_007178,Treatment,53.86,38.07,40.64,60.27,low,South,Tablet,Premium,10,0
CUST_007179,Treatment,10.65,30.0,22.12,20.07,low,West,Desktop,Basic,34,0
CUST_007180,Treatment,109.52,107.71,111.61,120.14,low,West,Desktop,Enterprise,1,1
CUST_007181,Control,114.23,97.32,106.34,115.85,high,East,Desktop,Enterprise,1,1
CUST_007182,Treatment,19.86,21.63,14.31,4.44,low,East,Desktop,Premium,7,0
CUST_007183,Control,47.56,57.13,50.09,65.48,high,East,Desktop,Basic,5,1
CUST_007184,Control,40.07,18.3,28.2,25.29,low,North,Mobile,Basic,1,1
CUST_007185,Treatment,11.86,20.72,24.18,22.48,low,East,Desktop,Basic,20,0
CUST_007186,Treatment,41.16,57.36,31.81,42.02,medium,East,Desktop,Basic,4,1
CUST_007187,Treatment,60.36,58.82,64.63,68.67,high,North,Mobile,Basic,1,1
CUST_007188,Control,52.22,60.66,61.72,56.89,medium,South,Mobile,Premium,1,1
CUST_007189,Control,49.75,56.35,64.58,68.06,medium,North,Mobile,Premium,2,1
CUST_007190,Control,53.81,66.21,60.56,64.21,low,South,Mobile,Premium,4,1
CUST_007191,Treatment,26.02,25.18,30.36,36.32,low,West,Desktop,Basic,17,0
CUST_007192,Control,11.01,13.06,22.27,18.6,low,South,Mobile,Basic,10,0
CUST_007193,Treatment,27.47,16.51,31.44,28.43,low,North,Desktop,Basic,1,1
CUST_007194,Treatment,36.89,33.18,35.68,29.84,low,West,Desktop,Basic,4,1
CUST_007195,Control,36.75,29.06,18.55,10.89,medium,North,Desktop,Basic,31,0
CUST_007196,Treatment,53.31,67.75,64.81,73.8,medium,North,Mobile,Basic,38,0
CUST_007197,Control,105.51,117.4,114.02,108.14,high,South,Mobile,Premium,12,0
CUST_007198,Treatment,42.14,46.52,72.38,59.05,medium,East,Desktop,Premium,1,1
CUST_007199,Control,40.63,43.25,54.02,48.03,medium,North,Desktop,Basic,18,0
CUST_007200,Control,80.84,71.7,92.42,93.7,high,North,Desktop,Basic,7,0
CUST_007201,Treatment,75.33,79.31,54.18,72.42,medium,North,Mobile,Premium,30,0
CUST_007202,Control,53.37,62.22,69.81,72.71,medium,East,Desktop,Premium,29,0
CUST_007203,Treatment,23.39,31.59,35.64,41.71,medium,North,Desktop,Basic,1,1
CUST_007204,Control,19.24,20.13,14.71,16.62,low,East,Mobile,Basic,60,0
CUST_007205,Control,40.28,43.89,41.49,45.55,low,West,Mobile,Premium,12,0
CUST_007206,Control,29.0,25.77,35.83,34.56,medium,West,Desktop,Basic,24,0
CUST_007207,Control,58.06,67.51,55.96,67.49,high,North,Desktop,Basic,1,1
CUST_007208,Control,75.1,68.44,75.21,72.07,medium,South,Desktop,Premium,1,1
CUST_007209,Treatment,32.59,25.28,24.69,28.57,medium,West,Desktop,Basic,3,1
CUST_007210,Treatment,12.87,20.75,19.75,16.05,medium,North,Mobile,Basic,9,0
CUST_007211,Control,83.78,81.43,87.1,78.6,medium,East,Desktop,Premium,1,1
CUST_007212,Treatment,34.94,28.12,15.08,33.73,medium,South,Mobile,Basic,8,0
CUST_007213,Treatment,66.74,74.42,68.99,79.1,medium,South,Desktop,Premium,1,1
CUST_007214,Treatment,30.68,29.31,36.68,41.89,medium,North,Mobile,Basic,3,1
CUST_007215,Treatment,46.75,47.61,56.35,51.59,low,West,Desktop,Enterprise,5,1
CUST_007216,Treatment,100.51,97.69,98.89,118.34,medium,South,Desktop,Enterprise,20,0
CUST_007217,Control,47.53,37.53,37.01,55.68,medium,North,Mobile,Premium,19,0
CUST_007218,Control,11.3,19.88,20.36,27.31,low,East,Desktop,Basic,13,0
CUST_007219,Treatment,26.99,24.65,43.76,37.49,medium,West,Desktop,Basic,15,0
CUST_007220,Treatment,75.39,84.6,80.22,90.21,high,South,Mobile,Basic,8,0
CUST_007221,Control,67.46,65.67,66.86,76.16,high,South,Mobile,Premium,18,0
CUST_007222,Treatment,35.3,9.95,22.99,45.45,medium,South,Desktop,Basic,3,1
CUST_007223,Control,72.8,71.69,69.75,71.01,high,South,Desktop,Basic,20,0
CUST_007224,Control,59.12,86.33,71.3,74.7,low,East,Desktop,Premium,11,0
CUST_007225,Control,66.89,51.09,49.71,62.09,medium,South,Mobile,Basic,1,1
CUST_007226,Control,38.18,25.71,31.95,41.76,low,South,Mobile,Basic,9,0
CUST_007227,Control,101.16,105.25,101.79,96.43,medium,North,Mobile,Enterprise,17,0
CUST_007228,Treatment,125.78,143.47,126.19,152.1,high,North,Desktop,Premium,12,0
CUST_007229,Treatment,56.84,48.58,61.89,51.97,low,East,Mobile,Premium,43,0
CUST_007230,Control,13.34,18.98,28.84,18.51,medium,East,Desktop,Basic,43,0
CUST_007231,Treatment,62.08,68.27,57.05,66.83,medium,South,Desktop,Premium,19,0
CUST_007232,Control,21.84,42.07,33.57,36.07,low,North,Mobile,Basic,18,0
CUST_007233,Control,13.96,23.96,19.57,19.81,low,East,Desktop,Basic,1,1
CUST_007234,Treatment,113.15,121.72,111.61,136.58,low,East,Tablet,Enterprise,1,1
CUST_007235,Control,33.66,42.86,36.86,42.85,medium,West,Desktop,Basic,1,1
CUST_007236,Control,61.77,42.51,76.25,70.33,medium,North,Mobile,Premium,20,0
CUST_007237,Control,40.6,40.8,47.83,55.11,high,South,Mobile,Premium,19,0
CUST_007238,Control,35.5,38.45,36.91,50.98,low,North,Desktop,Premium,1,1
CUST_007239,Control,115.94,114.72,118.14,125.87,low,East,Desktop,Enterprise,15,0
CUST_007240,Control,48.84,34.58,53.94,47.38,medium,West,Tablet,Basic,18,0
CUST_007241,Treatment,28.14,33.91,32.11,35.81,low,East,Mobile,Premium,14,0
CUST_007242,Treatment,102.29,101.47,111.77,138.48,medium,West,Desktop,Premium,23,0
CUST_007243,Control,41.94,38.67,33.38,61.92,medium,West,Desktop,Basic,5,1
CUST_007244,Control,122.76,142.02,142.99,148.01,high,South,Mobile,Premium,12,0
CUST_007245,Control,38.34,49.79,38.47,47.2,medium,East,Desktop,Basic,46,0
CUST_007246,Treatment,46.86,42.09,29.42,52.62,medium,East,Desktop,Premium,33,0
CUST_007247,Control,123.97,120.97,138.15,146.34,high,East,Mobile,Premium,11,0
CUST_007248,Treatment,37.92,37.38,37.73,26.26,medium,West,Mobile,Basic,4,1
CUST_007249,Treatment,53.99,62.4,49.06,67.18,low,South,Mobile,Premium,1,1
CUST_007250,Control,45.42,66.81,59.07,52.61,low,North,Desktop,Premium,1,1
CUST_007251,Control,37.59,37.05,50.43,34.85,medium,East,Desktop,Basic,24,0
CUST_007252,Treatment,23.24,32.9,40.66,31.31,low,East,Mobile,Basic,8,0
CUST_007253,Control,131.34,128.35,125.34,141.8,low,East,Mobile,Enterprise,3,1
CUST_007254,Treatment,95.34,105.13,121.25,108.74,low,West,Desktop,Enterprise,1,1
CUST_007255,Treatment,64.29,43.94,42.65,48.18,low,South,Tablet,Premium,44,0
CUST_007256,Treatment,40.11,66.5,60.57,59.21,low,North,Desktop,Premium,42,0
CUST_007257,Control,12.47,14.79,14.32,14.68,low,East,Mobile,Basic,3,1
CUST_007258,Control,64.07,69.08,68.86,58.11,medium,West,Mobile,Enterprise,15,0
CUST_007259,Control,47.43,67.53,60.53,79.2,medium,East,Desktop,Premium,4,1
CUST_007260,Control,37.44,43.67,33.74,43.86,low,North,Mobile,Premium,31,0
CUST_007261,Control,110.07,132.07,109.38,136.13,high,North,Mobile,Premium,30,0
CUST_007262,Control,51.17,37.65,53.13,42.31,high,East,Desktop,Basic,20,0
CUST_007263,Treatment,9.79,24.07,32.86,26.73,low,West,Desktop,Premium,27,0
CUST_007264,Control,24.98,30.98,20.1,31.8,medium,East,Desktop,Basic,1,1
CUST_007265,Treatment,38.84,42.44,22.52,45.83,medium,West,Desktop,Basic,9,0
CUST_007266,Treatment,35.98,39.11,23.05,35.95,medium,West,Desktop,Basic,25,0
CUST_007267,Treatment,21.73,25.11,13.33,6.55,low,South,Mobile,Basic,9,0
CUST_007268,Treatment,50.37,46.18,43.13,46.48,low,East,Mobile,Premium,4,1
CUST_007269,Treatment,15.27,23.38,19.01,13.61,low,West,Desktop,Basic,17,0
CUST_007270,Treatment,40.59,49.3,47.06,26.93,medium,East,Desktop,Basic,7,0
CUST_007271,Control,76.28,81.64,73.63,86.74,medium,East,Tablet,Premium,1,1
CUST_007272,Treatment,61.18,80.66,55.46,78.3,medium,North,Tablet,Premium,9,0
CUST_007273,Treatment,34.28,28.56,22.08,59.16,medium,East,Mobile,Basic,15,0
CUST_007274,Control,66.43,44.34,50.64,64.81,medium,East,Mobile,Premium,1,1
CUST_007275,Treatment,54.68,58.29,61.77,64.78,medium,East,Mobile,Premium,28,0
CUST_007276,Treatment,21.03,21.22,7.71,19.52,low,South,Desktop,Basic,13,0
CUST_007277,Treatment,32.81,27.87,33.35,38.35,low,East,Desktop,Basic,23,0
CUST_007278,Treatment,51.78,43.52,30.65,59.16,high,East,Mobile,Basic,6,0
CUST_007279,Control,15.81,10.56,16.02,28.47,low,North,Mobile,Basic,2,1
CUST_007280,Treatment,29.84,37.16,36.52,22.38,low,West,Mobile,Basic,3,1
CUST_007281,Treatment,48.53,35.65,32.47,37.66,high,North,Mobile,Basic,14,0
CUST_007282,Treatment,24.02,21.56,29.03,34.19,low,East,Desktop,Basic,6,0
CUST_007283,Control,122.08,134.28,138.82,130.57,medium,West,Mobile,Enterprise,1,1
CUST_007284,Treatment,31.22,15.49,33.45,17.59,medium,East,Desktop,Basic,1,1
CUST_007285,Control,45.56,41.68,49.17,52.63,low,West,Desktop,Basic,6,0
CUST_007286,Treatment,95.5,99.01,85.8,115.01,low,West,Desktop,Enterprise,28,0
CUST_007287,Control,77.24,71.63,58.91,69.04,medium,South,Mobile,Premium,1,1
CUST_007288,Treatment,263.44,258.75,272.63,309.01,medium,North,Desktop,Enterprise,13,0
CUST_007289,Control,0.0,3.35,1.6,18.44,medium,South,Desktop,Basic,34,0
CUST_007290,Treatment,46.32,27.66,49.85,54.11,low,East,Desktop,Premium,8,0
CUST_007291,Treatment,72.66,54.69,68.2,60.99,medium,North,Mobile,Premium,45,0
CUST_007292,Control,17.37,18.59,17.89,9.04,low,East,Tablet,Basic,23,0
CUST_007293,Treatment,57.0,67.79,62.42,87.72,high,North,Desktop,Premium,25,0
CUST_007294,Control,87.77,80.02,82.65,97.07,high,West,Desktop,Basic,1,1
CUST_007295,Control,16.21,20.68,27.76,33.01,low,South,Desktop,Basic,43,0
CUST_007296,Control,22.09,28.39,34.19,43.24,medium,North,Mobile,Basic,2,1
CUST_007297,Control,63.3,67.23,86.13,81.52,high,West,Desktop,Basic,1,1
CUST_007298,Control,42.74,31.37,51.97,54.46,medium,West,Desktop,Basic,23,0
CUST_007299,Treatment,52.36,66.22,67.27,67.76,medium,East,Mobile,Basic,4,1
CUST_007300,Treatment,194.46,201.56,229.47,250.0,medium,West,Mobile,Enterprise,9,0
CUST_007301,Control,27.98,30.71,19.75,34.57,low,East,Desktop,Basic,1,1
CUST_007302,Control,54.4,73.11,79.66,68.33,medium,North,Desktop,Premium,1,1
CUST_007303,Control,42.31,31.84,41.02,39.2,medium,East,Tablet,Premium,10,0
CUST_007304,Treatment,40.04,31.05,32.92,44.54,low,South,Desktop,Premium,1,1
CUST_007305,Control,54.51,42.98,43.29,44.18,low,East,Mobile,Premium,16,0
CUST_007306,Control,145.66,129.16,140.61,145.7,low,West,Mobile,Enterprise,28,0
CUST_007307,Control,51.13,56.0,80.88,79.03,high,East,Mobile,Basic,14,0
CUST_007308,Treatment,72.18,55.51,77.1,57.88,low,North,Mobile,Enterprise,24,0
CUST_007309,Control,53.86,31.84,58.58,60.07,low,North,Desktop,Premium,34,0
CUST_007310,Treatment,28.67,56.12,46.33,56.69,medium,North,Mobile,Premium,2,1
CUST_007311,Control,193.23,204.07,198.83,211.33,high,North,Desktop,Enterprise,3,1
CUST_007312,Control,38.4,40.44,61.66,37.66,medium,South,Mobile,Basic,7,0
CUST_007313,Control,31.26,28.5,32.28,23.04,medium,East,Desktop,Basic,1,1
CUST_007314,Control,80.98,84.53,87.17,89.7,high,West,Tablet,Premium,15,0
CUST_007315,Treatment,47.24,56.81,53.14,56.28,medium,East,Mobile,Premium,16,0
CUST_007316,Treatment,17.7,15.65,23.85,22.44,medium,North,Desktop,Basic,4,1
CUST_007317,Treatment,26.49,22.53,15.17,14.89,low,North,Tablet,Basic,23,0
CUST_007318,Treatment,29.76,33.62,44.68,30.85,medium,North,Desktop,Basic,2,1
CUST_007319,Treatment,55.65,71.49,66.74,77.13,medium,South,Desktop,Premium,29,0
CUST_007320,Control,36.36,34.36,44.39,44.97,medium,South,Mobile,Premium,4,1
CUST_007321,Treatment,31.88,39.17,14.53,20.29,low,North,Mobile,Basic,3,1
CUST_007322,Treatment,86.4,88.24,99.97,95.33,low,East,Mobile,Enterprise,4,1
CUST_007323,Control,39.25,26.12,17.19,34.51,medium,North,Desktop,Basic,26,0
CUST_007324,Treatment,38.32,39.67,35.94,55.67,medium,North,Mobile,Basic,9,0
CUST_007325,Control,69.45,78.31,99.04,94.13,low,North,Mobile,Enterprise,18,0
CUST_007326,Treatment,111.2,128.91,123.6,146.21,high,North,Mobile,Premium,60,0
CUST_007327,Treatment,32.95,27.83,27.71,38.81,medium,West,Tablet,Basic,12,0
CUST_007328,Treatment,23.6,27.27,24.49,37.86,low,West,Mobile,Basic,12,0
CUST_007329,Treatment,12.02,31.61,22.48,30.85,medium,North,Mobile,Basic,6,0
CUST_007330,Treatment,42.96,18.43,31.88,36.09,high,North,Desktop,Basic,2,1
CUST_007331,Treatment,41.36,40.87,52.77,47.21,low,North,Desktop,Premium,1,1
CUST_007332,Treatment,71.57,84.78,71.8,105.37,low,West,Desktop,Enterprise,1,1
CUST_007333,Treatment,36.64,28.83,33.71,29.48,low,North,Desktop,Premium,56,0
CUST_007334,Treatment,29.65,12.38,31.83,27.6,low,East,Mobile,Basic,7,0
CUST_007335,Control,42.62,27.53,34.64,40.59,medium,West,Desktop,Basic,2,1
CUST_007336,Treatment,26.29,22.87,16.7,25.74,low,East,Desktop,Basic,11,0
CUST_007337,Control,36.45,41.03,34.89,21.31,medium,South,Tablet,Basic,3,1
CUST_007338,Treatment,11.49,34.54,24.36,36.52,low,North,Tablet,Basic,36,0
CUST_007339,Treatment,54.7,51.35,46.49,58.31,high,East,Desktop,Basic,11,0
CUST_007340,Control,80.61,85.56,82.02,85.52,medium,West,Tablet,Premium,18,0
CUST_007341,Treatment,44.36,36.47,49.8,23.83,medium,West,Desktop,Basic,3,1
CUST_007342,Treatment,34.44,38.53,21.64,40.26,medium,West,Mobile,Basic,3,1
CUST_007343,Control,81.5,87.84,70.69,86.17,low,East,Desktop,Enterprise,45,0
CUST_007344,Treatment,25.17,38.21,36.14,32.3,medium,West,Desktop,Basic,2,1
CUST_007345,Treatment,39.17,32.45,46.97,12.09,high,West,Mobile,Basic,1,1
CUST_007346,Treatment,117.67,113.48,122.73,135.64,medium,West,Tablet,Enterprise,19,0
CUST_007347,Treatment,94.95,88.57,89.7,117.43,high,West,Mobile,Premium,18,0
CUST_007348,Control,29.67,31.81,32.58,33.2,medium,West,Desktop,Basic,5,1
CUST_007349,Control,25.88,42.06,42.76,41.12,medium,North,Tablet,Premium,10,0
CUST_007350,Treatment,24.94,21.13,31.69,45.09,low,East,Mobile,Basic,1,1
CUST_007351,Control,72.34,60.77,75.28,50.95,medium,West,Mobile,Premium,5,1
CUST_007352,Control,2.4,6.93,14.02,0.0,low,North,Tablet,Basic,9,0
CUST_007353,Control,76.67,97.01,90.18,95.43,low,West,Desktop,Enterprise,36,0
CUST_007354,Treatment,25.93,30.5,11.36,25.34,medium,East,Desktop,Basic,3,1
CUST_007355,Control,169.62,180.3,170.29,180.91,high,West,Mobile,Premium,1,1
CUST_007356,Treatment,48.65,62.83,56.59,73.94,medium,North,Mobile,Premium,12,0
CUST_007357,Treatment,45.35,55.19,41.29,34.53,low,East,Mobile,Basic,6,0
CUST_007358,Treatment,53.64,63.47,66.99,65.07,medium,West,Desktop,Premium,19,0
CUST_007359,Treatment,148.99,134.75,167.77,179.03,medium,West,Tablet,Enterprise,18,0
CUST_007360,Control,6.94,17.99,11.24,18.87,low,North,Desktop,Basic,2,1
CUST_007361,Control,200.78,194.8,201.03,222.92,medium,North,Tablet,Enterprise,1,1
CUST_007362,Control,20.56,31.72,18.01,32.71,medium,South,Desktop,Basic,60,0
CUST_007363,Control,53.26,59.42,49.37,59.19,high,West,Desktop,Basic,7,0
CUST_007364,Control,169.25,172.68,182.62,186.6,high,North,Desktop,Premium,1,1
CUST_007365,Treatment,129.22,135.8,132.64,150.18,medium,South,Mobile,Enterprise,4,1
CUST_007366,Treatment,191.79,202.64,208.35,253.19,high,South,Desktop,Enterprise,17,0
CUST_007367,Treatment,65.16,75.82,54.93,74.46,medium,South,Mobile,Premium,6,0
CUST_007368,Treatment,45.76,35.18,55.71,69.56,low,West,Desktop,Premium,6,0
CUST_007369,Control,24.37,44.99,22.47,37.12,low,South,Desktop,Basic,2,1
CUST_007370,Treatment,30.87,46.5,20.1,44.78,medium,East,Desktop,Basic,1,1
CUST_007371,Control,157.78,154.01,146.75,175.56,medium,South,Desktop,Enterprise,3,1
CUST_007372,Control,100.19,116.5,130.03,113.2,high,South,Desktop,Premium,12,0
CUST_007373,Treatment,44.87,36.38,55.02,54.22,low,North,Tablet,Premium,4,1
CUST_007374,Control,51.44,48.06,37.58,30.26,low,West,Desktop,Premium,41,0
CUST_007375,Control,16.46,2.62,36.01,36.97,low,East,Desktop,Basic,8,0
CUST_007376,Treatment,130.97,137.84,138.28,145.74,medium,East,Tablet,Enterprise,1,1
CUST_007377,Treatment,20.59,31.83,30.3,37.62,high,South,Tablet,Basic,6,0
CUST_007378,Treatment,39.8,46.36,19.28,37.74,low,North,Desktop,Basic,4,1
CUST_007379,Control,86.73,81.73,89.39,76.79,medium,East,Desktop,Premium,4,1
CUST_007380,Control,79.14,70.63,91.57,88.46,low,North,Mobile,Enterprise,1,1
CUST_007381,Treatment,116.35,111.91,125.7,153.83,medium,South,Mobile,Enterprise,7,0
CUST_007382,Treatment,79.51,90.39,98.75,98.48,high,West,Mobile,Premium,14,0
CUST_007383,Treatment,35.71,39.76,55.72,45.39,low,West,Desktop,Premium,14,0
CUST_007384,Treatment,19.57,21.23,21.08,38.63,medium,South,Tablet,Basic,17,0
CUST_007385,Treatment,39.06,53.82,35.78,56.71,low,East,Mobile,Premium,1,1
CUST_007386,Control,20.45,13.86,23.94,11.39,low,North,Mobile,Basic,2,1
CUST_007387,Treatment,46.43,50.96,51.17,51.15,low,West,Desktop,Premium,28,0
CUST_007388,Control,57.35,77.6,46.26,52.93,medium,East,Desktop,Premium,46,0
CUST_007389,Treatment,21.01,27.54,26.63,37.64,low,South,Mobile,Basic,1,1
CUST_007390,Control,40.01,24.88,37.71,32.99,medium,North,Desktop,Basic,12,0
CUST_007391,Control,50.94,43.25,46.13,56.94,medium,East,Tablet,Basic,16,0
CUST_007392,Treatment,98.61,107.72,93.69,137.47,high,East,Mobile,Premium,1,1
CUST_007393,Control,110.88,110.79,109.61,103.81,medium,West,Tablet,Enterprise,17,0
CUST_007394,Treatment,264.22,270.07,285.83,340.98,high,North,Mobile,Enterprise,24,0
CUST_007395,Treatment,34.89,39.79,31.99,36.54,low,West,Desktop,Basic,1,1
CUST_007396,Treatment,53.45,41.15,41.74,40.13,low,South,Desktop,Basic,12,0
CUST_007397,Control,20.85,37.64,17.12,16.09,low,East,Mobile,Premium,25,0
CUST_007398,Control,58.63,46.5,71.07,65.26,low,East,Mobile,Premium,5,1
CUST_007399,Control,134.36,147.87,150.16,140.81,medium,West,Mobile,Enterprise,15,0
CUST_007400,Treatment,48.16,40.88,56.77,52.91,medium,West,Desktop,Premium,12,0
CUST_007401,Control,46.58,50.06,56.72,59.48,medium,South,Mobile,Premium,32,0
CUST_007402,Treatment,31.06,30.65,30.01,52.35,low,West,Desktop,Basic,12,0
CUST_007403,Treatment,21.68,16.3,26.83,35.04,medium,North,Desktop,Basic,30,0
CUST_007404,Control,10.3,17.72,27.05,31.53,low,West,Desktop,Basic,3,1
CUST_007405,Control,117.65,121.33,133.21,142.27,medium,West,Mobile,Enterprise,5,1
CUST_007406,Control,55.27,50.88,72.48,61.82,medium,North,Mobile,Premium,6,0
CUST_007407,Treatment,59.76,55.22,45.99,59.0,low,North,Desktop,Premium,18,0
CUST_007408,Treatment,134.76,135.4,139.88,164.68,medium,South,Mobile,Enterprise,9,0
CUST_007409,Treatment,74.83,79.93,75.65,84.34,medium,North,Mobile,Premium,56,0
CUST_007410,Treatment,42.2,27.11,24.06,32.03,low,South,Mobile,Basic,3,1
CUST_007411,Treatment,44.26,46.4,51.61,45.95,medium,North,Desktop,Premium,7,0
CUST_007412,Control,132.29,134.78,146.17,141.78,medium,East,Tablet,Enterprise,4,1
CUST_007413,Control,47.57,48.52,59.69,56.0,high,East,Desktop,Basic,13,0
CUST_007414,Control,20.81,31.09,40.01,32.79,low,South,Desktop,Premium,18,0
CUST_007415,Control,34.93,36.69,40.35,57.71,low,East,Mobile,Basic,3,1
CUST_007416,Treatment,36.76,33.85,40.85,37.67,medium,South,Mobile,Premium,26,0
CUST_007417,Treatment,103.42,94.8,129.54,122.38,medium,West,Mobile,Enterprise,15,0
CUST_007418,Control,55.47,55.76,51.52,67.1,high,East,Desktop,Basic,3,1
CUST_007419,Control,20.91,38.47,47.88,40.86,low,West,Desktop,Premium,14,0
CUST_007420,Control,147.94,145.51,165.79,165.9,high,West,Mobile,Enterprise,4,1
CUST_007421,Treatment,35.58,37.84,34.55,37.73,low,South,Desktop,Premium,6,0
CUST_007422,Treatment,106.94,127.69,117.42,112.95,medium,South,Desktop,Premium,26,0
CUST_007423,Treatment,39.08,36.61,35.36,33.17,medium,East,Desktop,Basic,41,0
CUST_007424,Control,13.96,31.54,16.77,20.77,medium,North,Tablet,Basic,24,0
CUST_007425,Treatment,71.82,78.38,90.67,115.47,high,West,Desktop,Premium,1,1
CUST_007426,Control,54.84,67.86,70.79,77.56,medium,North,Mobile,Premium,4,1
CUST_007427,Control,25.99,26.93,33.78,25.99,low,North,Desktop,Premium,3,1
CUST_007428,Control,131.77,142.58,137.89,156.88,high,North,Desktop,Premium,16,0
CUST_007429,Treatment,75.59,70.99,69.11,74.16,medium,North,Mobile,Premium,1,1
CUST_007430,Control,15.11,16.25,22.92,23.75,medium,West,Desktop,Basic,33,0
CUST_007431,Treatment,96.65,104.65,108.96,114.48,high,West,Desktop,Premium,20,0
CUST_007432,Treatment,40.07,47.35,53.22,55.85,low,West,Desktop,Premium,12,0
CUST_007433,Treatment,130.03,144.12,133.89,145.65,medium,West,Mobile,Enterprise,8,0
CUST_007434,Treatment,65.91,71.84,65.32,64.62,high,South,Mobile,Premium,12,0
CUST_007435,Control,28.91,14.14,26.32,18.09,low,East,Mobile,Basic,16,0
CUST_007436,Treatment,55.67,54.51,69.26,57.8,medium,North,Desktop,Premium,13,0
CUST_007437,Treatment,64.43,85.02,84.18,96.05,low,East,Mobile,Enterprise,3,1
CUST_007438,Control,60.26,54.14,64.42,65.22,low,West,Tablet,Premium,33,0
CUST_007439,Control,42.73,48.0,75.89,63.16,high,West,Mobile,Basic,1,1
CUST_007440,Treatment,120.18,113.66,127.76,147.05,medium,West,Desktop,Enterprise,1,1
CUST_007441,Control,76.28,67.08,72.95,58.89,low,West,Desktop,Enterprise,3,1
CUST_007442,Control,45.92,53.38,42.9,48.54,medium,West,Mobile,Basic,19,0
CUST_007443,Treatment,46.01,18.87,36.65,39.6,low,South,Mobile,Premium,5,1
CUST_007444,Control,43.89,33.18,33.46,26.21,medium,East,Mobile,Basic,14,0
CUST_007445,Treatment,32.93,13.56,19.89,37.83,low,East,Mobile,Basic,33,0
CUST_007446,Control,4.6,7.02,17.49,20.5,low,East,Mobile,Basic,17,0
CUST_007447,Treatment,118.9,120.25,107.98,130.09,low,North,Mobile,Enterprise,16,0
CUST_007448,Control,46.11,68.82,83.11,62.33,low,North,Desktop,Premium,2,1
CUST_007449,Treatment,25.26,19.45,36.27,29.25,medium,West,Desktop,Basic,17,0
CUST_007450,Treatment,71.94,90.28,78.77,87.04,medium,West,Tablet,Premium,9,0
CUST_007451,Control,75.44,77.96,68.09,76.88,medium,North,Desktop,Premium,16,0
CUST_007452,Treatment,47.34,70.08,53.36,49.42,low,East,Mobile,Premium,40,0
CUST_007453,Treatment,96.2,82.37,90.12,97.07,high,South,Desktop,Premium,23,0
CUST_007454,Treatment,131.0,134.3,130.63,157.4,high,West,Mobile,Premium,6,0
CUST_007455,Treatment,37.5,34.7,43.37,48.95,low,South,Desktop,Premium,3,1
CUST_007456,Treatment,317.45,318.25,340.3,374.67,high,South,Tablet,Enterprise,11,0
CUST_007457,Control,73.56,75.89,94.9,80.52,high,West,Mobile,Basic,10,0
CUST_007458,Treatment,84.3,114.97,97.93,103.48,medium,West,Tablet,Enterprise,24,0
CUST_007459,Control,44.14,38.17,36.67,51.83,medium,North,Desktop,Basic,24,0
CUST_007460,Control,52.51,51.28,47.25,46.0,low,North,Mobile,Premium,6,0
CUST_007461,Control,117.8,115.16,109.61,119.56,low,East,Desktop,Enterprise,18,0
CUST_007462,Treatment,91.34,97.66,101.27,110.62,medium,West,Desktop,Enterprise,25,0
CUST_007463,Treatment,72.16,64.6,64.75,69.38,medium,East,Mobile,Premium,5,1
CUST_007464,Treatment,102.16,104.16,110.83,124.28,medium,North,Mobile,Premium,8,0
CUST_007465,Control,6.68,28.77,19.27,19.96,low,East,Tablet,Basic,60,0
CUST_007466,Treatment,54.43,67.54,73.1,60.14,medium,South,Mobile,Premium,25,0
CUST_007467,Treatment,143.24,135.34,141.9,147.66,medium,West,Mobile,Enterprise,2,1
CUST_007468,Treatment,126.76,118.99,130.18,150.64,medium,West,Desktop,Premium,3,1
CUST_007469,Control,28.38,44.67,29.61,22.85,medium,North,Tablet,Basic,31,0
CUST_007470,Treatment,29.37,40.49,29.52,57.9,medium,East,Desktop,Basic,1,1
CUST_007471,Treatment,20.77,27.78,16.85,37.26,medium,North,Mobile,Basic,31,0
CUST_007472,Treatment,125.49,139.71,163.63,149.89,medium,West,Desktop,Enterprise,13,0
CUST_007473,Treatment,39.67,16.39,40.09,19.64,low,South,Mobile,Premium,4,1
CUST_007474,Control,61.33,59.21,62.36,53.59,high,West,Mobile,Premium,1,1
CUST_007475,Control,47.41,39.59,51.3,58.85,high,West,Desktop,Basic,14,0
CUST_007476,Treatment,24.81,23.98,26.24,34.45,low,East,Desktop,Basic,11,0
CUST_007477,Treatment,53.28,51.89,56.97,68.17,high,East,Desktop,Basic,3,1
CUST_007478,Control,50.37,40.49,62.39,57.24,low,West,Mobile,Basic,2,1
CUST_007479,Treatment,46.68,14.88,16.57,41.2,low,West,Desktop,Basic,13,0
CUST_007480,Treatment,22.64,33.45,16.73,26.31,low,East,Mobile,Basic,4,1
CUST_007481,Treatment,46.22,39.02,58.78,45.68,medium,North,Desktop,Basic,16,0
CUST_007482,Control,78.85,63.25,80.51,82.06,high,South,Mobile,Premium,9,0
CUST_007483,Control,89.71,103.62,101.59,117.34,medium,North,Desktop,Enterprise,28,0
CUST_007484,Control,26.13,16.25,15.09,23.27,low,South,Desktop,Basic,24,0
CUST_007485,Treatment,64.17,61.05,65.97,67.39,medium,East,Mobile,Premium,2,1
CUST_007486,Treatment,32.46,21.83,11.89,29.63,low,East,Desktop,Basic,2,1
CUST_007487,Treatment,66.15,74.54,68.68,84.57,high,South,Mobile,Basic,6,0
CUST_007488,Treatment,45.19,49.67,34.14,46.27,low,East,Mobile,Premium,9,0
CUST_007489,Treatment,0.1,30.76,10.47,8.49,low,North,Mobile,Basic,12,0
CUST_007490,Control,136.28,123.33,128.69,144.01,medium,West,Mobile,Enterprise,9,0
CUST_007491,Treatment,149.02,155.58,162.08,195.87,high,North,Mobile,Enterprise,60,0
CUST_007492,Control,59.01,67.82,71.76,58.16,high,South,Desktop,Premium,46,0
CUST_007493,Treatment,103.62,119.83,124.91,145.71,high,East,Desktop,Premium,16,0
CUST_007494,Control,9.65,22.81,31.38,21.73,medium,West,Desktop,Basic,10,0
CUST_007495,Control,31.7,34.29,40.5,29.04,medium,East,Desktop,Basic,1,1
CUST_007496,Treatment,67.49,54.98,62.39,43.32,medium,South,Desktop,Premium,2,1
CUST_007497,Treatment,35.26,25.86,28.7,23.29,medium,West,Mobile,Basic,12,0
CUST_007498,Treatment,12.71,34.15,16.77,17.8,medium,West,Mobile,Basic,23,0
CUST_007499,Control,90.64,76.7,97.63,100.03,medium,West,Mobile,Premium,3,1
CUST_007500,Treatment,57.42,68.14,52.75,79.04,medium,West,Tablet,Premium,1,1
CUST_007501,Treatment,143.7,137.81,156.48,165.92,medium,West,Desktop,Enterprise,52,0
CUST_007502,Control,78.6,71.97,85.39,81.47,medium,North,Desktop,Premium,17,0
CUST_007503,Control,22.58,30.92,25.54,21.51,medium,East,Mobile,Basic,41,0
CUST_007504,Treatment,115.88,144.02,137.14,148.07,medium,South,Mobile,Enterprise,1,1
CUST_007505,Treatment,15.06,7.34,12.95,9.73,low,West,Desktop,Basic,7,0
CUST_007506,Treatment,33.3,15.51,25.61,27.03,low,West,Desktop,Basic,7,0
CUST_007507,Control,44.95,47.86,59.99,56.2,medium,South,Mobile,Premium,60,0
CUST_007508,Control,34.55,56.87,44.67,47.32,high,North,Desktop,Basic,7,0
CUST_007509,Treatment,102.32,114.95,101.27,112.34,low,North,Mobile,Enterprise,6,0
CUST_007510,Treatment,17.98,29.55,21.74,23.67,low,South,Mobile,Basic,1,1
CUST_007511,Treatment,37.85,41.73,35.3,52.36,high,West,Desktop,Basic,19,0
CUST_007512,Control,63.35,66.9,67.83,70.08,low,South,Mobile,Enterprise,6,0
CUST_007513,Control,48.34,21.24,18.88,27.85,low,North,Desktop,Premium,20,0
CUST_007514,Control,35.39,41.3,33.29,31.29,low,East,Desktop,Premium,1,1
CUST_007515,Treatment,21.08,42.26,23.54,36.99,medium,North,Mobile,Basic,1,1
CUST_007516,Control,146.96,162.43,149.09,173.92,high,North,Mobile,Enterprise,4,1
CUST_007517,Treatment,51.93,47.86,62.24,66.03,low,North,Desktop,Premium,25,0
CUST_007518,Control,96.28,99.24,97.01,113.86,high,East,Mobile,Premium,1,1
CUST_007519,Control,53.04,38.89,58.05,44.62,low,East,Desktop,Premium,4,1
CUST_007520,Treatment,102.05,115.19,104.42,104.57,high,North,Desktop,Premium,2,1
CUST_007521,Control,101.79,105.85,100.53,100.9,medium,East,Mobile,Enterprise,5,1
CUST_007522,Treatment,14.07,29.01,27.78,9.74,low,West,Tablet,Basic,10,0
CUST_007523,Control,108.85,98.24,100.46,111.68,medium,North,Desktop,Premium,10,0
CUST_007524,Treatment,37.97,51.32,45.47,47.2,medium,South,Desktop,Premium,1,1
CUST_007525,Control,14.26,20.6,32.79,30.59,low,East,Desktop,Premium,6,0
CUST_007526,Treatment,12.62,11.79,13.82,25.55,low,East,Desktop,Basic,3,1
CUST_007527,Treatment,15.99,18.65,23.96,13.39,low,South,Desktop,Basic,10,0
CUST_007528,Control,34.88,25.3,35.88,35.16,low,North,Desktop,Basic,10,0
CUST_007529,Control,34.58,44.14,43.67,51.23,low,East,Desktop,Premium,1,1
CUST_007530,Treatment,43.72,49.37,45.67,53.4,medium,North,Desktop,Basic,20,0
CUST_007531,Treatment,65.81,54.93,61.86,52.04,low,West,Mobile,Premium,10,0
CUST_007532,Treatment,223.61,228.18,254.76,289.44,high,East,Desktop,Enterprise,11,0
CUST_007533,Treatment,43.67,63.91,57.41,63.04,low,North,Mobile,Premium,3,1
CUST_007534,Control,17.56,35.98,35.75,36.67,medium,East,Desktop,Basic,16,0
CUST_007535,Treatment,30.49,54.14,45.04,41.32,low,North,Mobile,Basic,15,0
CUST_007536,Treatment,98.34,90.92,104.24,128.26,medium,South,Desktop,Enterprise,4,1
CUST_007537,Control,44.0,45.57,58.08,45.98,low,West,Desktop,Premium,1,1
CUST_007538,Control,9.62,28.13,16.45,15.38,low,North,Mobile,Basic,17,0
CUST_007539,Control,40.64,47.32,44.72,44.19,low,East,Mobile,Premium,21,0
CUST_007540,Treatment,35.06,26.87,25.66,15.76,low,South,Desktop,Basic,17,0
CUST_007541,Control,38.88,43.75,40.87,47.1,high,East,Mobile,Basic,36,0
CUST_007542,Treatment,78.34,87.02,98.03,85.14,low,South,Desktop,Enterprise,5,1
CUST_007543,Control,26.64,16.62,8.61,19.35,low,South,Mobile,Basic,18,0
CUST_007544,Control,70.84,65.74,75.61,60.83,high,East,Desktop,Basic,7,0
CUST_007545,Treatment,35.11,9.73,18.46,28.5,medium,East,Desktop,Basic,1,1
CUST_007546,Treatment,59.58,64.24,81.26,80.21,low,West,Desktop,Enterprise,32,0
CUST_007547,Treatment,17.9,19.76,22.65,21.36,low,West,Desktop,Basic,18,0
CUST_007548,Treatment,78.17,58.93,68.17,67.64,medium,North,Tablet,Premium,34,0
CUST_007549,Control,27.93,26.84,24.63,51.66,low,North,Desktop,Basic,60,0
CUST_007550,Control,21.14,40.25,42.5,37.52,low,West,Mobile,Premium,26,0
CUST_007551,Treatment,88.27,76.83,100.96,119.42,high,North,Tablet,Premium,6,0
CUST_007552,Control,169.91,165.25,150.84,180.04,medium,South,Desktop,Enterprise,8,0
CUST_007553,Control,23.86,12.95,9.82,1.85,low,South,Mobile,Basic,6,0
CUST_007554,Control,123.01,136.1,141.11,134.26,medium,North,Desktop,Enterprise,15,0
CUST_007555,Treatment,53.79,66.65,61.56,70.17,low,South,Desktop,Premium,4,1
CUST_007556,Control,36.63,39.81,9.95,35.76,low,North,Desktop,Premium,1,1
CUST_007557,Treatment,50.27,47.41,57.39,45.03,medium,West,Mobile,Basic,26,0
CUST_007558,Treatment,47.82,29.27,42.93,58.95,medium,West,Mobile,Basic,9,0
CUST_007559,Control,40.23,45.68,58.96,41.05,medium,West,Desktop,Basic,5,1
CUST_007560,Control,75.72,82.92,76.11,79.46,low,West,Mobile,Enterprise,1,1
CUST_007561,Treatment,34.02,33.78,53.0,38.49,low,West,Tablet,Premium,2,1
CUST_007562,Treatment,34.42,35.43,47.67,47.66,low,South,Mobile,Premium,8,0
CUST_007563,Control,32.31,4.58,40.89,27.36,medium,North,Desktop,Basic,10,0
CUST_007564,Treatment,32.46,25.06,22.11,15.39,medium,North,Mobile,Basic,3,1
CUST_007565,Treatment,18.53,34.63,44.37,17.05,medium,North,Desktop,Basic,1,1
CUST_007566,Control,23.25,29.28,39.38,29.42,medium,West,Desktop,Basic,3,1
CUST_007567,Control,35.93,27.86,34.43,21.45,medium,North,Desktop,Basic,23,0
CUST_007568,Treatment,197.66,237.59,240.93,250.64,medium,East,Mobile,Enterprise,15,0
CUST_007569,Treatment,74.48,73.36,60.31,84.03,medium,West,Mobile,Premium,9,0
CUST_007570,Control,62.87,88.98,63.59,87.72,medium,West,Mobile,Premium,27,0
CUST_007571,Control,49.73,56.77,48.09,67.34,medium,North,Desktop,Premium,3,1
CUST_007572,Control,56.9,49.84,43.59,58.86,medium,South,Mobile,Premium,42,0
CUST_007573,Treatment,33.82,27.35,33.21,28.11,medium,North,Desktop,Basic,1,1
CUST_007574,Control,292.61,298.33,300.67,307.86,high,South,Desktop,Enterprise,20,0
CUST_007575,Treatment,62.71,60.5,85.36,85.0,medium,East,Mobile,Premium,33,0
CUST_007576,Treatment,33.92,46.75,24.69,25.87,low,East,Mobile,Basic,30,0
CUST_007577,Control,79.84,73.54,74.39,76.28,medium,East,Desktop,Premium,22,0
CUST_007578,Treatment,63.3,54.49,59.32,56.11,medium,East,Desktop,Premium,2,1
CUST_007579,Treatment,27.14,53.9,52.48,53.61,low,East,Desktop,Premium,7,0
CUST_007580,Control,90.57,100.72,108.82,107.91,medium,North,Tablet,Premium,17,0
CUST_007581,Control,68.29,68.14,63.69,52.41,medium,West,Tablet,Premium,17,0
CUST_007582,Treatment,38.71,45.12,34.57,61.85,medium,East,Desktop,Premium,2,1
CUST_007583,Treatment,25.21,33.49,39.92,38.91,high,South,Desktop,Basic,18,0
CUST_007584,Control,25.07,13.19,27.19,23.47,low,South,Mobile,Basic,60,0
CUST_007585,Treatment,19.99,18.33,25.3,24.48,medium,North,Desktop,Basic,1,1
CUST_007586,Treatment,77.03,72.09,66.08,83.87,high,East,Desktop,Premium,8,0
CUST_007587,Control,49.09,47.75,47.65,55.07,low,South,Mobile,Premium,19,0
CUST_007588,Treatment,72.98,62.86,71.14,104.92,low,North,Desktop,Enterprise,9,0
CUST_007589,Control,7.15,25.48,32.06,24.46,low,North,Mobile,Basic,15,0
CUST_007590,Control,46.64,50.4,56.2,33.85,medium,North,Mobile,Basic,2,1
CUST_007591,Treatment,25.77,37.11,32.18,32.97,medium,South,Desktop,Basic,2,1
CUST_007592,Treatment,25.46,24.47,30.89,38.26,medium,North,Mobile,Basic,10,0
CUST_007593,Treatment,104.19,112.44,114.04,135.37,high,East,Desktop,Premium,12,0
CUST_007594,Treatment,45.66,56.71,52.87,67.58,medium,East,Desktop,Basic,26,0
CUST_007595,Treatment,23.95,22.26,21.75,36.93,medium,South,Mobile,Premium,24,0
CUST_007596,Treatment,55.14,59.54,50.92,58.88,high,North,Tablet,Basic,33,0
CUST_007597,Treatment,28.6,5.88,27.62,26.39,low,East,Desktop,Basic,42,0
CUST_007598,Treatment,27.28,31.24,40.19,35.64,medium,West,Tablet,Basic,7,0
CUST_007599,Treatment,247.68,258.41,281.91,304.04,high,North,Mobile,Enterprise,29,0
CUST_007600,Control,127.78,163.01,139.12,153.77,high,North,Mobile,Enterprise,13,0
CUST_007601,Control,38.21,28.26,39.69,33.43,low,North,Tablet,Basic,27,0
CUST_007602,Treatment,509.21,507.71,526.59,616.87,high,East,Desktop,Enterprise,22,0
CUST_007603,Treatment,41.33,42.19,59.49,56.93,medium,South,Mobile,Basic,60,0
CUST_007604,Treatment,132.91,126.48,134.4,150.77,medium,East,Desktop,Premium,1,1
CUST_007605,Treatment,45.97,43.3,44.4,43.05,medium,West,Desktop,Premium,2,1
CUST_007606,Treatment,25.0,42.53,36.01,50.09,medium,West,Desktop,Basic,22,0
CUST_007607,Control,36.98,43.86,31.31,36.03,low,West,Mobile,Premium,3,1
CUST_007608,Treatment,44.56,46.38,48.56,55.9,high,West,Desktop,Basic,3,1
CUST_007609,Control,28.36,27.33,24.44,23.53,high,East,Desktop,Basic,22,0
CUST_007610,Treatment,33.52,43.72,31.37,44.85,medium,West,Desktop,Basic,17,0
CUST_007611,Treatment,0.0,16.88,0.46,5.32,low,North,Mobile,Basic,2,1
CUST_007612,Treatment,42.26,37.22,41.15,48.24,medium,West,Tablet,Basic,47,0
CUST_007613,Treatment,44.94,32.27,45.44,44.43,high,West,Mobile,Basic,1,1
CUST_007614,Control,180.49,196.15,186.2,219.71,high,East,Desktop,Enterprise,20,0
CUST_007615,Control,118.66,112.75,133.87,127.79,low,North,Mobile,Enterprise,14,0
CUST_007616,Control,48.59,49.12,57.35,49.29,low,East,Mobile,Premium,15,0
CUST_007617,Treatment,79.29,79.23,82.3,98.25,medium,West,Desktop,Enterprise,15,0
CUST_007618,Control,28.03,7.1,19.76,14.91,low,East,Mobile,Basic,5,1
CUST_007619,Control,35.77,43.43,42.28,45.2,medium,East,Tablet,Basic,1,1
CUST_007620,Control,42.48,48.03,63.41,30.95,high,North,Desktop,Basic,6,0
CUST_007621,Treatment,70.26,60.83,56.3,80.23,medium,North,Desktop,Premium,16,0
CUST_007622,Control,39.84,42.72,36.4,47.58,low,East,Mobile,Premium,17,0
CUST_007623,Treatment,44.16,54.31,57.35,56.57,high,East,Desktop,Basic,1,1
CUST_007624,Treatment,74.57,76.96,96.37,73.15,medium,South,Mobile,Enterprise,2,1
CUST_007625,Control,141.11,158.69,162.69,151.07,high,West,Mobile,Enterprise,16,0
CUST_007626,Treatment,22.07,33.03,29.33,25.83,low,North,Tablet,Basic,9,0
CUST_007627,Control,20.36,33.51,39.73,22.36,low,North,Tablet,Premium,1,1
CUST_007628,Treatment,40.43,27.45,40.51,34.66,high,East,Mobile,Basic,3,1
CUST_007629,Control,32.26,36.21,29.88,24.92,medium,South,Desktop,Basic,1,1
CUST_007630,Treatment,223.6,219.02,244.64,272.27,high,North,Desktop,Enterprise,9,0
CUST_007631,Treatment,20.71,17.36,15.98,19.01,low,North,Mobile,Basic,6,0
CUST_007632,Treatment,9.42,27.74,14.93,30.6,low,North,Mobile,Basic,26,0
CUST_007633,Treatment,66.21,67.24,63.6,99.63,high,South,Tablet,Premium,14,0
CUST_007634,Control,28.74,35.66,39.6,46.29,medium,West,Mobile,Basic,3,1
CUST_007635,Treatment,64.31,82.06,72.66,83.55,low,North,Desktop,Enterprise,8,0
CUST_007636,Treatment,29.28,11.12,18.13,19.49,low,West,Desktop,Premium,9,0
CUST_007637,Treatment,105.85,112.2,99.84,108.42,medium,North,Desktop,Enterprise,29,0
CUST_007638,Treatment,37.26,30.92,24.9,32.92,low,East,Mobile,Premium,37,0
CUST_007639,Treatment,33.62,41.58,45.52,50.21,medium,West,Mobile,Basic,15,0
CUST_007640,Treatment,22.22,21.79,24.56,16.65,medium,North,Desktop,Basic,4,1
CUST_007641,Control,24.56,26.16,24.01,30.56,medium,South,Desktop,Basic,10,0
CUST_007642,Treatment,69.66,66.06,63.1,92.37,medium,East,Mobile,Premium,2,1
CUST_007643,Treatment,37.65,23.93,29.4,48.28,medium,East,Mobile,Premium,21,0
CUST_007644,Treatment,15.35,18.53,29.91,38.48,low,North,Tablet,Basic,41,0
CUST_007645,Treatment,87.71,91.86,102.68,114.25,high,West,Mobile,Basic,1,1
CUST_007646,Control,32.59,27.79,21.04,27.99,medium,East,Mobile,Basic,9,0
CUST_007647,Treatment,103.32,118.13,115.92,145.97,high,West,Desktop,Premium,16,0
CUST_007648,Treatment,39.24,53.77,37.48,40.31,low,West,Mobile,Premium,25,0
CUST_007649,Treatment,87.84,115.22,124.61,125.21,medium,East,Desktop,Premium,1,1
CUST_007650,Treatment,8.59,12.4,21.7,42.45,low,East,Mobile,Basic,1,1
CUST_007651,Treatment,45.61,43.45,47.31,52.05,high,West,Desktop,Basic,13,0
CUST_007652,Treatment,129.93,121.3,108.95,130.4,medium,West,Tablet,Enterprise,19,0
CUST_007653,Treatment,79.2,80.38,77.14,85.81,low,North,Mobile,Enterprise,5,1
CUST_007654,Treatment,83.68,88.88,87.4,93.53,low,West,Mobile,Enterprise,8,0
CUST_007655,Treatment,46.75,53.76,44.39,50.57,medium,East,Tablet,Basic,6,0
CUST_007656,Treatment,18.69,31.99,15.61,24.22,medium,South,Desktop,Basic,52,0
CUST_007657,Treatment,95.29,118.33,107.77,141.05,medium,West,Desktop,Enterprise,31,0
CUST_007658,Treatment,23.07,24.02,43.72,36.68,high,East,Desktop,Basic,7,0
CUST_007659,Treatment,30.15,33.79,39.72,58.7,low,South,Mobile,Basic,4,1
CUST_007660,Control,127.78,143.99,150.51,157.5,medium,East,Mobile,Enterprise,32,0
CUST_007661,Control,18.15,19.07,21.68,23.48,low,North,Desktop,Basic,5,1
CUST_007662,Control,77.57,53.47,83.36,81.51,high,East,Desktop,Premium,1,1
CUST_007663,Treatment,41.82,38.02,32.64,40.71,medium,East,Desktop,Basic,2,1
CUST_007664,Control,105.95,116.76,127.9,126.87,high,East,Tablet,Premium,1,1
CUST_007665,Treatment,21.71,12.66,10.35,24.31,low,West,Mobile,Basic,23,0
CUST_007666,Control,14.65,9.67,11.46,10.27,low,South,Mobile,Basic,1,1
CUST_007667,Treatment,33.07,36.52,34.24,37.36,low,South,Tablet,Premium,20,0
CUST_007668,Control,87.81,101.03,101.6,97.28,high,West,Mobile,Premium,12,0
CUST_007669,Treatment,65.82,47.0,73.39,56.34,medium,South,Desktop,Premium,53,0
CUST_007670,Control,76.03,60.4,81.16,74.17,medium,North,Desktop,Premium,26,0
CUST_007671,Control,34.28,28.2,32.8,27.29,medium,South,Mobile,Basic,16,0
CUST_007672,Control,57.99,60.72,65.1,64.77,high,North,Desktop,Premium,8,0
CUST_007673,Treatment,59.93,41.3,40.38,58.65,high,East,Desktop,Basic,9,0
CUST_007674,Treatment,20.97,16.27,29.21,27.64,medium,South,Mobile,Basic,3,1
CUST_007675,Treatment,61.3,61.02,57.2,51.94,high,North,Desktop,Basic,20,0
CUST_007676,Control,16.85,24.84,30.16,19.3,medium,West,Desktop,Basic,28,0
CUST_007677,Treatment,27.02,32.51,44.31,42.73,medium,East,Desktop,Basic,11,0
CUST_007678,Control,59.36,39.43,65.03,56.82,high,East,Desktop,Basic,5,1
CUST_007679,Control,64.94,75.24,69.81,68.54,medium,North,Desktop,Premium,6,0
CUST_007680,Treatment,106.07,99.81,113.21,108.1,low,North,Desktop,Enterprise,18,0
CUST_007681,Control,30.65,22.72,19.71,6.12,medium,East,Mobile,Basic,5,1
CUST_007682,Treatment,21.63,0.0,26.92,14.44,low,North,Desktop,Basic,1,1
CUST_007683,Control,68.61,86.12,73.33,85.22,low,North,Desktop,Enterprise,23,0
CUST_007684,Treatment,73.04,57.92,59.9,60.69,medium,South,Desktop,Premium,9,0
CUST_007685,Treatment,55.62,46.81,63.83,64.92,medium,East,Desktop,Premium,8,0
CUST_007686,Treatment,43.05,34.4,43.16,39.36,medium,West,Desktop,Basic,12,0
CUST_007687,Treatment,33.21,40.43,45.54,32.22,low,East,Desktop,Basic,12,0
CUST_007688,Treatment,39.74,35.85,48.64,29.06,high,East,Mobile,Basic,12,0
CUST_007689,Treatment,32.37,39.01,27.07,31.4,low,South,Desktop,Basic,8,0
CUST_007690,Control,40.57,54.4,48.28,29.71,high,North,Desktop,Basic,8,0
CUST_007691,Control,44.85,44.22,51.46,49.05,medium,West,Mobile,Premium,2,1
CUST_007692,Treatment,46.41,55.1,50.3,70.65,high,East,Mobile,Premium,26,0
CUST_007693,Control,41.69,50.4,35.43,55.08,low,North,Mobile,Premium,5,1
CUST_007694,Control,30.36,26.92,19.5,21.17,low,North,Desktop,Basic,13,0
CUST_007695,Treatment,91.88,97.37,119.25,117.9,high,West,Tablet,Premium,4,1
CUST_007696,Treatment,143.55,149.78,161.99,173.71,medium,South,Mobile,Enterprise,15,0
CUST_007697,Treatment,40.91,35.63,49.44,36.7,medium,North,Desktop,Basic,13,0
CUST_007698,Control,149.13,133.91,142.32,145.57,medium,West,Tablet,Enterprise,51,0
CUST_007699,Control,28.37,19.8,35.52,24.67,medium,South,Desktop,Basic,15,0
CUST_007700,Control,52.27,41.94,38.42,53.24,low,West,Desktop,Enterprise,7,0
CUST_007701,Treatment,37.9,62.39,38.45,37.81,low,South,Mobile,Premium,14,0
CUST_007702,Treatment,32.39,32.24,41.84,39.22,low,East,Mobile,Basic,15,0
CUST_007703,Control,34.11,28.8,23.2,45.19,low,South,Desktop,Basic,2,1
CUST_007704,Control,77.82,81.45,75.41,83.92,medium,North,Mobile,Premium,4,1
CUST_007705,Treatment,42.6,52.84,35.59,72.0,low,West,Desktop,Premium,13,0
CUST_007706,Control,8.96,17.39,24.33,24.37,low,North,Desktop,Basic,19,0
CUST_007707,Treatment,106.43,105.22,106.7,123.92,low,North,Mobile,Enterprise,4,1
CUST_007708,Control,130.23,145.96,153.32,158.82,medium,West,Mobile,Enterprise,22,0
CUST_007709,Treatment,102.19,81.17,91.31,104.87,high,West,Mobile,Basic,9,0
CUST_007710,Treatment,60.56,67.88,63.33,77.43,medium,East,Tablet,Premium,24,0
CUST_007711,Treatment,11.94,22.52,19.19,20.45,low,West,Mobile,Basic,1,1
CUST_007712,Control,29.39,22.18,34.6,38.58,low,East,Mobile,Basic,23,0
CUST_007713,Treatment,44.45,48.84,53.67,65.68,low,East,Desktop,Premium,15,0
CUST_007714,Treatment,25.77,30.71,26.3,17.77,medium,East,Desktop,Basic,8,0
CUST_007715,Control,113.26,125.89,137.15,121.41,high,South,Mobile,Enterprise,24,0
CUST_007716,Control,47.26,45.56,40.61,40.44,medium,West,Desktop,Premium,11,0
CUST_007717,Control,24.92,26.42,32.32,54.97,medium,East,Tablet,Premium,11,0
CUST_007718,Control,38.72,59.72,63.69,55.92,medium,North,Tablet,Premium,12,0
CUST_007719,Treatment,88.63,93.23,77.53,97.8,medium,East,Desktop,Premium,37,0
CUST_007720,Treatment,68.7,68.11,67.11,79.93,high,East,Mobile,Basic,17,0
CUST_007721,Treatment,124.71,153.77,154.18,182.86,high,East,Mobile,Enterprise,1,1
CUST_007722,Control,105.22,114.9,123.34,124.4,low,South,Tablet,Enterprise,14,0
CUST_007723,Control,17.67,14.09,12.88,20.27,medium,South,Desktop,Basic,21,0
CUST_007724,Treatment,204.26,211.47,190.88,227.45,medium,South,Mobile,Enterprise,60,0
CUST_007725,Treatment,61.62,38.57,50.8,45.18,high,West,Desktop,Basic,16,0
CUST_007726,Control,59.67,38.92,52.83,58.12,medium,South,Desktop,Enterprise,5,1
CUST_007727,Control,24.36,34.12,30.66,10.04,medium,East,Mobile,Basic,1,1
CUST_007728,Treatment,45.84,47.98,57.73,73.4,medium,West,Desktop,Basic,27,0
CUST_007729,Treatment,27.71,18.51,40.19,26.75,low,North,Desktop,Basic,5,1
CUST_007730,Control,137.81,144.06,135.52,160.06,high,North,Mobile,Premium,15,0
CUST_007731,Control,50.74,47.91,60.13,67.36,medium,North,Desktop,Basic,21,0
CUST_007732,Control,36.73,30.69,24.74,31.69,high,East,Mobile,Basic,8,0
CUST_007733,Control,135.68,116.68,142.09,136.19,high,West,Mobile,Premium,3,1
CUST_007734,Treatment,31.01,25.23,26.12,18.0,medium,South,Desktop,Basic,5,1
CUST_007735,Treatment,27.2,14.78,26.47,19.62,low,South,Desktop,Basic,17,0
CUST_007736,Treatment,34.41,16.25,22.22,39.7,medium,North,Desktop,Basic,45,0
CUST_007737,Control,137.58,144.07,146.7,148.99,high,North,Desktop,Enterprise,2,1
CUST_007738,Control,83.77,100.46,93.64,102.55,medium,West,Desktop,Premium,42,0
CUST_007739,Treatment,114.73,116.2,114.1,137.11,high,North,Mobile,Premium,9,0
CUST_007740,Control,78.5,86.28,97.58,96.13,high,South,Tablet,Basic,34,0
CUST_007741,Treatment,43.29,31.13,13.34,28.44,medium,South,Mobile,Basic,39,0
CUST_007742,Control,41.73,54.07,51.25,52.39,low,North,Mobile,Premium,4,1
CUST_007743,Treatment,52.47,46.99,44.1,56.61,medium,South,Mobile,Premium,6,0
CUST_007744,Control,36.45,38.27,50.48,38.35,high,South,Desktop,Premium,10,0
CUST_007745,Treatment,38.02,41.98,28.98,42.73,low,North,Desktop,Premium,5,1
CUST_007746,Treatment,68.61,68.84,65.58,79.43,high,East,Desktop,Basic,18,0
CUST_007747,Control,101.64,91.77,99.74,108.8,high,South,Desktop,Premium,2,1
CUST_007748,Treatment,25.4,36.56,41.41,28.68,low,South,Mobile,Basic,5,1
CUST_007749,Control,30.61,37.49,9.56,30.86,medium,East,Desktop,Basic,14,0
CUST_007750,Control,51.53,38.83,52.76,51.74,medium,West,Desktop,Premium,4,1
CUST_007751,Treatment,55.2,54.5,51.6,67.63,medium,South,Desktop,Basic,5,1
CUST_007752,Control,37.53,49.63,51.88,41.68,high,North,Tablet,Basic,3,1
CUST_007753,Treatment,10.42,28.94,30.34,21.3,low,South,Tablet,Premium,15,0
CUST_007754,Treatment,107.02,98.13,103.81,120.99,medium,West,Mobile,Premium,50,0
CUST_007755,Treatment,22.23,23.29,34.44,23.97,medium,East,Mobile,Basic,1,1
CUST_007756,Treatment,118.17,127.03,124.07,142.07,high,South,Mobile,Premium,9,0
CUST_007757,Treatment,69.18,74.79,74.32,83.06,medium,South,Tablet,Premium,7,0
CUST_007758,Control,38.21,41.5,37.19,61.58,high,East,Mobile,Basic,3,1
CUST_007759,Control,16.25,28.33,21.99,34.08,medium,North,Desktop,Basic,3,1
CUST_007760,Control,33.32,36.14,48.26,40.12,medium,South,Mobile,Basic,28,0
CUST_007761,Control,61.42,58.8,52.89,63.52,medium,South,Mobile,Premium,28,0
CUST_007762,Control,27.42,42.53,36.95,41.23,low,North,Desktop,Premium,1,1
CUST_007763,Treatment,55.44,69.27,77.14,83.05,high,North,Desktop,Basic,5,1
CUST_007764,Treatment,17.18,43.03,21.2,22.18,low,South,Tablet,Premium,11,0
CUST_007765,Control,30.67,11.92,34.28,29.81,medium,North,Mobile,Basic,1,1
CUST_007766,Treatment,25.6,26.4,14.88,26.05,high,South,Desktop,Basic,10,0
CUST_007767,Treatment,67.38,73.51,96.32,89.7,high,South,Mobile,Premium,6,0
CUST_007768,Control,18.91,24.6,19.8,20.45,low,West,Desktop,Basic,39,0
CUST_007769,Treatment,39.08,46.13,53.23,63.62,low,South,Desktop,Premium,34,0
CUST_007770,Control,30.39,43.17,48.67,41.6,medium,West,Mobile,Basic,2,1
CUST_007771,Control,43.09,43.77,35.4,53.29,high,North,Desktop,Basic,12,0
CUST_007772,Control,36.88,48.86,35.57,48.12,high,East,Desktop,Basic,8,0
CUST_007773,Control,27.63,20.07,28.73,19.11,low,South,Desktop,Basic,1,1
CUST_007774,Treatment,53.13,69.39,63.69,79.04,low,South,Tablet,Premium,5,1
CUST_007775,Control,43.63,22.71,38.5,35.09,medium,West,Mobile,Basic,18,0
CUST_007776,Control,25.52,19.01,25.96,14.47,medium,East,Mobile,Basic,10,0
CUST_007777,Control,28.34,17.62,19.67,24.1,medium,South,Desktop,Basic,11,0
CUST_007778,Treatment,25.44,43.11,36.05,36.72,low,North,Desktop,Premium,8,0
CUST_007779,Control,14.65,29.96,24.57,28.0,low,West,Mobile,Basic,8,0
CUST_007780,Control,79.47,81.12,76.7,68.09,medium,South,Tablet,Premium,38,0
CUST_007781,Control,52.88,40.78,42.39,39.08,low,West,Desktop,Premium,16,0
CUST_007782,Control,33.84,26.08,14.42,34.81,medium,North,Desktop,Basic,8,0
CUST_007783,Treatment,148.7,172.3,162.62,217.26,high,West,Desktop,Enterprise,13,0
CUST_007784,Control,50.48,46.15,47.51,62.94,low,East,Desktop,Enterprise,4,1
CUST_007785,Treatment,80.36,108.9,81.69,110.78,medium,North,Mobile,Enterprise,9,0
CUST_007786,Treatment,39.08,41.56,18.35,54.37,low,North,Desktop,Basic,18,0
CUST_007787,Control,60.43,59.76,72.74,59.23,low,West,Mobile,Premium,3,1
CUST_007788,Treatment,50.83,39.82,51.37,43.33,low,East,Mobile,Premium,14,0
CUST_007789,Control,42.1,44.76,28.79,35.97,medium,South,Mobile,Basic,8,0
CUST_007790,Treatment,72.87,58.08,69.35,82.02,medium,North,Tablet,Premium,3,1
CUST_007791,Control,56.35,58.64,48.24,48.01,low,North,Mobile,Premium,6,0
CUST_007792,Treatment,44.21,46.63,38.63,51.56,low,South,Mobile,Premium,7,0
CUST_007793,Control,43.73,41.35,43.13,41.65,low,South,Mobile,Premium,1,1
CUST_007794,Control,20.83,21.08,28.33,37.36,low,North,Desktop,Basic,8,0
CUST_007795,Treatment,23.94,8.24,39.3,28.94,medium,North,Desktop,Basic,1,1
CUST_007796,Control,23.54,13.42,7.28,7.19,low,North,Mobile,Basic,10,0
CUST_007797,Control,32.95,20.65,33.24,22.23,low,East,Tablet,Premium,9,0
CUST_007798,Control,19.65,18.34,22.16,14.76,low,West,Mobile,Basic,4,1
CUST_007799,Control,27.19,25.89,29.41,36.96,low,South,Mobile,Premium,15,0
CUST_007800,Control,28.74,28.35,42.11,35.62,medium,West,Desktop,Basic,18,0
CUST_007801,Treatment,16.99,42.32,22.02,21.36,medium,East,Desktop,Basic,7,0
CUST_007802,Control,56.8,48.23,66.83,60.03,low,East,Desktop,Premium,3,1
CUST_007803,Control,53.66,38.69,52.54,56.82,medium,North,Desktop,Basic,3,1
CUST_007804,Control,123.21,141.29,137.77,148.03,medium,West,Desktop,Enterprise,11,0
CUST_007805,Treatment,73.37,78.67,63.93,81.57,medium,South,Mobile,Premium,8,0
CUST_007806,Control,35.12,28.3,36.84,48.11,medium,North,Desktop,Basic,1,1
CUST_007807,Control,35.03,35.6,25.85,27.13,low,East,Tablet,Basic,26,0
CUST_007808,Control,36.4,23.57,43.1,42.28,low,East,Tablet,Premium,26,0
CUST_007809,Treatment,72.02,72.62,60.83,65.19,medium,East,Tablet,Premium,11,0
CUST_007810,Control,28.48,32.1,37.5,23.73,medium,East,Desktop,Basic,16,0
CUST_007811,Control,22.81,37.72,25.65,7.84,low,North,Desktop,Basic,6,0
CUST_007812,Control,100.87,101.21,120.21,116.73,medium,West,Desktop,Enterprise,39,0
CUST_007813,Treatment,17.56,18.55,20.89,47.53,medium,North,Desktop,Basic,55,0
CUST_007814,Treatment,64.75,77.66,63.66,79.48,medium,West,Mobile,Premium,14,0
CUST_007815,Control,80.87,79.63,70.3,82.21,low,East,Tablet,Enterprise,14,0
CUST_007816,Control,50.22,33.7,36.99,51.43,low,West,Mobile,Premium,20,0
CUST_007817,Control,74.05,75.91,77.07,76.3,medium,West,Desktop,Premium,3,1
CUST_007818,Control,11.01,13.67,27.37,43.12,medium,West,Desktop,Basic,10,0
CUST_007819,Control,83.72,99.16,99.17,96.29,high,West,Desktop,Basic,21,0
CUST_007820,Control,45.2,62.18,51.61,49.11,medium,West,Mobile,Premium,26,0
CUST_007821,Treatment,60.13,78.13,68.73,70.57,high,North,Mobile,Basic,1,1
CUST_007822,Treatment,20.6,44.33,31.71,43.33,medium,East,Mobile,Basic,9,0
CUST_007823,Control,40.25,29.76,30.58,40.21,high,North,Mobile,Basic,37,0
CUST_007824,Control,38.4,30.41,42.19,50.39,low,North,Tablet,Basic,1,1
CUST_007825,Treatment,95.69,83.2,91.13,107.98,medium,East,Desktop,Enterprise,6,0
CUST_007826,Treatment,26.05,21.74,32.95,55.49,low,East,Tablet,Premium,14,0
CUST_007827,Treatment,62.0,49.23,62.12,77.41,high,North,Desktop,Basic,3,1
CUST_007828,Control,65.14,66.31,49.81,77.62,low,West,Tablet,Enterprise,10,0
CUST_007829,Control,64.82,57.04,63.84,55.0,medium,South,Mobile,Premium,1,1
CUST_007830,Control,47.65,55.03,58.3,47.84,low,North,Desktop,Premium,18,0
CUST_007831,Control,57.42,58.86,55.03,47.44,low,East,Desktop,Premium,14,0
CUST_007832,Treatment,22.04,20.93,22.06,24.04,medium,South,Desktop,Basic,21,0
CUST_007833,Treatment,41.07,40.03,51.62,36.66,medium,North,Mobile,Premium,17,0
CUST_007834,Treatment,122.65,124.69,128.28,142.2,medium,West,Desktop,Enterprise,6,0
CUST_007835,Treatment,28.08,20.62,42.01,29.05,low,South,Desktop,Basic,34,0
CUST_007836,Control,147.5,170.67,152.73,192.77,medium,West,Mobile,Enterprise,7,0
CUST_007837,Control,43.2,59.65,52.42,48.61,high,East,Mobile,Basic,4,1
CUST_007838,Treatment,153.77,144.6,163.4,194.08,high,South,Desktop,Enterprise,10,0
CUST_007839,Control,181.06,178.69,180.56,199.41,high,East,Mobile,Premium,44,0
CUST_007840,Control,103.01,97.07,114.96,110.38,high,West,Desktop,Premium,3,1
CUST_007841,Treatment,132.77,137.33,147.8,167.68,high,South,Desktop,Premium,3,1
CUST_007842,Treatment,63.92,78.75,62.22,92.29,high,West,Mobile,Premium,5,1
CUST_007843,Treatment,40.13,41.26,39.73,26.79,medium,East,Mobile,Premium,1,1
CUST_007844,Treatment,59.77,44.5,63.72,58.05,medium,North,Mobile,Premium,2,1
CUST_007845,Control,44.49,36.45,40.42,50.59,medium,West,Desktop,Basic,43,0
CUST_007846,Treatment,46.77,45.69,46.28,55.53,high,North,Mobile,Basic,57,0
CUST_007847,Control,31.47,34.72,44.52,40.48,medium,West,Mobile,Basic,15,0
CUST_007848,Control,143.9,142.1,137.85,146.08,high,West,Desktop,Premium,15,0
CUST_007849,Control,51.94,46.0,39.47,29.91,medium,East,Mobile,Basic,3,1
CUST_007850,Treatment,31.49,45.83,36.02,33.71,low,East,Mobile,Basic,21,0
CUST_007851,Control,26.93,44.81,45.61,42.68,high,East,Desktop,Basic,34,0
CUST_007852,Treatment,57.69,61.93,53.39,61.19,low,North,Mobile,Premium,10,0
CUST_007853,Treatment,125.55,144.06,142.91,143.87,high,North,Mobile,Enterprise,25,0
CUST_007854,Control,22.68,41.8,42.82,35.45,high,North,Mobile,Basic,9,0
CUST_007855,Control,24.74,31.31,19.73,5.14,low,North,Desktop,Basic,43,0
CUST_007856,Control,19.8,21.66,18.93,11.44,low,North,Desktop,Basic,6,0
CUST_007857,Treatment,35.07,36.95,30.13,36.34,medium,East,Desktop,Basic,4,1
CUST_007858,Treatment,81.55,73.0,82.46,95.06,high,East,Desktop,Basic,29,0
CUST_007859,Treatment,39.12,50.25,59.58,37.39,low,North,Desktop,Premium,19,0
CUST_007860,Treatment,44.51,36.97,36.54,49.93,high,West,Desktop,Basic,16,0
CUST_007861,Control,96.45,89.96,98.07,112.64,high,South,Desktop,Premium,7,0
CUST_007862,Control,24.45,34.34,32.76,39.16,low,East,Tablet,Basic,7,0
CUST_007863,Control,22.06,34.77,21.5,13.97,medium,East,Mobile,Basic,3,1
CUST_007864,Control,15.31,26.81,27.01,25.79,low,North,Desktop,Basic,11,0
CUST_007865,Control,50.39,42.43,55.16,60.14,low,East,Desktop,Basic,34,0
CUST_007866,Control,49.09,58.88,59.48,61.07,medium,South,Mobile,Premium,22,0
CUST_007867,Control,36.24,36.94,47.02,47.11,low,West,Desktop,Premium,4,1
CUST_007868,Treatment,22.07,32.43,25.48,35.01,high,East,Mobile,Basic,15,0
CUST_007869,Control,51.66,62.22,58.88,54.91,medium,South,Desktop,Premium,4,1
CUST_007870,Control,25.84,13.55,46.14,39.53,low,North,Desktop,Premium,36,0
CUST_007871,Control,22.38,34.58,35.16,31.88,low,West,Mobile,Premium,24,0
CUST_007872,Treatment,43.06,47.88,39.63,45.61,medium,East,Desktop,Premium,7,0
CUST_007873,Treatment,27.84,22.08,21.78,32.84,medium,East,Mobile,Basic,8,0
CUST_007874,Control,38.9,38.38,27.91,29.82,low,North,Mobile,Basic,2,1
CUST_007875,Control,36.56,37.62,47.64,43.58,medium,East,Mobile,Basic,11,0
CUST_007876,Control,38.94,33.98,49.27,32.11,low,East,Mobile,Premium,12,0
CUST_007877,Control,49.0,42.81,53.99,50.82,medium,North,Desktop,Basic,6,0
CUST_007878,Treatment,53.07,69.7,64.21,58.9,low,East,Desktop,Premium,30,0
CUST_007879,Treatment,112.91,97.36,130.87,149.91,high,South,Desktop,Premium,9,0
CUST_007880,Control,12.95,14.29,4.72,24.44,medium,East,Mobile,Basic,19,0
CUST_007881,Control,96.07,103.2,116.71,112.02,medium,East,Mobile,Premium,1,1
CUST_007882,Treatment,34.41,54.65,50.57,59.9,medium,South,Desktop,Premium,53,0
CUST_007883,Treatment,36.7,20.86,30.81,45.23,medium,West,Desktop,Basic,16,0
CUST_007884,Control,44.6,40.5,35.17,21.24,medium,East,Mobile,Basic,3,1
CUST_007885,Control,67.05,69.6,78.23,67.98,high,North,Mobile,Basic,16,0
CUST_007886,Control,27.17,41.55,50.94,40.92,low,West,Desktop,Basic,4,1
CUST_007887,Control,53.94,52.33,52.08,59.08,low,North,Desktop,Premium,35,0
CUST_007888,Treatment,57.26,52.15,58.72,95.04,medium,East,Desktop,Premium,19,0
CUST_007889,Treatment,139.56,138.71,141.58,156.93,medium,East,Tablet,Enterprise,8,0
CUST_007890,Treatment,279.65,280.13,295.36,349.36,high,West,Mobile,Enterprise,17,0
CUST_007891,Control,35.93,36.11,40.88,47.62,medium,North,Tablet,Basic,3,1
CUST_007892,Treatment,11.39,31.67,31.52,15.3,low,West,Mobile,Basic,15,0
CUST_007893,Control,43.07,47.35,45.28,48.1,low,North,Desktop,Premium,1,1
CUST_007894,Control,30.49,27.42,20.22,41.78,low,West,Desktop,Premium,1,1
CUST_007895,Control,8.92,16.82,21.7,15.48,low,West,Tablet,Basic,12,0
CUST_007896,Control,93.77,93.2,109.29,109.86,medium,North,Mobile,Enterprise,24,0
CUST_007897,Treatment,41.92,50.92,44.99,66.51,low,East,Mobile,Basic,25,0
CUST_007898,Control,57.7,57.5,66.58,66.93,high,East,Desktop,Premium,10,0
CUST_007899,Control,39.54,27.37,51.82,46.64,high,North,Desktop,Basic,22,0
CUST_007900,Treatment,41.96,31.24,33.8,25.29,medium,East,Mobile,Basic,17,0
CUST_007901,Treatment,13.57,20.64,12.05,22.46,low,North,Desktop,Basic,10,0
CUST_007902,Treatment,55.09,47.74,46.31,48.83,medium,West,Mobile,Premium,32,0
CUST_007903,Control,69.27,63.14,81.31,74.15,medium,South,Desktop,Premium,3,1
CUST_007904,Control,62.56,63.46,63.79,60.22,low,East,Mobile,Premium,3,1
CUST_007905,Control,29.88,36.77,46.04,50.18,low,East,Mobile,Premium,5,1
CUST_007906,Control,30.16,32.12,26.67,30.27,medium,East,Mobile,Basic,2,1
CUST_007907,Treatment,62.81,66.01,71.98,60.51,medium,West,Desktop,Premium,47,0
CUST_007908,Control,45.88,64.66,69.71,51.24,medium,North,Desktop,Premium,10,0
CUST_007909,Treatment,48.6,68.01,62.58,70.58,high,North,Mobile,Basic,9,0
CUST_007910,Treatment,93.17,112.95,98.2,119.16,high,South,Mobile,Enterprise,17,0
CUST_007911,Control,104.38,112.35,134.75,117.78,high,East,Desktop,Premium,1,1
CUST_007912,Control,151.76,162.01,159.18,174.96,medium,South,Desktop,Enterprise,10,0
CUST_007913,Treatment,72.88,76.73,57.5,67.98,high,South,Desktop,Basic,1,1
CUST_007914,Treatment,34.1,56.8,45.66,55.68,medium,West,Desktop,Basic,2,1
CUST_007915,Control,34.14,17.02,33.37,20.16,low,South,Mobile,Basic,1,1
CUST_007916,Control,22.94,30.0,13.89,32.05,low,North,Desktop,Basic,34,0
CUST_007917,Treatment,25.87,24.47,20.32,30.68,low,East,Mobile,Basic,18,0
CUST_007918,Treatment,43.19,40.71,29.21,53.26,medium,South,Desktop,Premium,2,1
CUST_007919,Treatment,67.42,81.03,83.1,77.62,medium,South,Desktop,Basic,10,0
CUST_007920,Treatment,14.28,21.52,29.33,28.84,medium,East,Mobile,Basic,1,1
CUST_007921,Control,187.38,200.44,194.05,208.57,medium,East,Mobile,Enterprise,8,0
CUST_007922,Treatment,40.72,32.29,57.31,52.82,medium,North,Desktop,Premium,12,0
CUST_007923,Control,177.38,200.88,203.37,207.34,high,South,Desktop,Premium,25,0
CUST_007924,Control,164.53,184.75,181.17,178.1,medium,North,Desktop,Enterprise,8,0
CUST_007925,Treatment,55.11,51.36,47.48,34.69,low,South,Mobile,Premium,12,0
CUST_007926,Control,29.48,32.86,32.85,35.9,low,South,Mobile,Basic,1,1
CUST_007927,Control,55.82,68.76,66.53,62.76,medium,East,Desktop,Basic,11,0
CUST_007928,Control,26.72,20.98,33.34,37.11,medium,South,Desktop,Basic,2,1
CUST_007929,Treatment,29.39,40.61,48.45,42.37,low,South,Mobile,Premium,6,0
CUST_007930,Control,24.35,39.83,33.67,39.46,medium,South,Desktop,Basic,13,0
CUST_007931,Control,93.53,108.26,95.03,92.77,high,East,Desktop,Premium,6,0
CUST_007932,Treatment,43.69,34.86,38.32,34.34,low,West,Desktop,Basic,19,0
CUST_007933,Control,50.8,54.28,48.26,56.4,low,East,Desktop,Premium,1,1
CUST_007934,Control,32.4,22.45,26.92,17.01,medium,North,Mobile,Basic,13,0
CUST_007935,Treatment,15.28,34.2,21.41,36.62,medium,East,Mobile,Basic,5,1
CUST_007936,Treatment,36.81,49.27,52.05,55.95,high,East,Desktop,Basic,27,0
CUST_007937,Control,31.11,40.23,36.7,27.84,high,South,Mobile,Basic,2,1
CUST_007938,Control,39.11,49.52,33.29,35.63,low,East,Desktop,Premium,40,0
CUST_007939,Treatment,25.9,48.48,36.2,42.39,medium,North,Tablet,Basic,3,1
CUST_007940,Control,33.95,40.62,37.32,24.85,medium,South,Desktop,Basic,1,1
CUST_007941,Control,10.31,19.47,15.93,25.47,medium,South,Desktop,Basic,6,0
CUST_007942,Control,48.68,36.71,36.44,49.39,medium,South,Desktop,Premium,19,0
CUST_007943,Treatment,39.81,49.26,61.56,46.29,high,North,Desktop,Basic,2,1
CUST_007944,Treatment,45.18,58.88,59.32,83.2,high,North,Desktop,Basic,4,1
CUST_007945,Control,102.65,113.84,110.42,115.65,high,South,Mobile,Basic,4,1
CUST_007946,Treatment,45.12,51.54,46.31,54.39,medium,East,Mobile,Premium,10,0
CUST_007947,Treatment,231.48,247.14,250.77,290.52,high,North,Desktop,Enterprise,26,0
CUST_007948,Control,22.92,24.75,15.55,20.36,medium,North,Mobile,Basic,2,1
CUST_007949,Treatment,38.04,37.39,41.73,58.44,medium,North,Tablet,Premium,19,0
CUST_007950,Control,32.76,30.16,37.48,43.18,medium,South,Desktop,Basic,9,0
CUST_007951,Control,139.64,131.58,136.06,150.2,high,East,Mobile,Enterprise,7,0
CUST_007952,Treatment,59.82,58.29,47.17,55.48,medium,North,Desktop,Basic,6,0
CUST_007953,Treatment,72.54,68.63,87.51,87.65,medium,West,Desktop,Premium,10,0
CUST_007954,Control,44.15,49.95,62.11,48.28,high,South,Mobile,Basic,1,1
CUST_007955,Control,41.49,39.49,58.82,61.77,medium,West,Desktop,Basic,9,0
CUST_007956,Treatment,27.6,33.88,26.29,42.43,low,East,Desktop,Premium,6,0
CUST_007957,Control,109.92,102.18,105.03,103.53,medium,East,Mobile,Premium,15,0
CUST_007958,Control,33.72,20.34,33.67,27.53,medium,East,Mobile,Basic,10,0
CUST_007959,Treatment,127.85,130.16,121.35,143.08,medium,East,Desktop,Enterprise,1,1
CUST_007960,Control,20.73,25.25,28.16,33.49,medium,North,Mobile,Premium,22,0
CUST_007961,Treatment,27.05,23.34,56.35,55.89,medium,East,Desktop,Basic,40,0
CUST_007962,Control,125.84,118.02,128.29,141.75,high,East,Mobile,Enterprise,2,1
CUST_007963,Treatment,75.94,85.62,87.74,98.46,low,South,Mobile,Enterprise,23,0
CUST_007964,Control,56.06,79.05,76.58,73.62,medium,South,Mobile,Premium,8,0
CUST_007965,Control,85.57,74.54,62.24,54.39,low,North,Mobile,Enterprise,3,1
CUST_007966,Control,59.02,68.01,75.8,70.03,medium,West,Desktop,Premium,15,0
CUST_007967,Control,148.72,138.77,143.64,170.33,high,East,Mobile,Enterprise,1,1
CUST_007968,Control,131.35,127.42,138.25,137.33,low,West,Tablet,Enterprise,10,0
CUST_007969,Control,54.44,60.77,61.07,54.76,medium,South,Mobile,Premium,13,0
CUST_007970,Treatment,70.33,51.11,58.91,62.47,medium,East,Mobile,Premium,3,1
CUST_007971,Treatment,36.83,34.72,35.4,48.32,medium,West,Desktop,Basic,12,0
CUST_007972,Treatment,78.15,90.47,70.73,79.96,low,South,Mobile,Premium,12,0
CUST_007973,Control,17.12,20.18,13.55,12.48,low,West,Desktop,Basic,1,1
CUST_007974,Control,32.07,30.3,18.73,41.98,high,East,Mobile,Basic,26,0
CUST_007975,Treatment,45.28,53.16,61.82,51.57,medium,East,Desktop,Premium,1,1
CUST_007976,Treatment,94.45,83.83,79.22,86.02,medium,North,Desktop,Enterprise,10,0
CUST_007977,Control,42.6,44.53,44.38,47.68,low,South,Desktop,Basic,1,1
CUST_007978,Control,59.84,49.29,56.62,59.91,high,South,Tablet,Basic,2,1
CUST_007979,Treatment,41.33,44.49,56.35,65.89,low,South,Mobile,Premium,13,0
CUST_007980,Control,70.43,68.65,63.34,56.46,medium,North,Desktop,Premium,12,0
CUST_007981,Control,47.3,52.33,51.77,53.65,high,East,Desktop,Basic,1,1
CUST_007982,Control,62.83,53.96,81.72,66.51,high,West,Tablet,Basic,12,0
CUST_007983,Control,106.21,115.25,126.6,125.13,high,West,Tablet,Premium,6,0
CUST_007984,Control,76.15,103.15,87.98,89.07,high,South,Desktop,Basic,9,0
CUST_007985,Control,242.3,253.63,256.97,265.16,high,East,Mobile,Enterprise,11,0
CUST_007986,Treatment,34.72,38.19,42.05,40.95,high,South,Desktop,Basic,15,0
CUST_007987,Treatment,19.05,26.41,24.51,29.33,medium,North,Desktop,Basic,27,0
CUST_007988,Control,34.22,22.94,17.15,10.58,low,West,Tablet,Basic,4,1
CUST_007989,Treatment,73.34,84.9,82.75,86.51,high,East,Mobile,Premium,15,0
CUST_007990,Control,63.21,79.94,79.85,80.08,high,South,Desktop,Premium,1,1
CUST_007991,Treatment,46.01,64.71,56.96,66.01,high,North,Mobile,Basic,8,0
CUST_007992,Control,26.0,18.03,30.68,40.13,low,North,Desktop,Basic,4,1
CUST_007993,Treatment,40.17,19.27,23.75,17.35,low,West,Desktop,Basic,26,0
CUST_007994,Control,24.55,14.24,27.95,44.48,medium,West,Mobile,Basic,1,1
CUST_007995,Treatment,25.49,24.46,31.89,20.99,high,East,Desktop,Basic,21,0
CUST_007996,Treatment,40.1,29.06,34.69,39.68,medium,North,Desktop,Basic,21,0
CUST_007997,Treatment,110.52,120.52,112.53,147.58,medium,East,Desktop,Enterprise,19,0
CUST_007998,Treatment,72.64,47.13,60.21,72.1,medium,South,Mobile,Premium,21,0
CUST_007999,Control,68.26,80.24,73.16,83.55,low,East,Desktop,Enterprise,6,0
CUST_008000,Control,47.84,33.29,12.24,41.07,low,East,Mobile,Premium,6,0
CUST_008001,Treatment,11.24,20.75,16.97,21.06,low,North,Mobile,Basic,4,1
CUST_008002,Control,74.73,64.72,53.9,72.76,medium,East,Desktop,Premium,32,0
CUST_008003,Treatment,76.37,86.31,96.07,96.94,low,North,Desktop,Enterprise,33,0
CUST_008004,Control,99.28,100.85,108.99,116.75,medium,North,Desktop,Premium,1,1
CUST_008005,Treatment,41.27,50.05,55.03,65.58,medium,East,Desktop,Premium,1,1
CUST_008006,Treatment,58.66,55.88,69.32,59.65,low,North,Desktop,Premium,5,1
CUST_008007,Control,143.73,167.22,162.13,173.68,medium,East,Tablet,Enterprise,7,0
CUST_008008,Control,47.93,39.26,47.52,60.67,low,West,Desktop,Premium,22,0
CUST_008009,Treatment,28.87,26.25,31.83,34.16,medium,North,Mobile,Basic,8,0
CUST_008010,Control,29.99,41.71,15.47,34.45,medium,North,Mobile,Premium,1,1
CUST_008011,Control,73.89,92.69,98.08,95.36,low,South,Desktop,Enterprise,10,0
CUST_008012,Control,25.6,35.91,20.31,31.14,low,West,Mobile,Basic,1,1
CUST_008013,Control,115.24,125.95,137.11,133.54,medium,South,Mobile,Enterprise,17,0
CUST_008014,Control,77.72,87.11,75.24,75.84,high,East,Desktop,Premium,11,0
CUST_008015,Control,22.69,22.11,40.04,34.0,low,North,Desktop,Premium,3,1
CUST_008016,Treatment,17.05,15.92,29.68,19.66,low,East,Desktop,Premium,1,1
CUST_008017,Treatment,28.69,20.42,17.19,15.72,medium,North,Tablet,Basic,22,0
CUST_008018,Treatment,122.69,144.33,126.58,146.61,medium,West,Desktop,Enterprise,9,0
CUST_008019,Treatment,50.45,57.48,51.72,54.28,low,South,Desktop,Premium,1,1
CUST_008020,Control,39.78,39.28,46.94,44.64,low,South,Desktop,Premium,20,0
CUST_008021,Treatment,30.62,28.71,44.83,25.76,low,South,Desktop,Basic,1,1
CUST_008022,Control,57.43,56.5,53.51,59.26,low,West,Desktop,Basic,11,0
CUST_008023,Treatment,17.84,22.18,30.8,22.63,medium,East,Mobile,Basic,22,0
CUST_008024,Control,59.39,59.19,53.69,66.22,medium,East,Mobile,Premium,11,0
CUST_008025,Treatment,26.43,18.21,33.63,20.58,medium,West,Desktop,Basic,9,0
CUST_008026,Control,37.34,43.49,42.36,41.48,low,South,Desktop,Premium,24,0
CUST_008027,Control,98.07,83.21,103.58,106.17,high,North,Tablet,Premium,5,1
CUST_008028,Control,3.29,25.71,11.79,20.51,low,East,Desktop,Premium,7,0
CUST_008029,Treatment,53.39,36.95,24.51,42.91,medium,East,Mobile,Basic,21,0
CUST_008030,Treatment,69.46,80.73,76.11,100.9,high,North,Tablet,Basic,3,1
CUST_008031,Control,58.01,47.78,57.8,50.46,medium,North,Desktop,Premium,32,0
CUST_008032,Treatment,57.64,64.32,48.27,60.68,medium,North,Desktop,Premium,45,0
CUST_008033,Control,52.92,49.2,49.59,36.67,medium,West,Mobile,Premium,17,0
CUST_008034,Treatment,31.97,39.98,15.5,29.11,high,West,Desktop,Basic,52,0
CUST_008035,Control,71.09,48.13,75.69,88.2,low,South,Desktop,Enterprise,3,1
CUST_008036,Control,44.92,32.1,48.76,40.45,low,North,Mobile,Basic,11,0
CUST_008037,Control,38.86,42.64,45.16,61.11,low,North,Mobile,Premium,3,1
CUST_008038,Treatment,24.16,48.58,40.07,32.72,medium,North,Desktop,Basic,4,1
CUST_008039,Treatment,49.67,49.36,69.97,73.58,medium,East,Mobile,Basic,12,0
CUST_008040,Control,33.41,32.05,54.41,38.57,medium,East,Desktop,Basic,5,1
CUST_008041,Control,12.53,18.19,15.17,28.33,low,North,Mobile,Basic,11,0
CUST_008042,Control,45.02,58.24,54.56,48.78,low,East,Desktop,Premium,23,0
CUST_008043,Treatment,90.1,87.06,74.8,86.94,medium,West,Desktop,Premium,60,0
CUST_008044,Control,17.15,12.99,25.39,25.19,low,West,Mobile,Basic,6,0
CUST_008045,Treatment,19.32,31.4,26.59,32.92,low,North,Mobile,Basic,25,0
CUST_008046,Control,32.44,34.24,41.36,35.75,low,East,Desktop,Premium,15,0
CUST_008047,Control,23.73,15.88,22.51,35.66,medium,North,Mobile,Basic,24,0
CUST_008048,Treatment,35.21,28.41,25.83,43.83,medium,North,Desktop,Basic,12,0
CUST_008049,Treatment,56.78,68.81,71.32,72.22,low,North,Desktop,Enterprise,13,0
CUST_008050,Treatment,58.84,80.67,77.25,100.6,low,East,Mobile,Enterprise,2,1
CUST_008051,Treatment,70.62,79.62,71.74,78.85,medium,North,Mobile,Premium,21,0
CUST_008052,Treatment,76.61,80.59,80.62,73.23,medium,West,Desktop,Premium,49,0
CUST_008053,Control,45.22,20.2,31.43,32.28,low,West,Tablet,Premium,15,0
CUST_008054,Treatment,73.63,85.86,88.17,91.0,medium,West,Desktop,Enterprise,13,0
CUST_008055,Treatment,30.08,39.55,39.52,45.47,low,North,Mobile,Premium,23,0
CUST_008056,Treatment,76.97,83.3,72.88,71.57,medium,West,Mobile,Premium,3,1
CUST_008057,Treatment,12.69,11.21,13.98,24.21,low,West,Mobile,Basic,6,0
CUST_008058,Control,94.36,96.91,88.61,93.64,medium,West,Mobile,Premium,8,0
CUST_008059,Treatment,18.71,22.98,23.43,16.79,medium,North,Tablet,Premium,6,0
CUST_008060,Control,145.02,139.09,149.13,150.99,medium,East,Mobile,Enterprise,4,1
CUST_008061,Treatment,72.88,83.97,75.64,96.12,medium,North,Desktop,Premium,19,0
CUST_008062,Treatment,88.25,98.74,101.47,87.64,medium,South,Mobile,Premium,25,0
CUST_008063,Treatment,119.55,129.24,129.71,146.21,high,North,Mobile,Premium,11,0
CUST_008064,Control,45.09,43.48,36.23,40.49,medium,West,Mobile,Basic,26,0
CUST_008065,Treatment,159.22,156.87,156.28,189.63,medium,East,Tablet,Enterprise,26,0
CUST_008066,Treatment,5.36,19.24,13.66,31.97,low,West,Desktop,Basic,5,1
CUST_008067,Treatment,27.29,11.76,28.06,42.75,low,East,Tablet,Basic,10,0
CUST_008068,Control,19.78,35.06,27.6,21.58,low,South,Mobile,Basic,21,0
CUST_008069,Control,35.0,20.99,35.92,35.73,medium,East,Desktop,Basic,37,0
CUST_008070,Control,44.94,54.51,35.49,37.94,low,East,Mobile,Premium,12,0
CUST_008071,Control,21.68,19.83,18.59,24.28,low,South,Mobile,Basic,21,0
CUST_008072,Treatment,97.79,96.87,114.79,106.69,medium,North,Desktop,Premium,18,0
CUST_008073,Treatment,53.1,55.88,47.1,57.08,medium,North,Desktop,Basic,3,1
CUST_008074,Control,68.7,61.12,70.45,61.28,medium,West,Mobile,Premium,6,0
CUST_008075,Control,103.85,84.94,93.99,109.55,medium,East,Mobile,Enterprise,11,0
CUST_008076,Treatment,71.09,59.93,80.96,80.2,low,North,Desktop,Enterprise,18,0
CUST_008077,Control,48.6,46.59,53.83,57.66,medium,South,Desktop,Premium,3,1
CUST_008078,Treatment,38.09,24.73,21.01,34.01,low,South,Mobile,Basic,31,0
CUST_008079,Control,49.57,47.28,60.94,58.67,low,North,Mobile,Premium,12,0
CUST_008080,Control,19.85,35.99,38.17,33.91,medium,North,Desktop,Basic,4,1
CUST_008081,Treatment,102.03,76.46,103.51,140.69,high,East,Desktop,Premium,5,1
CUST_008082,Control,32.54,18.33,23.35,24.85,low,West,Tablet,Basic,6,0
CUST_008083,Control,35.81,47.5,41.85,50.33,low,North,Desktop,Basic,1,1
CUST_008084,Control,75.96,62.5,73.16,72.75,medium,West,Mobile,Premium,8,0
CUST_008085,Treatment,47.08,50.35,56.75,52.12,medium,North,Mobile,Premium,15,0
CUST_008086,Treatment,36.56,55.73,30.58,49.82,medium,East,Desktop,Basic,14,0
CUST_008087,Control,31.36,29.03,29.05,34.3,medium,South,Mobile,Basic,60,0
CUST_008088,Treatment,201.16,202.89,199.07,256.35,high,East,Tablet,Enterprise,10,0
CUST_008089,Treatment,26.6,41.12,21.33,32.71,medium,East,Desktop,Premium,19,0
CUST_008090,Control,33.73,23.72,30.86,42.66,high,East,Mobile,Basic,23,0
CUST_008091,Treatment,47.92,48.87,52.45,49.06,low,North,Desktop,Premium,4,1
CUST_008092,Control,44.28,56.86,72.73,66.37,medium,West,Mobile,Premium,7,0
CUST_008093,Control,10.31,29.75,12.74,36.09,medium,East,Mobile,Basic,31,0
CUST_008094,Control,42.64,47.2,31.88,31.57,low,East,Desktop,Premium,22,0
CUST_008095,Treatment,23.53,25.31,24.93,32.16,low,West,Mobile,Basic,9,0
CUST_008096,Treatment,107.71,123.32,112.9,120.35,high,East,Tablet,Premium,6,0
CUST_008097,Control,33.53,15.63,29.08,12.13,low,North,Desktop,Basic,6,0
CUST_008098,Control,26.55,45.22,21.19,36.95,medium,West,Desktop,Basic,12,0
CUST_008099,Control,44.98,35.98,58.26,45.58,high,North,Mobile,Basic,60,0
CUST_008100,Treatment,84.4,86.82,103.83,96.85,high,East,Desktop,Premium,17,0
CUST_008101,Treatment,34.99,6.11,18.26,14.24,low,West,Mobile,Basic,8,0
CUST_008102,Treatment,76.18,58.94,70.01,63.93,medium,East,Desktop,Enterprise,43,0
CUST_008103,Treatment,5.65,7.9,2.73,12.46,low,North,Mobile,Basic,1,1
CUST_008104,Treatment,2.13,20.36,8.81,11.24,low,West,Tablet,Basic,1,1
CUST_008105,Treatment,49.82,53.11,37.8,52.39,medium,East,Desktop,Premium,10,0
CUST_008106,Control,52.71,72.73,69.2,62.09,medium,West,Mobile,Premium,10,0
CUST_008107,Control,81.3,76.27,81.44,88.48,medium,North,Mobile,Enterprise,24,0
CUST_008108,Control,36.92,23.2,19.94,36.24,low,East,Desktop,Premium,12,0
CUST_008109,Treatment,42.1,42.27,40.06,42.66,medium,North,Mobile,Basic,35,0
CUST_008110,Treatment,40.36,27.92,32.88,52.9,medium,North,Desktop,Basic,21,0
CUST_008111,Control,40.0,36.06,26.6,45.82,low,East,Tablet,Premium,1,1
CUST_008112,Control,21.37,24.24,22.19,30.21,medium,South,Desktop,Basic,2,1
CUST_008113,Control,43.12,35.43,47.85,39.64,medium,West,Desktop,Basic,60,0
CUST_008114,Treatment,0.0,10.59,12.99,18.42,low,East,Mobile,Basic,10,0
CUST_008115,Control,114.19,127.61,129.66,132.3,low,West,Mobile,Enterprise,1,1
CUST_008116,Control,91.36,97.16,117.73,99.21,medium,West,Desktop,Premium,20,0
CUST_008117,Treatment,27.73,28.54,52.71,41.4,medium,East,Mobile,Basic,5,1
CUST_008118,Treatment,179.64,200.4,200.33,205.49,high,South,Desktop,Enterprise,4,1
CUST_008119,Treatment,73.08,78.17,75.69,70.56,medium,North,Mobile,Premium,8,0
CUST_008120,Treatment,28.97,4.4,17.87,26.17,low,West,Mobile,Basic,15,0
CUST_008121,Treatment,30.84,36.1,35.54,28.94,low,North,Mobile,Premium,1,1
CUST_008122,Control,94.25,108.9,95.74,119.05,low,West,Desktop,Enterprise,38,0
CUST_008123,Treatment,10.3,34.22,26.23,25.09,low,North,Desktop,Premium,60,0
CUST_008124,Control,48.01,42.91,28.22,37.15,medium,North,Tablet,Basic,4,1
CUST_008125,Control,175.68,171.69,190.03,194.34,high,East,Desktop,Premium,12,0
CUST_008126,Control,59.46,31.77,56.43,48.21,medium,East,Desktop,Premium,6,0
CUST_008127,Treatment,78.33,96.8,105.55,120.86,high,East,Desktop,Premium,16,0
CUST_008128,Treatment,32.24,37.28,38.97,54.14,low,East,Desktop,Premium,26,0
CUST_008129,Treatment,65.11,56.53,50.61,63.64,high,East,Mobile,Basic,21,0
CUST_008130,Treatment,33.05,36.2,29.69,47.37,high,North,Mobile,Basic,12,0
CUST_008131,Control,54.46,41.42,53.25,52.13,medium,South,Mobile,Premium,6,0
CUST_008132,Treatment,41.12,45.06,52.64,44.9,medium,West,Mobile,Basic,2,1
CUST_008133,Treatment,41.83,32.3,33.06,49.25,medium,East,Mobile,Basic,2,1
CUST_008134,Control,5.78,23.78,9.1,17.32,medium,East,Tablet,Basic,7,0
CUST_008135,Control,24.65,29.35,14.98,22.78,medium,East,Mobile,Basic,22,0
CUST_008136,Control,43.17,56.87,52.08,59.43,low,North,Desktop,Premium,1,1
CUST_008137,Control,24.74,28.36,24.02,37.23,medium,East,Desktop,Basic,26,0
CUST_008138,Control,67.78,53.78,64.76,73.51,high,North,Mobile,Basic,2,1
CUST_008139,Treatment,27.18,27.62,34.83,36.27,low,East,Desktop,Basic,1,1
CUST_008140,Control,19.78,25.54,21.41,7.71,medium,West,Desktop,Basic,5,1
CUST_008141,Treatment,32.35,40.29,48.29,59.09,medium,North,Mobile,Premium,4,1
CUST_008142,Control,22.72,17.52,40.77,16.6,medium,East,Mobile,Basic,4,1
CUST_008143,Treatment,22.8,25.91,29.23,42.06,medium,East,Mobile,Basic,7,0
CUST_008144,Treatment,26.42,20.18,22.84,24.02,medium,South,Mobile,Basic,1,1
CUST_008145,Treatment,72.14,54.89,73.43,58.55,low,North,Mobile,Premium,15,0
CUST_008146,Treatment,100.36,95.32,85.27,99.14,medium,North,Desktop,Enterprise,4,1
CUST_008147,Control,24.24,37.37,34.89,47.57,high,North,Desktop,Basic,9,0
CUST_008148,Treatment,81.27,76.45,78.85,97.95,medium,East,Mobile,Premium,31,0
CUST_008149,Treatment,112.27,122.15,132.17,148.91,high,North,Tablet,Premium,31,0
CUST_008150,Treatment,17.82,14.44,2.82,8.87,low,West,Desktop,Basic,28,0
CUST_008151,Treatment,6.63,9.38,28.33,5.7,low,East,Mobile,Basic,6,0
CUST_008152,Treatment,29.31,44.26,49.23,65.1,medium,North,Tablet,Basic,39,0
CUST_008153,Treatment,48.22,26.56,30.83,30.24,low,South,Mobile,Basic,18,0
CUST_008154,Control,21.04,44.72,26.47,48.91,low,South,Desktop,Premium,11,0
CUST_008155,Control,21.22,30.04,15.79,26.25,medium,West,Mobile,Basic,1,1
CUST_008156,Treatment,36.73,64.14,33.19,30.29,high,West,Desktop,Basic,2,1
CUST_008157,Treatment,35.85,32.1,36.09,40.4,low,West,Mobile,Basic,18,0
CUST_008158,Treatment,40.36,37.32,57.72,64.25,medium,West,Desktop,Basic,50,0
CUST_008159,Control,36.92,44.5,38.18,29.29,high,East,Desktop,Basic,4,1
CUST_008160,Treatment,24.0,31.78,21.18,26.17,low,East,Desktop,Basic,3,1
CUST_008161,Control,100.48,93.52,92.88,113.12,medium,East,Mobile,Premium,5,1
CUST_008162,Treatment,34.6,46.04,52.0,51.31,medium,South,Desktop,Premium,4,1
CUST_008163,Treatment,44.08,43.75,39.02,32.89,low,East,Desktop,Premium,2,1
CUST_008164,Treatment,109.61,118.17,107.64,145.88,high,South,Mobile,Premium,11,0
CUST_008165,Control,54.0,68.12,58.9,86.25,low,South,Tablet,Enterprise,14,0
CUST_008166,Control,52.43,65.59,58.42,55.61,high,North,Desktop,Basic,15,0
CUST_008167,Treatment,35.88,40.36,33.61,51.36,low,East,Desktop,Premium,6,0
CUST_008168,Treatment,41.0,25.93,52.95,30.3,medium,South,Desktop,Premium,4,1
CUST_008169,Treatment,14.27,27.47,21.43,17.03,medium,West,Desktop,Basic,2,1
CUST_008170,Treatment,40.71,40.39,35.09,50.84,medium,North,Desktop,Basic,4,1
CUST_008171,Control,56.07,40.44,44.41,50.0,medium,West,Desktop,Premium,20,0
CUST_008172,Treatment,28.47,16.49,12.42,22.82,medium,West,Desktop,Basic,2,1
CUST_008173,Control,60.85,51.43,73.94,84.26,high,North,Mobile,Basic,25,0
CUST_008174,Control,45.52,27.96,32.22,34.01,high,West,Mobile,Basic,19,0
CUST_008175,Treatment,190.64,185.64,192.1,225.01,medium,West,Desktop,Enterprise,13,0
CUST_008176,Control,65.01,69.46,62.53,80.77,low,East,Desktop,Premium,7,0
CUST_008177,Control,98.38,89.88,101.85,96.56,medium,East,Desktop,Enterprise,17,0
CUST_008178,Treatment,92.61,68.59,75.44,80.04,medium,West,Mobile,Enterprise,1,1
CUST_008179,Treatment,31.74,31.82,32.46,39.62,medium,South,Mobile,Basic,1,1
CUST_008180,Control,31.41,29.83,33.72,18.82,low,East,Desktop,Premium,1,1
CUST_008181,Control,40.99,41.58,18.1,48.81,medium,North,Desktop,Premium,17,0
CUST_008182,Treatment,42.02,60.15,47.01,54.91,low,North,Desktop,Premium,1,1
CUST_008183,Control,77.24,77.58,87.57,82.42,medium,North,Desktop,Premium,2,1
CUST_008184,Treatment,45.65,18.7,31.03,32.6,medium,North,Desktop,Basic,41,0
CUST_008185,Control,68.87,78.24,93.3,89.86,high,North,Desktop,Premium,17,0
CUST_008186,Treatment,31.29,33.06,50.75,43.98,medium,West,Desktop,Basic,7,0
CUST_008187,Control,17.69,19.71,7.85,21.22,low,North,Mobile,Basic,1,1
CUST_008188,Treatment,48.96,43.42,38.45,60.49,medium,East,Tablet,Basic,32,0
CUST_008189,Treatment,58.79,63.85,50.58,81.35,medium,East,Mobile,Premium,18,0
CUST_008190,Control,48.84,35.31,42.13,30.67,low,East,Desktop,Basic,3,1
CUST_008191,Control,92.0,98.39,108.52,94.65,medium,East,Mobile,Enterprise,2,1
CUST_008192,Treatment,85.69,83.36,104.11,101.06,medium,South,Desktop,Premium,27,0
CUST_008193,Control,35.88,58.46,32.97,45.22,high,East,Mobile,Basic,18,0
CUST_008194,Control,60.87,67.95,67.77,67.74,high,South,Tablet,Basic,10,0
CUST_008195,Control,79.99,63.16,67.37,69.58,medium,East,Mobile,Premium,15,0
CUST_008196,Control,29.63,43.48,53.07,52.68,medium,East,Desktop,Basic,6,0
CUST_008197,Treatment,55.42,78.03,55.28,67.95,low,West,Tablet,Enterprise,1,1
CUST_008198,Treatment,45.58,58.51,32.32,53.67,low,East,Mobile,Premium,3,1
CUST_008199,Control,0.0,13.47,17.39,19.64,low,North,Desktop,Basic,20,0
CUST_008200,Treatment,19.22,9.93,17.28,22.29,medium,West,Desktop,Basic,6,0
CUST_008201,Treatment,33.86,51.93,35.75,37.26,medium,East,Mobile,Basic,1,1
CUST_008202,Treatment,6.64,12.4,25.24,5.94,low,West,Desktop,Basic,13,0
CUST_008203,Treatment,78.12,84.43,84.35,99.35,high,West,Desktop,Premium,1,1
CUST_008204,Treatment,47.42,56.23,44.51,46.23,medium,South,Desktop,Premium,1,1
CUST_008205,Control,17.55,10.83,27.15,33.83,low,East,Desktop,Basic,22,0
CUST_008206,Control,108.42,113.04,116.64,123.32,high,North,Tablet,Premium,6,0
CUST_008207,Treatment,69.22,43.2,56.96,73.6,high,East,Mobile,Basic,9,0
CUST_008208,Treatment,86.84,95.32,86.34,116.98,low,North,Mobile,Enterprise,10,0
CUST_008209,Treatment,47.33,38.67,42.15,48.17,low,West,Tablet,Premium,15,0
CUST_008210,Control,28.16,10.65,40.18,39.59,low,North,Mobile,Premium,4,1
CUST_008211,Treatment,112.41,128.58,126.16,152.25,high,West,Mobile,Premium,1,1
CUST_008212,Treatment,36.35,36.42,27.47,26.85,low,West,Desktop,Basic,3,1
CUST_008213,Treatment,100.7,97.04,108.56,113.75,high,North,Mobile,Premium,31,0
CUST_008214,Control,13.49,17.11,12.67,14.19,low,South,Tablet,Basic,18,0
CUST_008215,Treatment,44.32,48.1,48.11,56.93,medium,South,Desktop,Basic,5,1
CUST_008216,Treatment,84.3,79.78,73.54,91.52,medium,West,Desktop,Premium,6,0
CUST_008217,Control,18.01,21.77,8.89,28.28,low,North,Mobile,Basic,3,1
CUST_008218,Treatment,272.18,277.63,280.75,324.87,medium,East,Mobile,Enterprise,33,0
CUST_008219,Control,35.01,32.01,49.12,39.21,low,East,Mobile,Premium,7,0
CUST_008220,Control,27.36,20.77,36.75,46.12,low,South,Desktop,Basic,30,0
CUST_008221,Control,136.78,148.65,153.6,162.74,medium,West,Desktop,Enterprise,6,0
CUST_008222,Control,22.65,2.06,35.3,35.67,low,West,Desktop,Basic,40,0
CUST_008223,Treatment,94.07,111.15,115.48,117.91,low,North,Mobile,Enterprise,1,1
CUST_008224,Control,24.62,36.97,37.59,46.65,medium,North,Mobile,Basic,8,0
CUST_008225,Control,69.47,82.58,87.9,89.0,high,East,Desktop,Premium,1,1
CUST_008226,Control,108.04,116.79,109.62,118.55,high,West,Desktop,Premium,22,0
CUST_008227,Control,49.34,42.1,42.64,46.23,high,North,Mobile,Basic,5,1
CUST_008228,Treatment,21.46,25.18,16.97,26.26,low,North,Desktop,Basic,42,0
CUST_008229,Treatment,39.61,52.95,48.96,43.42,low,East,Mobile,Premium,5,1
CUST_008230,Control,25.27,25.55,22.49,10.18,low,East,Mobile,Basic,15,0
CUST_008231,Treatment,45.84,51.91,77.54,39.91,high,East,Mobile,Basic,46,0
CUST_008232,Control,96.51,90.55,76.75,80.51,low,South,Mobile,Enterprise,2,1
CUST_008233,Control,34.45,22.95,32.99,32.99,medium,North,Desktop,Basic,6,0
CUST_008234,Control,26.21,41.31,34.98,49.35,medium,West,Mobile,Basic,55,0
CUST_008235,Control,49.54,45.34,49.17,52.85,low,West,Mobile,Premium,20,0
CUST_008236,Treatment,110.34,109.49,116.29,119.83,medium,West,Mobile,Premium,32,0
CUST_008237,Control,43.35,35.04,43.01,43.93,high,East,Desktop,Basic,4,1
CUST_008238,Control,25.58,24.41,23.97,23.93,medium,South,Desktop,Basic,8,0
CUST_008239,Control,33.04,35.95,29.36,23.29,medium,West,Mobile,Basic,9,0
CUST_008240,Control,66.22,60.63,52.02,75.06,high,East,Mobile,Basic,6,0
CUST_008241,Control,54.48,48.77,53.92,39.23,medium,South,Desktop,Premium,12,0
CUST_008242,Treatment,24.38,23.62,23.44,40.76,low,West,Desktop,Basic,23,0
CUST_008243,Treatment,60.41,47.34,57.23,73.9,medium,North,Mobile,Premium,12,0
CUST_008244,Treatment,76.67,62.67,83.68,91.74,medium,South,Desktop,Premium,16,0
CUST_008245,Treatment,96.19,102.72,111.96,105.56,low,North,Desktop,Enterprise,5,1
CUST_008246,Treatment,86.88,110.52,127.55,113.36,medium,South,Mobile,Enterprise,1,1
CUST_008247,Control,31.79,46.77,31.46,46.42,medium,East,Desktop,Basic,8,0
CUST_008248,Control,16.84,27.6,27.43,20.1,low,South,Desktop,Basic,23,0
CUST_008249,Treatment,25.2,41.21,43.84,36.07,high,North,Desktop,Basic,5,1
CUST_008250,Treatment,106.35,116.54,111.9,126.91,medium,East,Desktop,Enterprise,4,1
CUST_008251,Control,32.84,31.18,42.85,34.66,medium,West,Mobile,Basic,10,0
CUST_008252,Treatment,21.22,10.66,18.99,29.5,low,North,Desktop,Basic,10,0
CUST_008253,Treatment,41.72,50.98,34.43,60.85,high,North,Desktop,Basic,7,0
CUST_008254,Treatment,99.9,98.6,93.95,119.15,medium,East,Desktop,Enterprise,16,0
CUST_008255,Treatment,20.4,33.91,32.05,12.39,medium,North,Desktop,Basic,23,0
CUST_008256,Control,58.61,60.42,60.03,50.48,medium,East,Desktop,Premium,12,0
CUST_008257,Treatment,61.27,72.55,61.97,87.03,medium,West,Mobile,Premium,15,0
CUST_008258,Treatment,117.37,116.83,122.48,138.57,high,East,Desktop,Premium,31,0
CUST_008259,Treatment,60.6,66.81,61.32,52.9,medium,North,Desktop,Premium,4,1
CUST_008260,Control,83.63,99.39,105.87,100.1,medium,North,Desktop,Premium,11,0
CUST_008261,Control,121.1,122.7,131.66,131.14,high,East,Mobile,Premium,1,1
CUST_008262,Treatment,16.39,26.54,18.22,33.66,medium,East,Desktop,Basic,8,0
CUST_008263,Treatment,27.73,25.71,30.71,51.8,medium,South,Desktop,Basic,1,1
CUST_008264,Treatment,102.14,113.39,120.89,137.13,low,North,Mobile,Enterprise,23,0
CUST_008265,Control,139.93,142.58,144.68,161.3,medium,East,Desktop,Enterprise,7,0
CUST_008266,Treatment,32.5,34.83,33.64,41.51,high,North,Mobile,Basic,1,1
CUST_008267,Control,90.47,98.49,92.17,100.06,high,North,Desktop,Premium,22,0
CUST_008268,Treatment,5.7,8.06,31.25,21.21,low,West,Desktop,Basic,2,1
CUST_008269,Control,83.2,101.02,97.55,97.17,medium,East,Mobile,Premium,1,1
CUST_008270,Control,5.56,34.93,28.32,18.55,low,East,Desktop,Premium,16,0
CUST_008271,Control,83.22,83.69,88.3,71.29,medium,West,Mobile,Premium,5,1
CUST_008272,Control,48.72,38.26,53.08,56.5,high,South,Mobile,Basic,2,1
CUST_008273,Control,54.58,50.23,59.81,69.49,medium,East,Tablet,Basic,18,0
CUST_008274,Control,12.38,29.62,20.41,20.34,medium,West,Mobile,Basic,15,0
CUST_008275,Treatment,46.33,26.35,42.54,36.67,high,East,Tablet,Basic,2,1
CUST_008276,Treatment,14.47,3.56,25.29,21.37,medium,East,Desktop,Basic,10,0
CUST_008277,Control,20.38,34.29,18.42,27.21,medium,North,Mobile,Basic,2,1
CUST_008278,Control,56.81,46.91,44.62,50.49,medium,East,Desktop,Premium,15,0
CUST_008279,Control,46.98,36.88,37.4,41.46,medium,East,Desktop,Basic,5,1
CUST_008280,Treatment,33.38,24.79,26.14,38.09,medium,North,Desktop,Basic,1,1
CUST_008281,Treatment,144.71,143.91,149.66,190.33,high,East,Mobile,Enterprise,6,0
CUST_008282,Treatment,50.55,57.45,46.71,68.54,low,East,Tablet,Premium,30,0
CUST_008283,Control,79.23,68.29,84.42,55.69,high,East,Desktop,Basic,1,1
CUST_008284,Control,11.66,9.36,24.98,13.6,low,West,Desktop,Basic,5,1
CUST_008285,Treatment,64.61,78.17,81.37,72.67,low,West,Mobile,Premium,4,1
CUST_008286,Treatment,20.8,21.85,30.71,18.33,medium,North,Tablet,Basic,21,0
CUST_008287,Control,25.22,29.72,35.61,38.74,medium,West,Desktop,Basic,9,0
CUST_008288,Treatment,59.02,61.12,68.98,73.87,high,West,Mobile,Basic,1,1
CUST_008289,Treatment,80.81,93.28,91.76,105.43,medium,East,Mobile,Premium,6,0
CUST_008290,Treatment,40.28,44.54,35.34,38.7,low,East,Tablet,Basic,16,0
CUST_008291,Treatment,63.97,75.31,52.19,59.27,low,North,Desktop,Premium,13,0
CUST_008292,Control,96.23,92.07,87.36,92.41,medium,North,Desktop,Premium,1,1
CUST_008293,Control,24.51,31.7,35.89,23.13,high,East,Mobile,Basic,40,0
CUST_008294,Control,28.45,44.96,39.16,45.97,low,North,Desktop,Premium,7,0
CUST_008295,Treatment,57.52,65.74,56.08,68.92,low,East,Desktop,Premium,14,0
CUST_008296,Control,20.66,36.08,47.27,35.6,low,West,Desktop,Premium,13,0
CUST_008297,Treatment,145.45,148.18,157.7,186.19,medium,West,Desktop,Enterprise,15,0
CUST_008298,Control,30.89,11.76,33.12,42.57,medium,East,Mobile,Basic,18,0
CUST_008299,Control,24.9,36.34,10.91,30.62,low,North,Desktop,Basic,1,1
CUST_008300,Control,53.93,78.97,49.26,69.54,medium,South,Tablet,Premium,2,1
CUST_008301,Control,22.43,15.27,13.19,41.58,low,North,Mobile,Basic,6,0
CUST_008302,Treatment,116.38,126.62,124.79,149.57,high,East,Mobile,Enterprise,6,0
CUST_008303,Treatment,45.32,56.45,63.94,58.0,medium,South,Desktop,Basic,2,1
CUST_008304,Treatment,14.07,22.46,27.97,25.11,low,South,Mobile,Basic,14,0
CUST_008305,Control,35.38,58.52,37.37,41.41,high,East,Desktop,Basic,11,0
CUST_008306,Control,22.34,24.69,22.04,31.76,medium,South,Mobile,Basic,7,0
CUST_008307,Control,153.41,157.3,163.0,158.14,high,East,Tablet,Enterprise,4,1
CUST_008308,Control,32.92,20.32,34.72,30.94,low,East,Desktop,Basic,8,0
CUST_008309,Control,34.07,38.3,38.71,46.8,medium,North,Mobile,Basic,1,1
CUST_008310,Control,43.19,57.15,58.2,61.47,medium,South,Tablet,Premium,16,0
CUST_008311,Treatment,60.29,59.34,77.48,79.64,low,East,Desktop,Premium,10,0
CUST_008312,Control,108.18,138.36,125.29,141.21,medium,North,Mobile,Enterprise,9,0
CUST_008313,Treatment,38.01,31.13,36.07,45.45,medium,West,Desktop,Basic,33,0
CUST_008314,Control,12.82,15.09,34.49,38.83,medium,North,Mobile,Basic,6,0
CUST_008315,Treatment,67.83,54.59,64.3,85.13,high,East,Mobile,Basic,5,1
CUST_008316,Control,124.4,132.98,137.76,145.06,medium,West,Desktop,Enterprise,1,1
CUST_008317,Treatment,64.21,59.45,66.02,85.08,medium,East,Desktop,Premium,2,1
CUST_008318,Treatment,42.48,27.83,31.03,35.1,medium,South,Tablet,Basic,6,0
CUST_008319,Treatment,29.82,35.97,22.77,15.51,medium,East,Desktop,Basic,7,0
CUST_008320,Treatment,26.96,0.57,48.36,21.93,low,East,Mobile,Basic,8,0
CUST_008321,Treatment,80.8,78.13,75.74,88.04,medium,South,Desktop,Enterprise,4,1
CUST_008322,Treatment,62.93,59.9,52.75,85.5,medium,East,Tablet,Premium,1,1
CUST_008323,Control,35.33,34.64,40.14,50.76,medium,South,Mobile,Basic,1,1
CUST_008324,Treatment,14.09,20.72,32.94,16.18,low,South,Desktop,Basic,6,0
CUST_008325,Control,12.0,35.12,36.34,22.72,low,West,Mobile,Basic,11,0
CUST_008326,Control,12.5,21.07,28.65,14.29,low,East,Desktop,Premium,5,1
CUST_008327,Control,168.15,171.71,173.33,170.55,medium,South,Desktop,Enterprise,3,1
CUST_008328,Treatment,40.34,39.59,45.91,57.71,high,North,Mobile,Basic,19,0
CUST_008329,Control,118.11,116.06,137.56,122.65,low,West,Tablet,Enterprise,2,1
CUST_008330,Control,29.43,25.61,35.67,28.95,medium,South,Desktop,Basic,2,1
CUST_008331,Treatment,39.38,33.92,39.38,43.86,medium,South,Mobile,Basic,1,1
CUST_008332,Control,38.08,24.17,25.81,32.21,medium,South,Tablet,Basic,12,0
CUST_008333,Treatment,103.18,130.69,123.08,130.59,medium,West,Mobile,Enterprise,1,1
CUST_008334,Treatment,34.77,28.61,25.15,33.65,high,South,Mobile,Basic,9,0
CUST_008335,Control,82.88,97.26,103.27,96.93,medium,South,Mobile,Premium,15,0
CUST_008336,Treatment,41.67,52.25,55.34,52.58,medium,East,Mobile,Premium,15,0
CUST_008337,Treatment,16.91,39.94,34.97,17.42,medium,West,Desktop,Basic,4,1
CUST_008338,Treatment,113.63,126.22,134.96,143.81,high,North,Desktop,Premium,36,0
CUST_008339,Treatment,116.41,133.12,129.85,144.79,medium,North,Tablet,Enterprise,26,0
CUST_008340,Control,54.45,31.77,38.51,47.95,medium,North,Tablet,Basic,6,0
CUST_008341,Control,30.47,10.56,1.27,0.0,low,South,Desktop,Basic,5,1
CUST_008342,Control,32.21,48.87,55.54,61.15,high,South,Mobile,Basic,16,0
CUST_008343,Control,64.02,58.52,54.57,61.31,medium,East,Tablet,Premium,11,0
CUST_008344,Treatment,34.57,46.07,41.3,48.59,medium,North,Mobile,Basic,4,1
CUST_008345,Control,69.76,100.75,87.73,78.75,high,West,Mobile,Premium,21,0
CUST_008346,Treatment,56.25,56.58,49.58,54.01,low,East,Mobile,Premium,5,1
CUST_008347,Control,31.01,49.98,32.85,48.71,medium,North,Desktop,Basic,12,0
CUST_008348,Treatment,23.23,17.29,22.15,17.57,low,West,Mobile,Basic,19,0
CUST_008349,Treatment,40.57,37.09,49.47,30.24,medium,West,Tablet,Basic,12,0
CUST_008350,Treatment,25.82,19.71,26.51,9.32,low,South,Desktop,Basic,9,0
CUST_008351,Control,31.32,27.11,45.1,41.07,high,North,Desktop,Basic,1,1
CUST_008352,Treatment,27.93,33.11,42.47,39.51,low,West,Desktop,Basic,12,0
CUST_008353,Treatment,35.08,39.21,49.04,35.0,high,East,Desktop,Basic,38,0
CUST_008354,Control,53.93,49.32,70.83,64.62,medium,East,Mobile,Premium,3,1
CUST_008355,Control,42.2,49.95,44.91,42.97,high,West,Mobile,Basic,21,0
CUST_008356,Treatment,54.57,51.78,47.36,46.42,medium,South,Desktop,Premium,6,0
CUST_008357,Control,45.1,24.76,41.74,44.55,low,West,Desktop,Premium,1,1
CUST_008358,Control,25.73,12.29,23.54,24.3,low,East,Mobile,Basic,17,0
CUST_008359,Control,85.07,102.2,101.97,120.0,medium,North,Desktop,Enterprise,31,0
CUST_008360,Control,28.57,52.85,43.8,31.95,medium,East,Mobile,Basic,10,0
CUST_008361,Control,61.75,55.17,67.58,50.99,high,North,Mobile,Basic,2,1
CUST_008362,Treatment,67.52,64.68,53.45,71.23,medium,East,Mobile,Premium,2,1
CUST_008363,Treatment,88.01,101.54,112.04,133.85,medium,East,Tablet,Premium,31,0
CUST_008364,Treatment,88.46,96.52,95.89,116.45,medium,East,Mobile,Enterprise,6,0
CUST_008365,Control,29.61,31.43,30.6,33.63,high,South,Desktop,Basic,20,0
CUST_008366,Treatment,53.38,54.48,53.3,44.56,low,West,Desktop,Premium,6,0
CUST_008367,Control,10.1,17.37,5.61,6.01,low,North,Desktop,Basic,11,0
CUST_008368,Control,46.1,33.72,26.29,35.85,medium,East,Desktop,Basic,11,0
CUST_008369,Treatment,17.11,7.38,19.27,11.98,low,East,Desktop,Basic,1,1
CUST_008370,Control,28.96,30.71,25.79,22.36,high,North,Mobile,Basic,1,1
CUST_008371,Treatment,25.9,14.47,9.82,0.66,low,East,Tablet,Basic,1,1
CUST_008372,Control,35.83,37.46,38.05,36.89,high,South,Desktop,Basic,3,1
CUST_008373,Treatment,66.48,80.37,73.22,90.55,high,East,Desktop,Basic,7,0
CUST_008374,Treatment,121.47,109.56,117.08,121.55,medium,North,Mobile,Enterprise,23,0
CUST_008375,Control,37.34,30.13,33.44,33.65,low,East,Tablet,Premium,2,1
CUST_008376,Treatment,13.22,16.04,21.63,16.9,low,East,Desktop,Basic,3,1
CUST_008377,Treatment,72.8,63.6,69.29,81.07,low,East,Desktop,Premium,3,1
CUST_008378,Treatment,28.87,23.78,28.63,25.43,medium,West,Desktop,Basic,1,1
CUST_008379,Control,21.14,16.29,22.52,30.54,medium,West,Desktop,Basic,3,1
CUST_008380,Control,121.42,131.06,124.45,131.27,low,East,Mobile,Enterprise,1,1
CUST_008381,Control,82.24,73.23,90.6,78.39,low,East,Mobile,Enterprise,22,0
CUST_008382,Treatment,82.13,88.37,84.41,95.65,medium,North,Desktop,Enterprise,1,1
CUST_008383,Control,82.87,78.17,92.05,94.33,medium,East,Mobile,Enterprise,17,0
CUST_008384,Treatment,64.64,59.28,58.53,66.63,low,West,Desktop,Premium,41,0
CUST_008385,Treatment,135.45,140.97,134.19,144.87,medium,South,Mobile,Enterprise,1,1
CUST_008386,Control,69.47,79.34,75.95,84.71,medium,West,Desktop,Premium,1,1
CUST_008387,Treatment,57.48,54.99,45.52,62.05,high,North,Mobile,Premium,18,0
CUST_008388,Control,64.83,56.98,36.81,53.75,low,West,Mobile,Premium,2,1
CUST_008389,Control,61.71,55.84,67.5,68.12,medium,South,Desktop,Premium,5,1
CUST_008390,Control,97.67,107.29,108.39,127.13,high,South,Desktop,Premium,24,0
CUST_008391,Control,79.47,88.42,71.89,62.75,high,East,Mobile,Premium,5,1
CUST_008392,Treatment,2.53,7.38,5.42,17.97,low,South,Tablet,Basic,1,1
CUST_008393,Control,33.79,45.07,44.92,38.21,high,West,Desktop,Basic,2,1
CUST_008394,Control,111.87,109.51,109.33,104.84,high,North,Desktop,Premium,16,0
CUST_008395,Treatment,30.31,36.11,35.28,40.49,medium,North,Mobile,Basic,4,1
CUST_008396,Treatment,32.65,32.43,37.01,33.15,medium,East,Desktop,Basic,3,1
CUST_008397,Treatment,188.63,192.5,195.25,226.76,high,West,Desktop,Enterprise,2,1
CUST_008398,Treatment,48.56,53.47,55.89,54.7,low,East,Mobile,Premium,6,0
CUST_008399,Treatment,60.93,44.69,48.15,43.78,low,West,Mobile,Premium,4,1
CUST_008400,Treatment,33.69,18.97,29.95,24.54,low,West,Mobile,Premium,4,1
CUST_008401,Treatment,45.16,37.98,50.38,45.74,low,South,Desktop,Premium,4,1
CUST_008402,Control,22.77,30.79,39.78,60.52,medium,South,Desktop,Basic,14,0
CUST_008403,Control,38.33,41.82,27.49,31.1,medium,West,Mobile,Basic,3,1
CUST_008404,Control,105.29,99.6,88.09,94.9,medium,East,Desktop,Enterprise,3,1
CUST_008405,Control,71.68,64.07,52.81,59.62,medium,South,Desktop,Premium,1,1
CUST_008406,Control,28.44,35.9,36.91,45.41,low,North,Desktop,Premium,11,0
CUST_008407,Treatment,15.48,31.79,30.28,26.85,medium,South,Tablet,Basic,4,1
CUST_008408,Control,11.82,25.82,18.37,23.81,low,South,Desktop,Basic,51,0
CUST_008409,Control,19.5,18.75,32.54,17.18,low,East,Desktop,Basic,11,0
CUST_008410,Control,25.04,27.54,30.34,30.28,medium,North,Desktop,Basic,1,1
CUST_008411,Control,38.24,37.49,57.84,51.54,low,East,Desktop,Premium,6,0
CUST_008412,Control,42.09,12.29,22.95,34.3,medium,West,Desktop,Basic,1,1
CUST_008413,Control,33.83,53.76,29.95,30.16,medium,East,Tablet,Basic,16,0
CUST_008414,Treatment,87.57,78.95,93.44,87.76,medium,North,Tablet,Premium,10,0
CUST_008415,Treatment,46.79,33.94,33.54,19.67,medium,South,Tablet,Basic,4,1
CUST_008416,Treatment,136.02,127.47,134.85,135.39,medium,West,Mobile,Enterprise,25,0
CUST_008417,Treatment,46.0,49.57,41.37,57.29,medium,East,Mobile,Basic,4,1
CUST_008418,Control,86.9,85.56,90.57,100.46,medium,South,Desktop,Premium,19,0
CUST_008419,Control,26.87,16.58,26.76,39.6,low,West,Desktop,Premium,15,0
CUST_008420,Control,78.54,87.48,96.46,106.22,medium,South,Mobile,Premium,1,1
CUST_008421,Treatment,44.96,25.97,34.17,32.43,medium,East,Mobile,Basic,11,0
CUST_008422,Treatment,55.47,77.45,87.04,87.83,low,South,Mobile,Enterprise,8,0
CUST_008423,Treatment,21.22,25.91,23.86,17.37,low,South,Mobile,Basic,5,1
CUST_008424,Control,45.88,43.89,40.91,28.4,low,West,Tablet,Premium,10,0
CUST_008425,Treatment,117.71,105.07,113.22,127.54,medium,East,Desktop,Enterprise,1,1
CUST_008426,Control,71.43,68.6,79.34,59.72,medium,West,Mobile,Premium,1,1
CUST_008427,Treatment,35.01,22.01,22.87,27.74,low,West,Desktop,Basic,25,0
CUST_008428,Control,28.18,33.85,37.41,32.92,low,North,Mobile,Premium,5,1
CUST_008429,Treatment,23.24,48.46,26.76,35.01,low,East,Mobile,Basic,7,0
CUST_008430,Control,34.06,37.59,25.22,28.64,high,East,Desktop,Basic,27,0
CUST_008431,Control,37.72,34.9,40.05,41.81,low,East,Desktop,Premium,41,0
CUST_008432,Treatment,29.58,15.53,18.85,27.8,low,South,Mobile,Basic,7,0
CUST_008433,Treatment,75.19,62.66,70.44,60.69,low,West,Mobile,Premium,56,0
CUST_008434,Control,22.81,15.52,22.47,12.19,low,West,Mobile,Basic,6,0
CUST_008435,Control,100.4,108.56,96.25,113.21,medium,East,Mobile,Premium,3,1
CUST_008436,Treatment,17.24,26.49,48.38,29.21,high,North,Mobile,Basic,10,0
CUST_008437,Control,139.42,155.16,152.99,159.57,medium,West,Desktop,Enterprise,6,0
CUST_008438,Treatment,33.89,19.97,34.64,35.37,low,East,Mobile,Basic,50,0
CUST_008439,Treatment,102.65,98.38,111.61,100.98,medium,South,Mobile,Enterprise,1,1
CUST_008440,Treatment,30.8,49.85,36.82,49.36,medium,West,Desktop,Premium,3,1
CUST_008441,Control,111.68,140.95,139.97,142.39,low,South,Mobile,Enterprise,2,1
CUST_008442,Treatment,60.13,69.23,79.53,81.47,low,East,Tablet,Premium,20,0
CUST_008443,Treatment,97.55,99.42,102.45,132.04,high,East,Desktop,Premium,12,0
CUST_008444,Treatment,90.5,93.74,88.84,94.24,medium,West,Desktop,Premium,1,1
CUST_008445,Treatment,22.24,18.42,34.8,36.4,medium,West,Mobile,Basic,8,0
CUST_008446,Treatment,23.36,29.03,27.36,32.55,high,South,Mobile,Basic,12,0
CUST_008447,Treatment,23.58,37.4,40.2,46.95,medium,East,Desktop,Basic,1,1
CUST_008448,Control,38.52,43.12,44.59,44.43,medium,West,Desktop,Basic,3,1
CUST_008449,Treatment,45.28,43.72,43.87,70.46,low,South,Mobile,Premium,4,1
CUST_008450,Control,54.49,52.74,63.5,58.79,low,East,Desktop,Premium,17,0
CUST_008451,Treatment,39.45,20.82,38.0,18.4,low,East,Desktop,Basic,60,0
CUST_008452,Treatment,54.91,60.89,51.67,61.3,medium,West,Desktop,Premium,3,1
CUST_008453,Control,23.32,34.71,33.49,25.52,medium,North,Tablet,Premium,6,0
CUST_008454,Control,99.73,90.21,109.14,113.86,medium,West,Tablet,Enterprise,32,0
CUST_008455,Treatment,143.87,134.41,142.35,173.61,high,North,Mobile,Premium,60,0
CUST_008456,Treatment,167.34,184.95,199.47,211.62,medium,East,Mobile,Enterprise,43,0
CUST_008457,Treatment,28.41,34.89,33.91,42.66,medium,East,Mobile,Premium,2,1
CUST_008458,Treatment,42.99,57.45,37.07,51.99,medium,North,Mobile,Premium,1,1
CUST_008459,Control,58.51,73.96,45.07,69.76,medium,East,Desktop,Premium,3,1
CUST_008460,Control,51.69,46.97,47.49,37.75,low,West,Tablet,Basic,1,1
CUST_008461,Control,31.09,10.2,23.38,30.19,medium,North,Mobile,Basic,8,0
CUST_008462,Treatment,30.92,35.45,32.95,27.98,medium,West,Mobile,Basic,60,0
CUST_008463,Control,47.46,33.33,43.94,33.61,medium,South,Desktop,Basic,42,0
CUST_008464,Control,43.52,40.89,51.54,49.57,high,East,Mobile,Basic,3,1
CUST_008465,Control,15.13,21.95,23.25,26.88,low,South,Tablet,Basic,14,0
CUST_008466,Treatment,18.01,30.59,27.81,15.77,medium,South,Mobile,Basic,4,1
CUST_008467,Control,21.69,21.65,18.7,25.83,medium,East,Mobile,Basic,1,1
CUST_008468,Treatment,46.06,48.13,34.58,57.68,high,South,Mobile,Basic,53,0
CUST_008469,Treatment,68.44,66.53,75.96,85.52,low,West,Mobile,Premium,29,0
CUST_008470,Control,56.31,47.35,51.77,60.05,medium,East,Desktop,Premium,1,1
CUST_008471,Control,149.62,150.14,161.28,164.33,medium,North,Tablet,Enterprise,2,1
CUST_008472,Control,265.31,265.17,267.57,261.99,high,East,Desktop,Enterprise,2,1
CUST_008473,Treatment,51.24,41.34,35.53,46.43,medium,West,Desktop,Basic,6,0
CUST_008474,Treatment,44.57,53.06,58.96,61.86,low,East,Desktop,Premium,2,1
CUST_008475,Treatment,42.41,43.86,58.2,58.59,medium,East,Mobile,Premium,4,1
CUST_008476,Treatment,54.77,63.06,67.34,63.46,low,East,Tablet,Premium,6,0
CUST_008477,Control,37.56,35.14,31.15,42.91,medium,North,Tablet,Basic,6,0
CUST_008478,Treatment,0.46,20.57,16.55,6.92,low,East,Mobile,Basic,11,0
CUST_008479,Control,48.55,34.67,38.93,46.14,medium,North,Desktop,Basic,2,1
CUST_008480,Treatment,46.77,54.97,43.38,59.92,medium,South,Mobile,Premium,2,1
CUST_008481,Treatment,34.2,32.43,25.17,17.29,low,North,Desktop,Basic,15,0
CUST_008482,Control,28.47,42.14,38.61,41.54,medium,West,Mobile,Basic,40,0
CUST_008483,Treatment,95.27,86.95,104.88,105.49,medium,South,Desktop,Enterprise,1,1
CUST_008484,Control,63.52,63.5,56.6,46.03,high,North,Desktop,Basic,21,0
CUST_008485,Control,26.38,31.58,29.13,32.55,low,East,Desktop,Basic,8,0
CUST_008486,Treatment,19.58,0.0,34.17,20.11,low,South,Mobile,Basic,1,1
CUST_008487,Control,211.23,224.47,227.06,231.87,medium,South,Desktop,Enterprise,3,1
CUST_008488,Treatment,80.77,86.24,67.71,87.73,medium,North,Mobile,Premium,40,0
CUST_008489,Control,329.02,333.9,342.25,363.22,high,South,Desktop,Enterprise,28,0
CUST_008490,Treatment,14.56,22.25,24.52,26.44,medium,North,Mobile,Basic,1,1
CUST_008491,Treatment,44.51,34.32,53.29,39.74,low,North,Mobile,Premium,13,0
CUST_008492,Control,120.01,121.42,124.67,125.7,high,West,Mobile,Premium,1,1
CUST_008493,Control,36.77,38.24,33.23,30.06,medium,East,Mobile,Basic,14,0
CUST_008494,Treatment,20.47,22.6,30.51,42.76,low,East,Mobile,Premium,2,1
CUST_008495,Treatment,89.06,72.41,85.55,89.54,medium,South,Desktop,Basic,18,0
CUST_008496,Treatment,61.36,77.29,69.77,73.27,low,West,Desktop,Enterprise,3,1
CUST_008497,Control,85.4,72.18,78.15,95.51,medium,North,Mobile,Premium,11,0
CUST_008498,Control,62.44,55.99,74.79,60.54,low,East,Mobile,Premium,35,0
CUST_008499,Treatment,56.08,74.9,78.81,86.37,low,North,Desktop,Enterprise,11,0
CUST_008500,Control,51.43,49.67,54.03,50.94,medium,West,Mobile,Basic,21,0
CUST_008501,Control,59.53,60.21,63.55,77.65,low,West,Mobile,Enterprise,14,0
CUST_008502,Control,88.52,100.27,99.8,100.31,medium,West,Desktop,Enterprise,13,0
CUST_008503,Treatment,48.35,57.45,61.96,68.57,high,South,Mobile,Premium,6,0
CUST_008504,Control,94.93,81.22,80.08,119.71,low,South,Desktop,Enterprise,55,0
CUST_008505,Control,28.74,30.5,30.09,25.66,medium,West,Mobile,Basic,60,0
CUST_008506,Control,68.06,73.45,76.81,70.09,high,East,Mobile,Basic,8,0
CUST_008507,Treatment,141.95,164.63,171.87,200.8,high,West,Mobile,Enterprise,1,1
CUST_008508,Control,41.06,40.93,58.58,51.07,low,South,Mobile,Premium,1,1
CUST_008509,Control,92.48,97.38,107.01,104.75,high,East,Desktop,Premium,7,0
CUST_008510,Treatment,33.6,30.82,45.93,54.47,medium,South,Mobile,Basic,16,0
CUST_008511,Treatment,39.23,60.63,59.04,76.44,medium,East,Mobile,Premium,2,1
CUST_008512,Control,35.49,23.57,37.03,31.15,low,South,Desktop,Premium,12,0
CUST_008513,Control,32.11,17.29,17.04,13.46,medium,North,Tablet,Basic,3,1
CUST_008514,Control,27.13,27.18,22.03,17.06,medium,East,Desktop,Basic,12,0
CUST_008515,Control,48.78,42.52,58.17,50.18,medium,North,Desktop,Basic,22,0
CUST_008516,Control,192.97,208.46,205.69,213.21,medium,North,Mobile,Enterprise,2,1
CUST_008517,Treatment,27.31,23.76,27.21,9.29,low,East,Mobile,Basic,15,0
CUST_008518,Control,24.65,9.21,36.72,21.57,low,West,Desktop,Basic,19,0
CUST_008519,Treatment,139.84,146.17,150.02,164.69,medium,North,Tablet,Enterprise,1,1
CUST_008520,Treatment,45.41,52.66,47.77,52.14,high,East,Desktop,Basic,2,1
CUST_008521,Control,48.04,50.17,48.76,58.67,medium,East,Tablet,Premium,4,1
CUST_008522,Control,300.14,304.75,311.48,317.02,high,South,Desktop,Enterprise,14,0
CUST_008523,Treatment,128.64,128.39,112.17,139.45,medium,North,Desktop,Enterprise,2,1
CUST_008524,Control,89.01,99.85,93.64,103.08,medium,West,Tablet,Premium,6,0
CUST_008525,Treatment,101.57,93.55,97.35,123.58,high,East,Mobile,Basic,13,0
CUST_008526,Control,125.84,139.78,139.95,130.72,high,South,Tablet,Premium,4,1
CUST_008527,Treatment,60.36,63.96,58.13,70.39,medium,East,Mobile,Basic,11,0
CUST_008528,Treatment,33.76,39.15,36.32,29.32,medium,South,Desktop,Basic,4,1
CUST_008529,Treatment,57.17,44.8,39.16,47.56,high,North,Desktop,Basic,8,0
CUST_008530,Treatment,26.38,29.72,25.87,28.12,low,West,Mobile,Basic,10,0
CUST_008531,Treatment,9.88,12.71,1.67,11.18,low,North,Mobile,Basic,4,1
CUST_008532,Control,35.69,22.41,28.58,21.48,medium,East,Mobile,Basic,10,0
CUST_008533,Treatment,27.91,31.58,44.03,20.69,medium,West,Mobile,Basic,6,0
CUST_008534,Treatment,36.41,19.74,17.48,55.69,medium,West,Desktop,Basic,31,0
CUST_008535,Treatment,171.62,176.23,168.33,197.69,medium,East,Mobile,Enterprise,1,1
CUST_008536,Control,190.05,176.6,194.54,196.07,high,West,Desktop,Enterprise,2,1
CUST_008537,Treatment,52.33,34.77,32.79,27.53,medium,North,Mobile,Premium,6,0
CUST_008538,Treatment,52.83,52.33,53.46,59.56,low,East,Desktop,Premium,15,0
CUST_008539,Treatment,29.79,39.37,25.25,40.77,medium,West,Desktop,Basic,15,0
CUST_008540,Treatment,99.36,117.09,116.96,109.17,medium,West,Mobile,Enterprise,39,0
CUST_008541,Control,105.09,110.14,110.78,104.68,low,North,Desktop,Enterprise,43,0
CUST_008542,Control,18.57,27.84,17.17,16.65,low,North,Tablet,Basic,2,1
CUST_008543,Treatment,34.83,20.82,29.37,39.48,medium,South,Desktop,Basic,27,0
CUST_008544,Treatment,22.52,30.9,32.45,11.09,medium,South,Mobile,Basic,27,0
CUST_008545,Treatment,10.22,41.17,37.31,33.87,medium,West,Desktop,Basic,1,1
CUST_008546,Control,86.23,72.94,70.77,82.13,medium,West,Desktop,Premium,4,1
CUST_008547,Treatment,50.46,63.74,73.47,78.96,low,North,Mobile,Enterprise,14,0
CUST_008548,Control,45.26,44.03,42.88,49.38,high,South,Mobile,Basic,1,1
CUST_008549,Treatment,106.87,102.99,100.88,114.41,medium,East,Mobile,Enterprise,6,0
CUST_008550,Control,23.27,38.79,29.13,31.8,low,North,Desktop,Basic,19,0
CUST_008551,Control,45.91,45.07,42.92,45.46,low,West,Tablet,Basic,1,1
CUST_008552,Control,198.57,194.11,186.31,217.21,high,East,Desktop,Premium,11,0
CUST_008553,Treatment,37.41,37.87,41.4,51.38,medium,North,Mobile,Premium,4,1
CUST_008554,Control,141.0,136.22,151.52,151.01,medium,West,Mobile,Enterprise,39,0
CUST_008555,Treatment,45.08,49.7,52.11,55.73,medium,East,Tablet,Premium,14,0
CUST_008556,Treatment,19.14,14.97,12.31,30.99,low,East,Mobile,Basic,3,1
CUST_008557,Control,27.57,41.81,33.88,25.16,low,West,Mobile,Basic,51,0
CUST_008558,Treatment,26.41,23.5,22.11,35.22,medium,North,Desktop,Basic,3,1
CUST_008559,Treatment,40.34,7.73,15.45,19.33,low,East,Mobile,Premium,7,0
CUST_008560,Control,54.02,57.13,69.8,54.59,medium,East,Mobile,Premium,2,1
CUST_008561,Treatment,27.33,16.36,8.95,21.42,low,North,Mobile,Basic,5,1
CUST_008562,Control,53.32,63.57,65.57,54.78,low,West,Desktop,Premium,2,1
CUST_008563,Treatment,24.63,28.99,11.24,11.57,medium,West,Mobile,Basic,3,1
CUST_008564,Control,163.49,169.66,160.56,186.04,medium,North,Desktop,Enterprise,3,1
CUST_008565,Control,45.57,44.12,54.56,48.55,high,East,Desktop,Basic,23,0
CUST_008566,Treatment,42.77,39.87,34.08,30.98,medium,North,Desktop,Basic,6,0
CUST_008567,Control,50.43,48.18,44.0,47.71,low,West,Desktop,Premium,36,0
CUST_008568,Control,38.22,20.51,40.05,47.98,low,North,Tablet,Basic,14,0
CUST_008569,Control,85.45,101.12,121.96,95.92,medium,West,Desktop,Enterprise,32,0
CUST_008570,Control,50.94,60.88,55.67,52.76,low,North,Desktop,Premium,1,1
CUST_008571,Treatment,17.66,5.2,10.27,19.64,low,North,Tablet,Basic,1,1
CUST_008572,Control,222.18,219.5,225.43,241.4,medium,South,Desktop,Enterprise,31,0
CUST_008573,Control,31.44,46.67,38.19,37.47,low,North,Mobile,Basic,1,1
CUST_008574,Treatment,20.86,19.22,22.06,3.15,low,East,Desktop,Basic,26,0
CUST_008575,Control,23.82,5.71,4.38,16.5,low,East,Desktop,Basic,25,0
CUST_008576,Treatment,51.81,33.08,24.62,53.92,medium,North,Desktop,Basic,2,1
CUST_008577,Control,24.17,23.12,20.25,23.83,low,South,Desktop,Basic,4,1
CUST_008578,Control,44.13,63.8,33.98,64.91,low,North,Desktop,Premium,44,0
CUST_008579,Control,87.06,63.32,88.22,92.35,low,East,Tablet,Enterprise,16,0
CUST_008580,Control,32.27,45.15,46.24,35.37,medium,South,Desktop,Premium,7,0
CUST_008581,Control,31.46,30.67,29.33,36.27,medium,East,Mobile,Basic,60,0
CUST_008582,Treatment,47.55,54.64,56.67,49.77,low,East,Mobile,Premium,9,0
CUST_008583,Control,36.41,41.0,29.61,24.87,medium,East,Mobile,Basic,35,0
CUST_008584,Treatment,24.98,33.07,13.17,26.98,low,South,Mobile,Basic,8,0
CUST_008585,Treatment,41.33,44.87,38.06,57.2,low,West,Desktop,Premium,3,1
CUST_008586,Treatment,18.25,6.03,32.57,8.95,low,North,Tablet,Basic,7,0
CUST_008587,Control,46.46,44.83,51.7,44.33,high,North,Mobile,Basic,15,0
CUST_008588,Control,64.91,72.15,64.77,77.94,high,South,Tablet,Premium,7,0
CUST_008589,Control,68.06,71.1,61.32,68.7,low,North,Mobile,Premium,5,1
CUST_008590,Control,15.71,19.63,17.54,22.01,low,South,Desktop,Basic,28,0
CUST_008591,Treatment,157.44,151.76,149.56,184.08,high,South,Mobile,Enterprise,4,1
CUST_008592,Control,21.32,17.14,16.44,18.59,low,North,Desktop,Basic,16,0
CUST_008593,Treatment,111.6,112.01,109.35,133.65,low,South,Mobile,Enterprise,26,0
CUST_008594,Treatment,32.47,29.15,44.16,36.11,low,North,Desktop,Basic,13,0
CUST_008595,Control,60.51,47.79,46.95,57.05,high,West,Mobile,Basic,8,0
CUST_008596,Control,110.73,113.44,106.29,101.73,high,South,Tablet,Premium,1,1
CUST_008597,Control,29.84,36.14,21.33,33.99,medium,South,Tablet,Basic,15,0
CUST_008598,Control,30.64,39.22,31.15,38.89,medium,North,Desktop,Basic,9,0
CUST_008599,Control,82.66,82.35,87.4,91.35,low,West,Mobile,Enterprise,2,1
CUST_008600,Treatment,22.49,18.9,38.56,15.04,low,East,Mobile,Basic,3,1
CUST_008601,Control,137.23,135.69,136.3,152.57,high,North,Mobile,Premium,27,0
CUST_008602,Control,135.78,136.94,161.63,151.54,high,West,Mobile,Enterprise,18,0
CUST_008603,Control,39.65,35.83,32.96,5.69,low,East,Mobile,Basic,25,0
CUST_008604,Control,61.45,59.2,61.8,55.78,high,North,Mobile,Premium,7,0
CUST_008605,Treatment,46.9,58.92,64.77,54.98,medium,West,Mobile,Basic,37,0
CUST_008606,Control,26.39,16.49,17.52,28.53,low,East,Mobile,Basic,4,1
CUST_008607,Control,45.32,28.14,42.22,41.54,high,West,Desktop,Basic,2,1
CUST_008608,Treatment,31.51,36.1,36.0,33.11,medium,North,Tablet,Basic,3,1
CUST_008609,Treatment,73.96,85.13,76.48,91.14,medium,East,Mobile,Premium,37,0
CUST_008610,Control,35.28,25.81,28.14,37.72,medium,East,Desktop,Basic,7,0
CUST_008611,Control,148.21,149.19,152.32,152.85,high,North,Desktop,Enterprise,10,0
CUST_008612,Control,52.94,58.53,61.71,64.25,medium,West,Desktop,Premium,1,1
CUST_008613,Treatment,43.29,41.84,69.34,61.45,low,West,Mobile,Premium,17,0
CUST_008614,Control,143.84,166.88,139.47,169.25,high,South,Desktop,Enterprise,4,1
CUST_008615,Control,23.57,21.85,10.17,23.55,low,South,Desktop,Basic,1,1
CUST_008616,Treatment,72.17,83.27,82.48,85.25,medium,North,Desktop,Premium,1,1
CUST_008617,Treatment,174.94,174.57,196.23,217.35,medium,North,Tablet,Enterprise,2,1
CUST_008618,Control,107.28,118.94,118.1,120.35,high,East,Desktop,Premium,10,0
CUST_008619,Control,18.85,24.48,23.86,26.41,low,North,Desktop,Basic,5,1
CUST_008620,Control,35.39,38.53,26.23,36.22,medium,West,Tablet,Basic,11,0
CUST_008621,Control,82.94,80.18,88.48,89.25,medium,South,Desktop,Premium,57,0
CUST_008622,Control,36.91,25.37,28.29,36.23,medium,West,Desktop,Basic,21,0
CUST_008623,Control,0.0,19.46,22.93,17.36,low,North,Desktop,Basic,60,0
CUST_008624,Control,31.18,36.48,38.13,31.2,medium,West,Mobile,Basic,15,0
CUST_008625,Control,26.22,30.58,24.25,23.94,low,East,Desktop,Basic,4,1
CUST_008626,Treatment,164.93,179.99,175.22,212.68,high,East,Desktop,Enterprise,16,0
CUST_008627,Treatment,41.18,26.14,26.79,28.04,medium,East,Mobile,Basic,20,0
CUST_008628,Control,97.27,109.35,125.29,123.49,medium,West,Desktop,Enterprise,10,0
CUST_008629,Treatment,59.0,48.88,72.9,56.18,medium,North,Mobile,Premium,33,0
CUST_008630,Treatment,3.49,8.96,14.42,28.15,medium,North,Mobile,Basic,5,1
CUST_008631,Control,51.5,62.68,54.13,53.37,medium,West,Desktop,Premium,8,0
CUST_008632,Treatment,37.48,39.51,49.98,43.07,high,East,Mobile,Basic,20,0
CUST_008633,Control,46.06,43.16,40.66,48.62,medium,West,Desktop,Premium,26,0
CUST_008634,Control,46.97,37.4,43.55,50.46,medium,North,Mobile,Premium,1,1
CUST_008635,Treatment,47.17,36.57,40.28,48.43,low,North,Mobile,Premium,8,0
CUST_008636,Control,30.45,27.93,30.24,45.78,medium,West,Mobile,Basic,2,1
CUST_008637,Treatment,38.72,34.41,44.99,24.14,low,North,Tablet,Basic,4,1
CUST_008638,Treatment,39.71,47.55,58.53,32.58,medium,North,Desktop,Premium,6,0
CUST_008639,Treatment,31.28,26.24,22.71,38.62,medium,South,Desktop,Basic,6,0
CUST_008640,Treatment,41.94,55.55,37.93,56.49,medium,East,Mobile,Basic,1,1
CUST_008641,Control,71.79,84.52,78.0,84.08,medium,North,Desktop,Enterprise,18,0
CUST_008642,Treatment,64.13,64.77,62.95,83.8,low,East,Desktop,Premium,15,0
CUST_008643,Control,101.24,101.7,105.86,103.88,medium,North,Mobile,Enterprise,1,1
CUST_008644,Control,13.84,30.54,34.04,7.1,low,East,Mobile,Basic,12,0
CUST_008645,Treatment,55.47,63.34,64.19,73.42,medium,South,Mobile,Premium,2,1
CUST_008646,Treatment,113.63,110.44,108.48,121.96,high,West,Mobile,Premium,1,1
CUST_008647,Treatment,26.25,36.16,17.25,36.2,low,East,Desktop,Premium,26,0
CUST_008648,Control,22.2,9.02,10.12,23.83,medium,South,Tablet,Basic,26,0
CUST_008649,Treatment,57.38,66.68,62.41,70.35,medium,West,Mobile,Premium,15,0
CUST_008650,Control,119.32,135.29,120.34,142.93,low,South,Desktop,Enterprise,3,1
CUST_008651,Treatment,39.85,40.2,35.5,41.17,medium,East,Desktop,Basic,9,0
CUST_008652,Treatment,23.49,18.89,35.03,32.53,low,East,Tablet,Basic,3,1
CUST_008653,Control,45.53,44.13,23.55,25.82,low,North,Desktop,Premium,4,1
CUST_008654,Control,43.61,25.6,37.14,17.63,medium,East,Mobile,Basic,20,0
CUST_008655,Control,73.88,63.17,77.21,91.24,medium,North,Mobile,Premium,1,1
CUST_008656,Control,31.15,43.02,38.69,58.82,low,East,Desktop,Premium,2,1
CUST_008657,Control,28.51,33.01,37.58,37.25,high,East,Mobile,Basic,7,0
CUST_008658,Treatment,33.49,31.54,36.19,45.39,low,East,Mobile,Basic,8,0
CUST_008659,Treatment,22.36,12.33,4.81,20.78,low,West,Desktop,Basic,16,0
CUST_008660,Control,58.47,54.44,60.99,45.06,high,North,Mobile,Premium,1,1
CUST_008661,Treatment,231.09,250.3,259.49,275.56,high,South,Mobile,Enterprise,8,0
CUST_008662,Treatment,33.29,38.87,29.65,41.53,low,West,Mobile,Premium,12,0
CUST_008663,Treatment,49.09,34.69,62.88,32.92,low,East,Mobile,Enterprise,9,0
CUST_008664,Treatment,19.68,20.74,9.93,12.63,low,East,Desktop,Basic,24,0
CUST_008665,Treatment,25.46,24.83,21.51,42.72,medium,West,Mobile,Basic,1,1
CUST_008666,Treatment,104.39,118.02,127.55,143.17,high,East,Mobile,Premium,36,0
CUST_008667,Control,15.07,17.52,7.55,19.2,low,North,Mobile,Basic,26,0
CUST_008668,Control,12.96,20.61,16.48,0.0,low,West,Mobile,Basic,24,0
CUST_008669,Control,59.88,63.64,62.59,75.61,low,South,Mobile,Premium,16,0
CUST_008670,Treatment,22.11,11.87,7.95,27.76,low,North,Mobile,Basic,44,0
CUST_008671,Treatment,115.73,121.73,122.42,144.25,medium,South,Tablet,Enterprise,6,0
CUST_008672,Treatment,74.71,70.31,68.36,95.15,medium,North,Mobile,Premium,13,0
CUST_008673,Treatment,30.73,43.34,35.4,55.38,high,East,Desktop,Basic,16,0
CUST_008674,Control,15.53,20.16,17.9,41.13,low,North,Desktop,Basic,7,0
CUST_008675,Treatment,9.55,3.17,16.83,25.1,low,West,Tablet,Basic,10,0
CUST_008676,Treatment,117.49,99.42,110.87,122.84,medium,West,Desktop,Premium,5,1
CUST_008677,Control,41.59,32.43,38.45,42.64,low,South,Mobile,Premium,3,1
CUST_008678,Treatment,68.77,44.64,71.38,72.99,low,East,Desktop,Premium,15,0
CUST_008679,Treatment,104.11,108.18,136.33,123.62,medium,North,Mobile,Enterprise,18,0
CUST_008680,Treatment,78.19,95.54,110.75,92.76,medium,West,Desktop,Premium,22,0
CUST_008681,Control,32.2,26.17,28.82,25.93,high,West,Mobile,Basic,6,0
CUST_008682,Treatment,17.03,9.59,31.26,15.37,medium,West,Desktop,Basic,28,0
CUST_008683,Treatment,9.32,14.56,34.19,11.61,low,West,Desktop,Basic,1,1
CUST_008684,Treatment,42.91,42.68,45.95,55.68,medium,West,Desktop,Basic,2,1
CUST_008685,Treatment,51.14,56.27,58.92,62.24,medium,North,Desktop,Premium,3,1
CUST_008686,Control,20.78,26.18,20.22,36.72,medium,South,Mobile,Basic,1,1
CUST_008687,Control,13.64,20.56,21.73,29.59,low,North,Tablet,Basic,5,1
CUST_008688,Treatment,62.36,48.09,65.6,69.4,high,North,Desktop,Basic,14,0
CUST_008689,Control,113.13,126.19,136.24,141.71,low,East,Tablet,Enterprise,20,0
CUST_008690,Control,90.66,79.26,85.32,91.57,low,South,Desktop,Enterprise,7,0
CUST_008691,Treatment,20.6,29.18,45.44,47.11,low,North,Desktop,Premium,8,0
CUST_008692,Treatment,116.39,137.2,144.36,150.54,high,East,Desktop,Premium,33,0
CUST_008693,Control,32.91,20.22,24.92,23.74,medium,East,Tablet,Basic,1,1
CUST_008694,Control,0.0,24.34,18.36,5.46,low,North,Mobile,Basic,5,1
CUST_008695,Treatment,98.38,111.56,101.34,102.19,low,South,Mobile,Enterprise,4,1
CUST_008696,Control,91.93,85.04,71.06,87.39,medium,North,Mobile,Premium,17,0
CUST_008697,Treatment,8.87,30.92,21.86,10.79,medium,West,Desktop,Basic,14,0
CUST_008698,Control,47.48,60.85,69.15,55.64,low,West,Desktop,Premium,13,0
CUST_008699,Control,79.48,105.91,105.94,103.41,low,South,Mobile,Enterprise,2,1
CUST_008700,Treatment,44.88,51.84,55.64,53.22,low,South,Desktop,Premium,1,1
CUST_008701,Treatment,17.67,17.64,21.49,18.24,low,West,Mobile,Basic,38,0
CUST_008702,Treatment,64.67,44.18,63.89,55.6,medium,West,Mobile,Premium,3,1
CUST_008703,Treatment,20.98,20.2,24.4,36.83,low,South,Desktop,Basic,18,0
CUST_008704,Control,14.22,32.89,17.65,25.01,low,North,Mobile,Basic,25,0
CUST_008705,Control,31.02,26.81,35.86,31.59,low,South,Mobile,Premium,20,0
CUST_008706,Control,67.53,56.39,52.29,63.72,high,West,Desktop,Basic,6,0
CUST_008707,Treatment,47.51,58.89,61.91,62.57,low,South,Desktop,Premium,3,1
CUST_008708,Control,39.96,46.94,48.66,42.05,high,North,Desktop,Basic,21,0
CUST_008709,Treatment,45.27,42.46,33.8,53.97,medium,East,Desktop,Basic,13,0
CUST_008710,Control,230.49,251.98,250.34,260.02,medium,West,Mobile,Enterprise,1,1
CUST_008711,Treatment,85.71,85.11,76.6,94.1,high,South,Desktop,Premium,2,1
CUST_008712,Treatment,69.19,82.46,71.07,81.29,medium,North,Mobile,Premium,16,0
CUST_008713,Control,18.09,19.16,28.33,34.53,low,North,Tablet,Basic,1,1
CUST_008714,Treatment,18.57,22.4,16.68,10.06,low,North,Desktop,Basic,16,0
CUST_008715,Treatment,52.91,47.77,63.89,52.2,medium,West,Desktop,Premium,2,1
CUST_008716,Control,137.61,141.04,138.02,157.58,medium,West,Mobile,Enterprise,5,1
CUST_008717,Treatment,24.75,36.47,25.83,44.87,medium,East,Mobile,Basic,18,0
CUST_008718,Treatment,20.55,13.23,23.05,40.55,medium,West,Mobile,Basic,17,0
CUST_008719,Control,33.36,0.66,15.45,16.98,low,East,Desktop,Basic,4,1
CUST_008720,Control,32.03,43.98,39.98,44.46,low,North,Mobile,Premium,19,0
CUST_008721,Control,217.41,205.43,208.55,219.75,high,North,Desktop,Enterprise,15,0
CUST_008722,Treatment,30.14,41.07,38.86,60.93,high,West,Desktop,Basic,9,0
CUST_008723,Treatment,26.18,30.43,23.77,14.1,low,West,Desktop,Basic,3,1
CUST_008724,Treatment,263.22,270.24,276.18,286.75,medium,South,Desktop,Enterprise,1,1
CUST_008725,Treatment,60.78,61.83,56.71,73.97,medium,West,Desktop,Premium,18,0
CUST_008726,Treatment,40.35,37.44,45.86,57.51,high,South,Desktop,Premium,60,0
CUST_008727,Treatment,97.81,95.33,90.36,113.61,high,East,Desktop,Premium,12,0
CUST_008728,Treatment,181.82,168.82,185.99,229.75,high,West,Desktop,Enterprise,53,0
CUST_008729,Treatment,29.17,38.77,51.56,50.49,medium,North,Desktop,Premium,1,1
CUST_008730,Treatment,31.09,40.97,19.78,35.02,medium,North,Desktop,Basic,3,1
CUST_008731,Treatment,19.59,9.45,10.62,27.97,low,South,Mobile,Basic,1,1
CUST_008732,Treatment,36.32,17.44,22.75,30.67,low,West,Mobile,Basic,14,0
CUST_008733,Control,84.15,95.27,95.49,90.83,medium,East,Mobile,Premium,8,0
CUST_008734,Treatment,25.27,8.97,0.9,26.63,medium,West,Desktop,Basic,22,0
CUST_008735,Treatment,41.04,39.8,43.47,50.2,low,West,Desktop,Premium,14,0
CUST_008736,Treatment,42.89,40.32,50.04,50.12,medium,West,Mobile,Premium,36,0
CUST_008737,Treatment,61.68,50.77,52.74,57.03,medium,West,Desktop,Premium,14,0
CUST_008738,Control,28.82,17.9,32.09,37.86,low,East,Mobile,Basic,7,0
CUST_008739,Control,27.89,32.84,44.41,54.92,medium,East,Mobile,Basic,8,0
CUST_008740,Treatment,168.83,189.77,166.62,203.74,medium,North,Desktop,Enterprise,27,0
CUST_008741,Control,88.96,81.25,93.08,92.05,medium,North,Mobile,Premium,33,0
CUST_008742,Treatment,69.45,87.51,90.11,87.71,medium,West,Mobile,Enterprise,5,1
CUST_008743,Treatment,19.36,8.92,23.2,21.64,low,East,Tablet,Basic,32,0
CUST_008744,Control,28.67,15.58,33.85,21.75,high,West,Desktop,Basic,1,1
CUST_008745,Treatment,50.55,51.02,37.23,46.59,medium,East,Desktop,Premium,35,0
CUST_008746,Treatment,106.97,116.52,88.29,128.74,low,East,Tablet,Enterprise,16,0
CUST_008747,Treatment,124.38,143.52,135.25,147.41,medium,North,Desktop,Enterprise,23,0
CUST_008748,Control,62.96,65.08,67.44,64.26,medium,East,Desktop,Premium,9,0
CUST_008749,Treatment,71.95,69.11,65.94,82.96,medium,West,Desktop,Premium,19,0
CUST_008750,Treatment,118.6,116.89,115.65,120.01,medium,West,Mobile,Enterprise,4,1
CUST_008751,Control,40.25,37.36,46.87,40.32,low,South,Desktop,Premium,27,0
CUST_008752,Control,43.18,41.17,37.44,43.0,medium,East,Mobile,Basic,30,0
CUST_008753,Treatment,69.22,76.55,65.66,77.75,medium,South,Mobile,Premium,19,0
CUST_008754,Treatment,33.93,41.35,33.74,52.07,high,West,Tablet,Basic,20,0
CUST_008755,Treatment,71.54,76.12,70.26,84.26,medium,East,Desktop,Premium,15,0
CUST_008756,Control,13.19,10.62,12.28,22.53,medium,South,Tablet,Basic,3,1
CUST_008757,Control,12.14,15.56,20.53,36.34,low,West,Mobile,Basic,2,1
CUST_008758,Control,78.32,87.48,90.02,101.1,low,East,Mobile,Enterprise,5,1
CUST_008759,Control,29.61,18.21,25.23,15.34,medium,East,Desktop,Basic,23,0
CUST_008760,Control,69.78,58.93,65.26,65.48,medium,South,Desktop,Premium,3,1
CUST_008761,Treatment,34.45,21.78,33.44,32.36,low,North,Desktop,Basic,27,0
CUST_008762,Control,41.76,55.76,50.22,40.44,medium,West,Desktop,Basic,10,0
CUST_008763,Treatment,21.66,27.04,14.67,47.81,high,East,Desktop,Basic,4,1
CUST_008764,Control,38.31,43.93,37.65,32.19,medium,North,Mobile,Basic,10,0
CUST_008765,Treatment,13.21,37.3,21.57,28.27,medium,West,Mobile,Basic,23,0
CUST_008766,Control,17.28,28.76,17.17,25.76,medium,East,Desktop,Basic,1,1
CUST_008767,Treatment,23.7,16.96,13.21,32.15,medium,South,Mobile,Basic,2,1
CUST_008768,Treatment,15.29,16.9,34.03,22.94,low,North,Tablet,Premium,60,0
CUST_008769,Treatment,40.35,46.75,42.35,48.39,low,South,Desktop,Premium,6,0
CUST_008770,Control,24.92,21.44,17.06,42.72,low,North,Mobile,Basic,6,0
CUST_008771,Control,21.66,24.95,33.32,19.42,low,North,Desktop,Basic,24,0
CUST_008772,Control,24.66,24.47,23.11,15.3,low,West,Desktop,Basic,48,0
CUST_008773,Control,24.21,25.16,42.74,41.01,low,East,Mobile,Basic,11,0
CUST_008774,Treatment,156.88,161.35,151.98,176.36,medium,West,Desktop,Enterprise,1,1
CUST_008775,Treatment,50.86,54.31,70.39,77.89,low,West,Desktop,Premium,34,0
CUST_008776,Control,74.06,68.18,74.59,74.52,medium,East,Mobile,Enterprise,38,0
CUST_008777,Treatment,38.64,35.21,39.96,43.42,medium,South,Desktop,Basic,25,0
CUST_008778,Control,34.95,23.74,31.89,31.13,medium,East,Desktop,Basic,16,0
CUST_008779,Control,62.6,63.03,66.59,55.15,low,North,Mobile,Premium,3,1
CUST_008780,Treatment,36.69,38.91,51.84,47.5,medium,East,Mobile,Premium,6,0
CUST_008781,Treatment,70.21,60.36,57.9,75.7,medium,South,Desktop,Premium,19,0
CUST_008782,Control,11.58,5.23,18.35,26.19,low,East,Desktop,Basic,2,1
CUST_008783,Treatment,35.16,30.28,34.94,57.39,medium,West,Desktop,Premium,29,0
CUST_008784,Control,28.36,28.34,14.69,25.28,low,West,Desktop,Premium,39,0
CUST_008785,Treatment,90.0,91.78,102.34,95.27,medium,East,Mobile,Premium,32,0
CUST_008786,Control,64.27,67.17,57.82,67.72,high,North,Desktop,Premium,1,1
CUST_008787,Treatment,32.14,55.05,47.96,46.12,medium,South,Mobile,Basic,29,0
CUST_008788,Treatment,39.24,23.68,22.16,22.28,low,East,Mobile,Basic,20,0
CUST_008789,Treatment,81.22,69.23,82.32,80.86,medium,East,Mobile,Premium,16,0
CUST_008790,Control,43.22,51.96,53.02,39.24,high,North,Desktop,Basic,6,0
CUST_008791,Control,26.8,33.19,33.14,41.08,low,North,Mobile,Premium,21,0
CUST_008792,Control,57.95,59.9,58.15,83.5,medium,West,Mobile,Premium,1,1
CUST_008793,Treatment,45.06,55.66,37.65,63.19,low,West,Mobile,Premium,10,0
CUST_008794,Treatment,28.67,24.34,27.84,30.45,low,West,Desktop,Basic,45,0
CUST_008795,Treatment,31.28,51.7,33.19,35.96,medium,South,Tablet,Basic,24,0
CUST_008796,Treatment,16.16,36.53,14.93,27.33,medium,West,Desktop,Basic,5,1
CUST_008797,Control,33.48,11.91,34.18,17.75,low,West,Desktop,Basic,5,1
CUST_008798,Control,25.34,31.32,37.84,20.14,low,East,Mobile,Basic,13,0
CUST_008799,Control,59.55,63.42,39.76,47.81,medium,East,Tablet,Basic,8,0
CUST_008800,Control,40.12,38.14,31.83,39.42,medium,South,Mobile,Basic,1,1
CUST_008801,Treatment,30.33,37.43,20.48,31.46,low,North,Tablet,Basic,3,1
CUST_008802,Treatment,118.31,127.59,117.03,160.48,high,East,Mobile,Premium,30,0
CUST_008803,Treatment,43.76,30.6,47.83,46.09,high,North,Desktop,Premium,2,1
CUST_008804,Control,37.59,43.9,50.38,50.47,low,North,Desktop,Premium,7,0
CUST_008805,Treatment,50.73,39.69,63.45,57.08,low,North,Mobile,Premium,14,0
CUST_008806,Control,42.42,30.82,44.71,54.34,low,East,Mobile,Premium,2,1
CUST_008807,Treatment,40.03,46.42,32.8,63.86,medium,West,Desktop,Premium,40,0
CUST_008808,Control,21.66,22.96,31.64,17.63,medium,West,Mobile,Basic,6,0
CUST_008809,Treatment,55.62,69.41,75.38,73.05,high,East,Mobile,Premium,3,1
CUST_008810,Control,37.98,56.72,52.84,49.48,low,West,Mobile,Premium,12,0
CUST_008811,Control,21.14,17.07,27.53,22.28,medium,East,Mobile,Basic,9,0
CUST_008812,Treatment,57.64,55.54,60.44,52.65,medium,North,Desktop,Premium,11,0
CUST_008813,Treatment,7.16,22.19,19.84,19.04,low,North,Desktop,Basic,3,1
CUST_008814,Treatment,37.3,16.2,33.68,45.93,medium,West,Mobile,Basic,10,0
CUST_008815,Control,113.12,107.17,118.7,119.43,high,North,Tablet,Premium,20,0
CUST_008816,Treatment,121.48,135.15,140.5,154.57,medium,East,Desktop,Enterprise,2,1
CUST_008817,Treatment,44.87,54.52,42.19,52.18,medium,East,Desktop,Basic,11,0
CUST_008818,Control,25.94,41.66,30.36,37.48,medium,South,Tablet,Basic,26,0
CUST_008819,Control,79.65,82.19,80.25,71.95,medium,East,Desktop,Premium,3,1
CUST_008820,Control,33.6,40.6,43.4,29.11,low,West,Tablet,Basic,9,0
CUST_008821,Treatment,100.93,112.89,103.13,130.08,medium,West,Mobile,Enterprise,29,0
CUST_008822,Control,31.05,38.14,49.48,47.11,low,East,Desktop,Premium,27,0
CUST_008823,Control,6.17,26.25,30.42,23.63,low,South,Desktop,Premium,7,0
CUST_008824,Control,122.2,132.21,143.26,139.07,medium,West,Mobile,Enterprise,14,0
CUST_008825,Control,141.7,138.99,137.45,171.32,medium,North,Tablet,Enterprise,7,0
CUST_008826,Treatment,24.55,38.92,36.85,36.89,medium,South,Desktop,Basic,24,0
CUST_008827,Treatment,36.24,54.39,57.78,60.69,medium,East,Mobile,Premium,3,1
CUST_008828,Control,30.3,17.88,26.18,22.71,low,West,Desktop,Basic,39,0
CUST_008829,Treatment,139.09,144.01,142.3,158.05,medium,West,Desktop,Enterprise,14,0
CUST_008830,Control,77.01,63.09,60.29,95.02,low,West,Mobile,Premium,6,0
CUST_008831,Control,84.21,86.44,91.99,86.31,medium,North,Tablet,Premium,10,0
CUST_008832,Control,133.48,145.51,147.88,150.65,high,West,Desktop,Premium,23,0
CUST_008833,Treatment,19.34,16.79,22.53,32.7,low,East,Mobile,Basic,28,0
CUST_008834,Treatment,77.28,79.04,87.23,98.35,medium,West,Desktop,Premium,4,1
CUST_008835,Treatment,15.66,19.22,22.81,16.72,medium,East,Mobile,Basic,1,1
CUST_008836,Control,15.6,2.31,1.47,13.54,low,East,Desktop,Basic,10,0
CUST_008837,Control,32.87,47.31,32.77,43.12,low,West,Tablet,Premium,45,0
CUST_008838,Control,25.31,17.97,12.15,19.15,low,West,Desktop,Basic,29,0
CUST_008839,Control,149.86,150.51,146.08,176.72,high,East,Desktop,Premium,52,0
CUST_008840,Control,98.42,117.25,116.73,121.89,low,North,Mobile,Enterprise,12,0
CUST_008841,Treatment,43.87,60.12,49.63,54.04,low,East,Tablet,Premium,14,0
CUST_008842,Treatment,22.38,26.0,18.38,15.41,low,South,Mobile,Basic,3,1
CUST_008843,Control,23.62,25.03,22.15,16.27,medium,East,Mobile,Basic,5,1
CUST_008844,Control,51.8,41.61,49.06,33.19,high,North,Mobile,Basic,18,0
CUST_008845,Control,55.67,44.16,71.57,66.6,high,North,Desktop,Basic,10,0
CUST_008846,Control,20.63,20.17,19.59,26.89,low,North,Mobile,Basic,12,0
CUST_008847,Treatment,106.84,107.53,123.89,138.91,medium,West,Desktop,Premium,19,0
CUST_008848,Control,29.37,47.34,48.35,34.86,medium,West,Desktop,Basic,1,1
CUST_008849,Control,20.12,33.89,24.98,28.42,medium,North,Desktop,Basic,3,1
CUST_008850,Treatment,88.73,113.61,102.86,120.41,high,South,Mobile,Premium,1,1
CUST_008851,Treatment,90.15,97.62,75.01,85.19,medium,East,Desktop,Premium,1,1
CUST_008852,Treatment,26.4,17.74,37.43,38.5,medium,West,Desktop,Basic,30,0
CUST_008853,Treatment,50.17,53.26,58.0,69.48,high,South,Mobile,Premium,1,1
CUST_008854,Treatment,23.28,21.88,36.04,12.93,high,West,Tablet,Basic,16,0
CUST_008855,Control,52.83,45.93,58.39,65.7,medium,East,Mobile,Premium,4,1
CUST_008856,Treatment,96.14,99.67,89.48,110.29,medium,East,Mobile,Enterprise,6,0
CUST_008857,Treatment,78.24,99.42,99.36,97.75,medium,East,Mobile,Premium,6,0
CUST_008858,Treatment,16.18,24.09,34.35,18.43,low,North,Desktop,Basic,24,0
CUST_008859,Treatment,29.85,43.61,50.91,40.95,high,West,Mobile,Basic,12,0
CUST_008860,Treatment,12.73,31.91,24.51,19.09,low,West,Desktop,Basic,43,0
CUST_008861,Control,208.15,194.3,203.05,233.47,medium,North,Desktop,Enterprise,1,1
CUST_008862,Treatment,65.9,65.95,53.79,75.35,high,North,Desktop,Basic,1,1
CUST_008863,Treatment,57.39,54.49,62.18,74.91,medium,South,Mobile,Premium,4,1
CUST_008864,Control,18.53,2.06,17.96,15.05,medium,East,Desktop,Basic,1,1
CUST_008865,Treatment,38.14,45.36,43.69,48.27,medium,North,Desktop,Basic,2,1
CUST_008866,Treatment,54.02,60.35,70.68,71.89,medium,East,Desktop,Premium,5,1
CUST_008867,Treatment,169.71,167.84,189.07,199.6,medium,West,Mobile,Enterprise,1,1
CUST_008868,Control,37.36,30.14,42.29,25.1,medium,East,Tablet,Basic,24,0
CUST_008869,Control,45.63,58.48,68.38,39.2,low,North,Desktop,Enterprise,39,0
CUST_008870,Control,42.79,48.03,63.69,37.43,medium,West,Desktop,Premium,43,0
CUST_008871,Treatment,28.86,36.35,39.12,23.89,medium,South,Tablet,Basic,1,1
CUST_008872,Control,11.29,27.93,22.53,31.58,medium,South,Desktop,Basic,7,0
CUST_008873,Control,17.32,3.83,19.91,19.92,low,East,Desktop,Basic,11,0
CUST_008874,Treatment,36.62,46.01,49.44,50.28,low,North,Mobile,Premium,23,0
CUST_008875,Treatment,78.63,77.58,80.9,81.84,medium,North,Desktop,Enterprise,28,0
CUST_008876,Control,25.57,30.65,33.67,35.69,medium,East,Desktop,Basic,6,0
CUST_008877,Control,30.27,27.37,15.91,23.84,low,West,Desktop,Premium,3,1
CUST_008878,Control,67.92,52.13,62.1,67.52,low,East,Mobile,Premium,3,1
CUST_008879,Treatment,76.48,80.17,69.63,77.45,medium,West,Mobile,Premium,20,0
CUST_008880,Treatment,94.11,74.26,79.81,81.35,medium,South,Tablet,Premium,1,1
CUST_008881,Treatment,24.5,33.34,32.14,28.81,low,East,Mobile,Basic,1,1
CUST_008882,Control,28.19,20.48,27.37,20.23,low,East,Mobile,Basic,1,1
CUST_008883,Treatment,34.53,56.0,36.74,45.43,high,South,Desktop,Basic,2,1
CUST_008884,Treatment,7.25,9.17,4.36,15.98,low,North,Mobile,Basic,12,0
CUST_008885,Treatment,28.24,33.53,40.22,32.31,medium,East,Mobile,Basic,3,1
CUST_008886,Control,38.79,9.09,11.42,19.32,low,North,Mobile,Basic,22,0
CUST_008887,Treatment,40.74,37.24,49.45,41.3,high,South,Mobile,Basic,19,0
CUST_008888,Control,35.5,19.72,34.02,10.52,medium,East,Mobile,Basic,14,0
CUST_008889,Control,14.05,10.22,29.55,17.7,low,North,Desktop,Basic,13,0
CUST_008890,Control,138.54,136.8,138.11,139.41,medium,South,Desktop,Enterprise,29,0
CUST_008891,Control,95.48,110.69,106.51,117.06,medium,North,Mobile,Enterprise,30,0
CUST_008892,Control,19.12,32.03,19.82,22.74,medium,West,Mobile,Basic,10,0
CUST_008893,Control,54.19,55.36,58.4,71.95,medium,South,Mobile,Premium,11,0
CUST_008894,Control,54.63,48.91,40.55,41.81,high,South,Mobile,Basic,27,0
CUST_008895,Treatment,31.24,36.19,38.03,37.83,high,South,Tablet,Basic,27,0
CUST_008896,Control,175.47,171.6,194.23,194.68,high,East,Desktop,Enterprise,1,1
CUST_008897,Treatment,42.72,63.48,52.87,51.59,medium,North,Desktop,Premium,1,1
CUST_008898,Control,66.09,72.06,61.25,69.17,low,West,Tablet,Enterprise,4,1
CUST_008899,Treatment,43.04,30.36,24.16,41.98,low,East,Desktop,Premium,4,1
CUST_008900,Treatment,74.87,60.53,71.81,76.83,high,East,Desktop,Basic,8,0
CUST_008901,Treatment,48.82,63.09,57.83,44.97,medium,South,Desktop,Basic,54,0
CUST_008902,Control,36.5,20.85,24.45,29.67,medium,South,Desktop,Basic,1,1
CUST_008903,Treatment,10.52,44.16,34.33,42.82,low,West,Mobile,Basic,3,1
CUST_008904,Control,14.77,23.24,17.67,29.47,low,East,Desktop,Basic,25,0
CUST_008905,Treatment,80.69,63.48,86.99,88.17,high,South,Desktop,Enterprise,8,0
CUST_008906,Treatment,158.39,162.38,173.25,175.52,medium,West,Mobile,Enterprise,21,0
CUST_008907,Treatment,77.08,88.82,88.4,97.54,high,South,Mobile,Premium,3,1
CUST_008908,Treatment,42.46,73.22,54.63,65.77,medium,South,Desktop,Premium,26,0
CUST_008909,Control,35.39,32.39,25.03,37.89,medium,South,Desktop,Basic,11,0
CUST_008910,Control,64.27,40.4,41.82,54.09,low,South,Desktop,Premium,8,0
CUST_008911,Control,75.69,62.06,83.46,62.93,high,North,Tablet,Premium,16,0
CUST_008912,Control,29.8,29.65,19.01,10.82,low,West,Desktop,Basic,13,0
CUST_008913,Control,83.14,94.21,105.91,109.09,medium,North,Desktop,Enterprise,4,1
CUST_008914,Control,53.86,56.42,67.53,59.68,low,East,Desktop,Enterprise,19,0
CUST_008915,Treatment,341.84,353.23,348.74,398.18,high,South,Mobile,Enterprise,7,0
CUST_008916,Control,19.23,21.24,17.32,30.87,low,East,Mobile,Basic,2,1
CUST_008917,Control,18.43,30.46,35.17,23.97,medium,East,Mobile,Basic,1,1
CUST_008918,Treatment,15.0,17.9,34.51,35.19,low,East,Desktop,Basic,10,0
CUST_008919,Control,41.65,46.03,42.38,40.86,medium,West,Mobile,Premium,10,0
CUST_008920,Treatment,65.08,68.92,63.23,80.65,low,West,Mobile,Enterprise,4,1
CUST_008921,Treatment,28.43,30.39,17.79,42.8,high,West,Desktop,Basic,11,0
CUST_008922,Treatment,153.95,159.67,163.94,200.55,high,East,Mobile,Premium,13,0
CUST_008923,Treatment,35.21,52.62,43.79,40.83,low,South,Desktop,Premium,10,0
CUST_008924,Control,86.17,79.74,78.02,90.08,low,East,Tablet,Enterprise,22,0
CUST_008925,Control,56.22,69.61,66.94,77.61,medium,West,Desktop,Premium,36,0
CUST_008926,Control,71.2,75.49,66.08,63.13,medium,West,Mobile,Premium,1,1
CUST_008927,Treatment,7.32,7.08,21.98,20.47,medium,South,Mobile,Basic,3,1
CUST_008928,Treatment,170.06,176.01,177.68,194.52,medium,East,Desktop,Enterprise,16,0
CUST_008929,Treatment,40.27,30.23,40.79,39.46,medium,North,Desktop,Basic,14,0
CUST_008930,Treatment,63.73,61.96,72.19,85.24,low,North,Desktop,Enterprise,3,1
CUST_008931,Treatment,16.47,22.5,33.79,29.4,low,South,Tablet,Basic,13,0
CUST_008932,Treatment,24.06,31.8,32.92,17.05,low,West,Desktop,Premium,27,0
CUST_008933,Control,80.7,78.77,82.55,103.79,medium,North,Desktop,Enterprise,33,0
CUST_008934,Treatment,69.8,85.5,75.86,84.09,medium,East,Desktop,Premium,19,0
CUST_008935,Treatment,85.88,75.54,93.75,93.13,medium,West,Desktop,Enterprise,10,0
CUST_008936,Treatment,35.19,23.39,57.11,45.46,medium,East,Mobile,Basic,18,0
CUST_008937,Control,72.12,51.97,65.63,63.9,high,North,Mobile,Basic,2,1
CUST_008938,Treatment,131.96,136.66,126.33,146.82,low,North,Mobile,Enterprise,12,0
CUST_008939,Treatment,62.76,73.68,52.62,67.13,medium,West,Desktop,Premium,7,0
CUST_008940,Control,80.27,84.51,68.89,84.62,medium,South,Desktop,Enterprise,7,0
CUST_008941,Control,74.14,69.75,64.99,79.07,medium,North,Mobile,Premium,4,1
CUST_008942,Treatment,13.51,23.22,25.63,29.87,low,West,Mobile,Basic,4,1
CUST_008943,Treatment,25.52,34.98,27.71,46.33,medium,West,Desktop,Basic,1,1
CUST_008944,Control,31.87,25.02,25.41,20.85,low,East,Desktop,Basic,16,0
CUST_008945,Treatment,22.0,37.7,31.37,25.98,medium,North,Desktop,Basic,11,0
CUST_008946,Control,139.4,139.66,153.85,156.61,medium,East,Desktop,Enterprise,10,0
CUST_008947,Treatment,113.0,103.47,117.28,142.11,high,North,Desktop,Premium,5,1
CUST_008948,Control,102.95,115.22,114.17,132.63,medium,East,Mobile,Enterprise,17,0
CUST_008949,Treatment,122.57,131.15,132.13,137.09,low,North,Desktop,Enterprise,28,0
CUST_008950,Control,28.24,30.5,50.92,42.81,high,East,Desktop,Basic,28,0
CUST_008951,Treatment,58.24,51.66,52.78,57.97,medium,North,Mobile,Premium,1,1
CUST_008952,Control,30.34,27.03,34.1,33.29,medium,West,Desktop,Basic,1,1
CUST_008953,Control,11.97,25.39,13.24,19.09,low,West,Mobile,Basic,3,1
CUST_008954,Control,41.98,43.78,47.93,44.58,medium,West,Desktop,Basic,5,1
CUST_008955,Treatment,72.05,68.86,59.07,83.07,low,East,Mobile,Enterprise,31,0
CUST_008956,Treatment,47.17,45.31,51.01,64.29,high,South,Mobile,Basic,13,0
CUST_008957,Treatment,50.66,31.86,36.21,35.28,medium,West,Desktop,Basic,4,1
CUST_008958,Control,35.62,21.87,47.49,33.98,medium,South,Desktop,Basic,2,1
CUST_008959,Control,27.45,32.71,33.77,25.81,medium,East,Desktop,Basic,6,0
CUST_008960,Control,27.28,17.19,31.32,24.27,medium,West,Tablet,Basic,14,0
CUST_008961,Control,11.17,12.0,11.67,25.27,medium,West,Desktop,Basic,25,0
CUST_008962,Treatment,12.13,19.17,22.12,19.64,medium,South,Desktop,Basic,7,0
CUST_008963,Control,0.48,4.93,30.83,17.27,medium,West,Desktop,Basic,1,1
CUST_008964,Treatment,28.58,28.24,13.63,20.98,medium,North,Desktop,Basic,21,0
CUST_008965,Treatment,80.95,72.27,89.66,90.01,high,East,Mobile,Premium,2,1
CUST_008966,Control,44.32,33.62,23.68,51.1,medium,North,Desktop,Basic,9,0
CUST_008967,Control,28.06,33.59,40.92,33.11,medium,East,Desktop,Basic,1,1
CUST_008968,Control,36.6,29.8,26.03,21.54,high,East,Desktop,Basic,8,0
CUST_008969,Treatment,18.45,29.92,25.69,25.69,low,East,Mobile,Basic,2,1
CUST_008970,Control,36.9,50.46,45.34,47.6,medium,East,Desktop,Basic,16,0
CUST_008971,Treatment,55.62,26.06,39.08,49.82,high,North,Mobile,Basic,1,1
CUST_008972,Control,14.55,36.87,28.87,27.34,low,East,Desktop,Basic,1,1
CUST_008973,Control,38.21,49.56,59.91,59.06,medium,North,Desktop,Basic,32,0
CUST_008974,Treatment,34.47,44.36,34.6,41.96,medium,East,Desktop,Basic,6,0
CUST_008975,Control,22.99,43.26,46.73,30.29,low,North,Desktop,Basic,1,1
CUST_008976,Treatment,27.22,11.05,22.43,23.53,medium,East,Mobile,Basic,3,1
CUST_008977,Control,124.65,131.46,134.03,128.53,high,West,Mobile,Basic,4,1
CUST_008978,Control,76.95,102.92,96.78,98.45,medium,East,Mobile,Premium,18,0
CUST_008979,Treatment,32.67,18.04,32.92,31.56,medium,West,Desktop,Basic,13,0
CUST_008980,Control,25.47,29.68,19.61,23.12,low,East,Desktop,Basic,1,1
CUST_008981,Control,78.22,79.33,86.2,94.21,high,West,Desktop,Premium,10,0
CUST_008982,Control,23.76,14.37,19.71,17.25,medium,North,Desktop,Basic,5,1
CUST_008983,Treatment,155.8,149.56,163.72,193.99,high,East,Mobile,Premium,24,0
CUST_008984,Control,40.05,53.1,52.39,42.23,low,North,Desktop,Basic,16,0
CUST_008985,Treatment,34.04,60.05,34.78,53.48,low,South,Mobile,Premium,4,1
CUST_008986,Control,117.82,111.48,118.84,126.46,medium,South,Desktop,Enterprise,7,0
CUST_008987,Control,101.08,113.05,85.91,105.59,high,West,Desktop,Premium,18,0
CUST_008988,Treatment,95.67,100.04,112.3,132.38,high,East,Tablet,Enterprise,10,0
CUST_008989,Control,35.49,48.94,44.44,48.14,high,West,Desktop,Basic,20,0
CUST_008990,Treatment,31.42,26.77,23.51,25.79,medium,North,Mobile,Basic,52,0
CUST_008991,Control,133.15,139.12,134.43,156.59,medium,West,Desktop,Enterprise,4,1
CUST_008992,Control,105.29,90.75,126.09,117.07,high,North,Tablet,Premium,19,0
CUST_008993,Control,36.08,37.12,39.63,18.05,low,North,Mobile,Premium,1,1
CUST_008994,Treatment,82.26,57.37,73.53,72.83,medium,East,Desktop,Premium,13,0
CUST_008995,Treatment,38.14,45.3,42.93,52.91,high,West,Tablet,Basic,3,1
CUST_008996,Treatment,41.47,43.86,49.51,66.56,high,East,Desktop,Basic,15,0
CUST_008997,Treatment,6.12,26.82,26.77,10.29,low,East,Desktop,Basic,5,1
CUST_008998,Control,88.98,85.97,83.39,85.94,low,South,Mobile,Enterprise,33,0
CUST_008999,Control,46.87,48.2,58.7,60.09,low,North,Mobile,Premium,39,0
CUST_009000,Control,41.31,44.82,17.98,34.23,medium,North,Desktop,Basic,5,1
CUST_009001,Treatment,33.57,33.26,45.07,39.81,medium,North,Desktop,Basic,10,0
CUST_009002,Control,133.85,157.69,147.27,144.68,high,East,Mobile,Enterprise,12,0
CUST_009003,Control,52.09,72.63,61.66,70.22,medium,East,Desktop,Premium,20,0
CUST_009004,Treatment,30.16,26.26,35.1,42.02,medium,South,Tablet,Basic,15,0
CUST_009005,Treatment,42.6,40.68,20.97,38.7,medium,East,Mobile,Basic,9,0
CUST_009006,Control,18.87,29.71,20.43,25.96,medium,South,Desktop,Basic,28,0
CUST_009007,Control,47.36,40.66,66.13,59.67,medium,North,Desktop,Premium,16,0
CUST_009008,Control,35.56,41.0,25.06,25.66,low,West,Desktop,Basic,26,0
CUST_009009,Treatment,15.79,17.67,14.73,16.65,low,North,Desktop,Basic,10,0
CUST_009010,Control,11.99,27.01,26.19,17.25,low,West,Desktop,Basic,7,0
CUST_009011,Control,63.58,75.0,62.4,69.37,medium,East,Mobile,Premium,1,1
CUST_009012,Treatment,164.6,176.87,177.67,178.9,medium,North,Tablet,Enterprise,17,0
CUST_009013,Control,17.12,14.83,16.24,20.72,medium,East,Mobile,Basic,7,0
CUST_009014,Control,52.76,35.58,52.25,53.18,medium,East,Mobile,Premium,8,0
CUST_009015,Control,79.03,89.44,92.12,69.39,high,West,Mobile,Premium,32,0
CUST_009016,Treatment,36.45,23.39,37.23,39.29,low,West,Desktop,Premium,16,0
CUST_009017,Control,44.87,33.0,37.38,28.48,low,North,Tablet,Basic,1,1
CUST_009018,Treatment,24.68,35.75,38.34,26.17,low,East,Desktop,Premium,33,0
CUST_009019,Treatment,28.1,23.0,20.67,22.97,medium,South,Desktop,Basic,7,0
CUST_009020,Control,40.41,28.68,21.13,30.81,low,North,Mobile,Basic,7,0
CUST_009021,Treatment,35.17,17.04,28.14,33.65,medium,North,Tablet,Basic,5,1
CUST_009022,Treatment,188.25,191.31,186.4,202.82,medium,South,Desktop,Enterprise,7,0
CUST_009023,Control,45.08,27.25,22.0,34.71,medium,West,Desktop,Basic,1,1
CUST_009024,Treatment,58.17,55.19,60.32,56.08,medium,West,Desktop,Premium,1,1
CUST_009025,Treatment,65.71,57.63,59.65,59.81,high,East,Mobile,Basic,24,0
CUST_009026,Control,35.99,27.81,37.93,41.44,medium,North,Mobile,Basic,18,0
CUST_009027,Treatment,103.81,97.3,94.17,104.52,high,West,Desktop,Basic,1,1
CUST_009028,Treatment,61.77,69.87,59.47,82.04,low,West,Mobile,Premium,12,0
CUST_009029,Treatment,22.4,16.54,15.22,38.57,medium,East,Desktop,Basic,21,0
CUST_009030,Treatment,23.21,21.17,43.71,25.34,low,North,Desktop,Basic,45,0
CUST_009031,Control,23.15,15.11,20.52,23.32,medium,East,Desktop,Basic,4,1
CUST_009032,Control,63.27,70.59,54.28,52.71,medium,North,Mobile,Basic,4,1
CUST_009033,Treatment,107.2,104.69,114.31,107.06,low,North,Mobile,Enterprise,11,0
CUST_009034,Control,36.04,27.65,14.26,36.07,medium,East,Desktop,Basic,4,1
CUST_009035,Treatment,22.66,24.29,29.36,25.7,low,North,Desktop,Basic,37,0
CUST_009036,Control,25.34,34.55,28.8,24.23,low,East,Mobile,Premium,7,0
CUST_009037,Control,29.55,23.76,27.06,23.12,low,West,Desktop,Premium,8,0
CUST_009038,Treatment,153.92,156.79,147.89,183.94,medium,North,Desktop,Enterprise,12,0
CUST_009039,Control,60.76,48.17,35.21,47.07,low,West,Desktop,Premium,3,1
CUST_009040,Treatment,143.83,163.37,158.96,187.86,high,East,Tablet,Enterprise,14,0
CUST_009041,Control,10.56,40.19,28.41,23.57,medium,West,Mobile,Basic,1,1
CUST_009042,Treatment,77.74,68.28,65.83,108.02,high,West,Mobile,Basic,2,1
CUST_009043,Control,57.86,57.78,62.91,59.35,medium,East,Tablet,Basic,3,1
CUST_009044,Control,135.36,131.88,132.32,130.98,medium,East,Desktop,Enterprise,4,1
CUST_009045,Treatment,77.62,84.8,102.17,96.16,medium,North,Tablet,Enterprise,13,0
CUST_009046,Treatment,97.24,76.69,94.88,105.35,high,South,Desktop,Premium,39,0
CUST_009047,Control,7.15,12.2,35.39,16.04,low,South,Tablet,Basic,5,1
CUST_009048,Control,51.84,59.76,62.82,82.6,medium,East,Mobile,Premium,1,1
CUST_009049,Control,41.16,39.12,42.99,31.78,medium,East,Desktop,Basic,52,0
CUST_009050,Treatment,33.71,27.38,0.0,19.68,low,West,Mobile,Basic,6,0
CUST_009051,Control,34.3,41.0,24.13,43.35,high,North,Desktop,Basic,22,0
CUST_009052,Control,14.67,14.88,24.37,32.23,medium,East,Tablet,Basic,11,0
CUST_009053,Treatment,28.22,23.74,27.17,18.78,high,South,Desktop,Basic,2,1
CUST_009054,Treatment,80.3,86.37,80.04,101.07,high,South,Desktop,Premium,35,0
CUST_009055,Control,116.74,125.31,135.36,127.78,high,South,Desktop,Premium,16,0
CUST_009056,Treatment,85.26,98.31,106.35,116.63,medium,North,Desktop,Premium,8,0
CUST_009057,Control,39.92,25.47,43.6,25.38,medium,South,Desktop,Basic,9,0
CUST_009058,Treatment,36.9,48.21,19.89,41.98,medium,West,Desktop,Basic,4,1
CUST_009059,Control,117.63,136.76,129.14,140.31,high,North,Mobile,Premium,2,1
CUST_009060,Control,42.31,54.23,59.68,70.46,high,West,Desktop,Basic,9,0
CUST_009061,Treatment,64.09,64.67,81.18,70.51,medium,South,Mobile,Premium,21,0
CUST_009062,Control,38.61,38.22,43.45,41.88,medium,North,Tablet,Basic,8,0
CUST_009063,Treatment,92.25,77.6,93.48,102.2,high,East,Desktop,Premium,4,1
CUST_009064,Control,18.3,15.86,8.05,14.37,low,East,Desktop,Basic,30,0
CUST_009065,Control,98.63,76.71,96.84,86.73,medium,East,Mobile,Enterprise,26,0
CUST_009066,Control,39.52,34.52,64.28,36.91,medium,East,Mobile,Basic,10,0
CUST_009067,Treatment,60.53,69.01,75.66,95.77,medium,East,Desktop,Premium,8,0
CUST_009068,Treatment,45.61,34.77,55.02,34.42,low,West,Desktop,Premium,5,1
CUST_009069,Treatment,39.73,38.97,41.36,47.27,high,North,Desktop,Basic,7,0
CUST_009070,Treatment,132.76,110.71,123.8,141.27,medium,West,Desktop,Enterprise,13,0
CUST_009071,Treatment,60.52,78.49,73.89,72.93,medium,South,Mobile,Premium,9,0
CUST_009072,Control,14.32,3.8,6.21,9.05,low,North,Desktop,Basic,11,0
CUST_009073,Control,28.26,24.2,40.21,39.55,low,West,Desktop,Basic,1,1
CUST_009074,Control,49.38,40.54,34.22,35.87,high,West,Mobile,Basic,4,1
CUST_009075,Control,28.84,32.91,41.14,19.33,medium,South,Mobile,Premium,13,0
CUST_009076,Treatment,52.12,33.99,43.75,44.48,medium,West,Desktop,Premium,30,0
CUST_009077,Control,4.97,23.11,13.66,24.07,low,East,Desktop,Basic,14,0
CUST_009078,Control,52.33,29.52,45.27,40.61,low,East,Mobile,Basic,14,0
CUST_009079,Treatment,34.48,43.83,29.81,27.7,medium,East,Mobile,Basic,31,0
CUST_009080,Treatment,45.2,43.03,51.64,47.49,medium,East,Tablet,Basic,2,1
CUST_009081,Control,4.66,14.51,40.23,29.51,low,East,Mobile,Basic,1,1
CUST_009082,Treatment,64.71,62.49,80.55,74.92,low,South,Desktop,Enterprise,22,0
CUST_009083,Control,31.18,22.08,7.03,28.02,low,East,Mobile,Basic,16,0
CUST_009084,Treatment,60.44,60.66,73.48,78.2,high,North,Desktop,Basic,1,1
CUST_009085,Control,42.63,24.52,18.34,40.65,low,East,Desktop,Basic,18,0
CUST_009086,Treatment,102.95,108.48,122.15,131.02,high,West,Desktop,Premium,1,1
CUST_009087,Treatment,20.33,45.27,24.97,49.06,medium,West,Desktop,Basic,2,1
CUST_009088,Control,26.61,51.03,45.81,52.74,high,North,Mobile,Basic,3,1
CUST_009089,Treatment,39.74,49.72,44.58,57.05,low,East,Desktop,Premium,7,0
CUST_009090,Control,58.79,69.79,59.48,70.69,low,East,Mobile,Enterprise,12,0
CUST_009091,Treatment,75.44,87.84,86.26,97.43,medium,West,Desktop,Enterprise,1,1
CUST_009092,Control,1.86,9.91,2.86,0.0,low,South,Desktop,Basic,2,1
CUST_009093,Treatment,50.22,60.56,58.18,48.29,low,South,Desktop,Enterprise,3,1
CUST_009094,Control,48.71,40.39,50.26,55.21,low,West,Mobile,Premium,32,0
CUST_009095,Control,89.12,88.32,104.77,104.77,medium,West,Desktop,Enterprise,1,1
CUST_009096,Control,24.41,32.63,38.41,40.27,medium,East,Desktop,Basic,23,0
CUST_009097,Treatment,112.58,120.82,107.46,122.09,low,East,Desktop,Enterprise,10,0
CUST_009098,Treatment,24.63,18.7,25.62,32.92,low,South,Mobile,Basic,16,0
CUST_009099,Treatment,137.1,134.54,146.36,165.68,high,East,Desktop,Premium,15,0
CUST_009100,Control,178.59,177.83,196.24,199.97,medium,East,Desktop,Enterprise,7,0
CUST_009101,Control,46.81,46.53,66.01,64.94,medium,East,Desktop,Premium,40,0
CUST_009102,Treatment,98.62,92.69,101.98,126.82,high,East,Desktop,Premium,51,0
CUST_009103,Control,30.1,29.58,30.05,44.24,low,South,Desktop,Basic,50,0
CUST_009104,Control,22.71,29.86,31.22,30.45,low,East,Desktop,Premium,1,1
CUST_009105,Control,34.98,33.5,39.32,35.22,medium,East,Desktop,Basic,12,0
CUST_009106,Treatment,23.13,21.72,29.77,25.73,low,East,Mobile,Basic,28,0
CUST_009107,Treatment,66.81,81.79,62.9,92.0,medium,West,Desktop,Enterprise,1,1
CUST_009108,Treatment,49.28,40.4,65.22,42.8,medium,South,Mobile,Basic,30,0
CUST_009109,Control,157.08,151.26,159.33,154.22,high,North,Mobile,Enterprise,8,0
CUST_009110,Control,115.45,133.27,142.93,128.97,high,South,Tablet,Enterprise,17,0
CUST_009111,Treatment,27.8,24.35,48.4,35.23,medium,West,Tablet,Basic,39,0
CUST_009112,Control,115.02,117.9,135.42,143.97,high,West,Desktop,Premium,1,1
CUST_009113,Control,30.41,31.66,33.81,32.82,medium,West,Desktop,Basic,25,0
CUST_009114,Treatment,24.28,25.23,28.15,38.09,low,East,Desktop,Premium,17,0
CUST_009115,Control,87.04,99.05,91.81,106.02,medium,North,Tablet,Enterprise,1,1
CUST_009116,Control,43.53,50.67,69.95,53.88,medium,East,Desktop,Basic,18,0
CUST_009117,Treatment,37.12,38.85,46.02,51.32,medium,West,Desktop,Basic,19,0
CUST_009118,Control,48.42,57.84,44.08,34.26,high,East,Desktop,Basic,14,0
CUST_009119,Control,15.34,17.46,21.22,19.86,medium,North,Desktop,Basic,17,0
CUST_009120,Control,53.73,67.12,59.86,64.08,high,West,Desktop,Premium,6,0
CUST_009121,Control,31.11,27.53,21.35,40.77,low,East,Desktop,Premium,5,1
CUST_009122,Treatment,235.44,221.32,240.07,280.82,high,East,Desktop,Enterprise,32,0
CUST_009123,Control,226.97,239.45,258.36,276.27,high,West,Mobile,Enterprise,4,1
CUST_009124,Control,81.82,99.9,105.36,83.64,medium,South,Desktop,Premium,4,1
CUST_009125,Treatment,160.23,165.73,174.13,211.17,high,East,Mobile,Premium,1,1
CUST_009126,Control,102.38,107.8,116.07,106.19,high,South,Desktop,Premium,6,0
CUST_009127,Control,25.03,40.77,40.89,45.34,high,West,Desktop,Basic,2,1
CUST_009128,Treatment,94.19,107.6,109.6,108.32,medium,West,Tablet,Enterprise,4,1
CUST_009129,Control,75.4,80.37,63.34,68.37,medium,East,Desktop,Premium,57,0
CUST_009130,Control,54.23,41.71,54.67,48.47,medium,North,Desktop,Premium,4,1
CUST_009131,Control,9.87,12.74,30.09,6.78,low,East,Desktop,Basic,26,0
CUST_009132,Treatment,120.91,116.47,112.25,121.65,medium,North,Tablet,Enterprise,23,0
CUST_009133,Treatment,19.14,28.42,18.71,26.54,low,North,Mobile,Basic,21,0
CUST_009134,Treatment,21.0,20.79,19.18,32.83,medium,North,Mobile,Basic,9,0
CUST_009135,Control,43.38,68.01,58.37,53.27,low,North,Desktop,Premium,16,0
CUST_009136,Control,12.91,19.4,17.2,22.81,low,South,Desktop,Basic,15,0
CUST_009137,Treatment,131.22,118.75,131.71,150.97,medium,East,Desktop,Enterprise,1,1
CUST_009138,Control,29.67,4.5,23.98,27.38,medium,West,Desktop,Basic,11,0
CUST_009139,Control,68.43,61.34,53.64,69.73,medium,North,Mobile,Basic,18,0
CUST_009140,Treatment,40.19,43.31,31.44,41.98,low,West,Desktop,Premium,27,0
CUST_009141,Treatment,80.0,78.56,96.87,96.15,medium,North,Mobile,Enterprise,17,0
CUST_009142,Treatment,13.64,11.12,22.61,20.6,low,East,Desktop,Basic,10,0
CUST_009143,Control,40.71,44.05,60.07,67.11,low,West,Desktop,Premium,41,0
CUST_009144,Control,26.74,32.08,21.72,28.37,medium,East,Desktop,Basic,28,0
CUST_009145,Control,50.76,47.56,41.88,56.99,high,South,Mobile,Basic,20,0
CUST_009146,Control,25.32,31.38,28.52,32.23,medium,North,Desktop,Basic,9,0
CUST_009147,Treatment,116.42,122.55,135.95,149.72,high,East,Mobile,Enterprise,1,1
CUST_009148,Treatment,78.36,80.21,83.2,98.47,high,North,Mobile,Premium,1,1
CUST_009149,Treatment,127.64,128.92,114.16,158.36,high,East,Desktop,Premium,5,1
CUST_009150,Treatment,41.91,12.42,33.85,47.54,low,East,Mobile,Basic,1,1
CUST_009151,Control,187.56,193.72,208.46,210.28,medium,West,Desktop,Enterprise,4,1
CUST_009152,Control,49.6,50.36,53.97,49.05,medium,East,Desktop,Basic,9,0
CUST_009153,Control,37.69,36.89,33.5,58.04,medium,North,Desktop,Basic,10,0
CUST_009154,Control,122.21,143.15,120.76,147.31,high,West,Mobile,Premium,1,1
CUST_009155,Control,9.5,38.82,35.48,26.73,low,North,Mobile,Basic,3,1
CUST_009156,Treatment,45.24,28.93,25.25,25.16,low,North,Desktop,Basic,16,0
CUST_009157,Control,30.65,27.74,31.46,16.51,low,East,Mobile,Basic,19,0
CUST_009158,Treatment,111.18,109.11,113.61,126.55,high,North,Mobile,Premium,3,1
CUST_009159,Treatment,26.19,38.93,25.05,32.56,medium,North,Desktop,Basic,28,0
CUST_009160,Control,30.11,33.38,41.91,40.63,medium,East,Mobile,Basic,10,0
CUST_009161,Control,160.48,175.6,179.81,185.83,medium,South,Desktop,Enterprise,13,0
CUST_009162,Control,27.83,37.82,34.46,48.52,medium,North,Mobile,Basic,6,0
CUST_009163,Treatment,48.11,39.14,54.45,53.05,medium,West,Desktop,Basic,28,0
CUST_009164,Treatment,62.29,79.22,88.09,100.3,high,East,Desktop,Premium,7,0
CUST_009165,Treatment,212.32,204.88,229.16,251.94,high,South,Desktop,Enterprise,5,1
CUST_009166,Control,46.11,48.32,33.5,32.9,low,North,Tablet,Premium,1,1
CUST_009167,Control,75.04,86.06,86.86,82.3,high,West,Desktop,Premium,15,0
CUST_009168,Control,41.48,55.37,56.99,44.69,low,South,Desktop,Enterprise,24,0
CUST_009169,Treatment,51.91,31.75,43.44,55.74,medium,North,Desktop,Premium,19,0
CUST_009170,Control,126.88,155.69,156.59,154.15,high,West,Tablet,Premium,60,0
CUST_009171,Control,22.08,37.79,37.46,33.5,low,South,Mobile,Basic,1,1
CUST_009172,Control,41.85,32.39,22.74,21.94,medium,East,Desktop,Basic,1,1
CUST_009173,Control,85.67,98.89,103.05,84.57,high,South,Mobile,Premium,22,0
CUST_009174,Control,153.4,174.23,147.19,172.6,medium,North,Desktop,Enterprise,11,0
CUST_009175,Treatment,19.37,10.21,26.04,16.12,low,East,Desktop,Basic,17,0
CUST_009176,Treatment,116.0,113.45,113.02,126.52,low,West,Tablet,Enterprise,1,1
CUST_009177,Control,46.03,59.97,55.01,55.81,low,East,Desktop,Premium,2,1
CUST_009178,Control,71.8,80.86,75.94,72.61,low,East,Desktop,Premium,32,0
CUST_009179,Treatment,101.3,98.8,100.59,115.12,medium,East,Mobile,Premium,10,0
CUST_009180,Control,80.39,81.48,95.2,108.94,high,North,Desktop,Basic,46,0
CUST_009181,Treatment,8.48,12.86,16.51,23.39,medium,East,Mobile,Basic,21,0
CUST_009182,Treatment,30.24,33.67,45.48,38.37,medium,West,Mobile,Premium,9,0
CUST_009183,Treatment,36.53,29.01,35.96,24.64,low,South,Desktop,Premium,1,1
CUST_009184,Control,55.66,57.95,46.48,55.18,medium,South,Desktop,Premium,24,0
CUST_009185,Control,71.28,64.62,67.91,57.65,high,East,Tablet,Basic,11,0
CUST_009186,Treatment,56.77,56.28,67.13,59.4,medium,North,Desktop,Basic,10,0
CUST_009187,Treatment,16.14,27.6,16.28,14.85,low,North,Tablet,Basic,3,1
CUST_009188,Treatment,72.41,73.25,73.68,76.4,low,West,Desktop,Enterprise,1,1
CUST_009189,Control,70.59,61.26,91.94,87.14,high,East,Mobile,Basic,6,0
CUST_009190,Treatment,38.63,29.97,33.52,43.79,medium,West,Tablet,Basic,4,1
CUST_009191,Control,30.84,18.03,23.0,37.46,medium,North,Desktop,Basic,9,0
CUST_009192,Treatment,8.26,16.47,29.37,33.37,medium,West,Desktop,Basic,21,0
CUST_009193,Control,46.06,47.6,55.66,69.52,medium,West,Desktop,Premium,13,0
CUST_009194,Control,9.1,22.07,8.85,23.01,low,West,Desktop,Basic,56,0
CUST_009195,Treatment,45.17,43.6,54.02,75.04,high,West,Desktop,Basic,1,1
CUST_009196,Control,68.92,74.24,85.17,83.15,medium,East,Desktop,Premium,55,0
CUST_009197,Treatment,22.68,28.34,17.04,21.8,low,North,Desktop,Basic,5,1
CUST_009198,Control,30.91,25.17,45.83,18.98,low,West,Desktop,Basic,25,0
CUST_009199,Control,65.8,50.8,51.82,47.14,medium,East,Mobile,Premium,6,0
CUST_009200,Treatment,86.79,104.01,98.59,103.83,medium,West,Mobile,Premium,4,1
CUST_009201,Control,12.0,11.67,23.37,17.43,low,West,Desktop,Basic,3,1
CUST_009202,Treatment,31.38,39.77,51.41,55.16,medium,South,Mobile,Premium,26,0
CUST_009203,Treatment,133.13,131.49,153.01,143.9,low,North,Desktop,Enterprise,3,1
CUST_009204,Control,37.13,38.67,38.96,32.7,high,South,Mobile,Basic,8,0
CUST_009205,Control,29.09,16.38,32.35,26.12,low,East,Desktop,Premium,11,0
CUST_009206,Treatment,38.56,38.34,43.66,43.69,medium,North,Desktop,Basic,1,1
CUST_009207,Control,73.42,75.0,73.64,102.14,medium,South,Desktop,Enterprise,1,1
CUST_009208,Control,73.87,58.31,83.9,78.49,low,South,Mobile,Premium,37,0
CUST_009209,Treatment,63.95,79.69,72.51,95.23,medium,West,Mobile,Enterprise,7,0
CUST_009210,Treatment,22.99,35.99,47.1,39.05,low,South,Mobile,Premium,12,0
CUST_009211,Control,63.92,53.47,69.72,58.65,high,West,Mobile,Basic,31,0
CUST_009212,Control,21.09,13.51,17.89,19.4,low,West,Desktop,Basic,23,0
CUST_009213,Control,27.06,18.77,20.47,23.4,low,West,Desktop,Basic,25,0
CUST_009214,Treatment,103.34,115.43,113.61,126.47,medium,West,Desktop,Premium,5,1
CUST_009215,Control,23.12,26.65,31.97,23.65,low,South,Desktop,Basic,7,0
CUST_009216,Treatment,25.39,33.51,24.49,39.3,low,West,Mobile,Basic,2,1
CUST_009217,Treatment,48.05,33.41,42.94,31.24,medium,East,Desktop,Basic,14,0
CUST_009218,Control,201.59,203.39,196.38,208.2,high,North,Mobile,Enterprise,4,1
CUST_009219,Control,18.71,48.92,38.47,31.22,medium,West,Desktop,Basic,12,0
CUST_009220,Treatment,44.69,47.76,48.37,58.91,medium,East,Mobile,Premium,4,1
CUST_009221,Treatment,68.65,69.0,53.59,74.23,medium,West,Mobile,Premium,37,0
CUST_009222,Control,179.48,188.79,189.56,218.79,high,South,Desktop,Enterprise,1,1
CUST_009223,Control,31.08,26.4,33.35,24.28,medium,North,Tablet,Basic,4,1
CUST_009224,Treatment,54.12,48.24,60.13,75.28,medium,North,Mobile,Premium,3,1
CUST_009225,Control,42.01,40.2,33.97,37.92,high,North,Desktop,Basic,2,1
CUST_009226,Treatment,37.46,65.56,44.83,64.48,high,South,Mobile,Premium,10,0
CUST_009227,Treatment,31.98,38.22,39.2,40.15,medium,West,Mobile,Basic,23,0
CUST_009228,Control,31.96,24.64,26.17,43.17,low,East,Mobile,Basic,24,0
CUST_009229,Treatment,115.93,118.02,125.54,131.4,high,North,Mobile,Premium,13,0
CUST_009230,Control,92.63,126.4,137.99,136.16,medium,South,Mobile,Enterprise,2,1
CUST_009231,Treatment,66.58,83.61,79.83,91.19,high,East,Desktop,Premium,1,1
CUST_009232,Treatment,62.83,67.04,67.69,89.4,medium,East,Mobile,Premium,12,0
CUST_009233,Treatment,26.48,24.75,5.95,12.69,low,South,Mobile,Basic,15,0
CUST_009234,Treatment,59.59,59.47,51.21,58.52,high,South,Desktop,Basic,4,1
CUST_009235,Treatment,13.49,25.7,8.5,5.7,low,East,Desktop,Basic,1,1
CUST_009236,Treatment,95.92,88.64,88.25,105.8,low,East,Desktop,Enterprise,3,1
CUST_009237,Control,68.63,71.06,61.37,77.99,medium,South,Mobile,Enterprise,1,1
CUST_009238,Control,63.41,75.39,85.33,82.09,medium,North,Desktop,Premium,60,0
CUST_009239,Control,65.49,70.32,80.04,81.38,high,East,Desktop,Basic,35,0
CUST_009240,Control,27.91,36.26,41.86,30.4,medium,North,Mobile,Basic,16,0
CUST_009241,Treatment,44.47,40.57,54.42,44.34,medium,West,Mobile,Basic,7,0
CUST_009242,Treatment,51.2,66.88,41.12,59.25,high,East,Tablet,Basic,16,0
CUST_009243,Treatment,63.64,89.14,89.04,93.51,medium,West,Desktop,Premium,9,0
CUST_009244,Control,71.12,77.29,78.89,81.68,medium,West,Tablet,Premium,5,1
CUST_009245,Treatment,77.43,76.83,86.71,78.67,medium,South,Desktop,Premium,17,0
CUST_009246,Control,31.93,3.43,22.91,18.85,medium,West,Mobile,Basic,7,0
CUST_009247,Control,45.3,23.71,58.2,57.09,low,East,Mobile,Premium,17,0
CUST_009248,Treatment,13.8,16.22,9.14,23.32,low,North,Desktop,Basic,32,0
CUST_009249,Treatment,302.14,321.03,318.81,360.75,high,North,Mobile,Enterprise,14,0
CUST_009250,Treatment,13.37,23.41,41.66,33.46,medium,North,Mobile,Basic,12,0
CUST_009251,Control,139.94,122.92,135.11,148.17,low,North,Mobile,Enterprise,26,0
CUST_009252,Treatment,95.56,103.69,82.69,116.5,high,West,Mobile,Premium,25,0
CUST_009253,Treatment,133.08,127.66,165.01,169.13,high,West,Mobile,Premium,6,0
CUST_009254,Treatment,31.05,14.96,18.35,22.04,low,East,Mobile,Basic,9,0
CUST_009255,Treatment,72.95,72.14,74.88,92.48,high,East,Mobile,Basic,3,1
CUST_009256,Control,195.59,214.85,196.39,226.63,medium,West,Desktop,Enterprise,4,1
CUST_009257,Treatment,71.65,74.09,81.57,82.79,medium,North,Desktop,Premium,15,0
CUST_009258,Treatment,33.41,37.81,43.08,40.43,medium,South,Desktop,Premium,10,0
CUST_009259,Control,22.96,16.27,19.25,25.46,low,East,Mobile,Basic,5,1
CUST_009260,Treatment,53.9,54.25,60.3,76.36,medium,North,Desktop,Premium,18,0
CUST_009261,Control,23.18,23.14,7.6,22.87,low,South,Desktop,Basic,60,0
CUST_009262,Control,27.56,45.48,40.78,35.06,low,East,Mobile,Basic,1,1
CUST_009263,Treatment,24.98,29.72,36.06,41.68,medium,North,Tablet,Basic,10,0
CUST_009264,Control,34.8,38.99,31.53,43.36,low,West,Mobile,Premium,3,1
CUST_009265,Control,62.03,42.81,72.47,64.2,medium,West,Desktop,Premium,50,0
CUST_009266,Treatment,65.5,55.87,56.35,69.26,medium,West,Mobile,Basic,60,0
CUST_009267,Control,21.4,17.97,16.42,15.4,low,West,Mobile,Basic,53,0
CUST_009268,Control,47.02,63.3,45.71,49.79,medium,East,Desktop,Basic,21,0
CUST_009269,Control,61.3,54.47,59.98,63.74,medium,West,Mobile,Premium,2,1
CUST_009270,Control,25.47,35.01,19.49,34.32,low,North,Desktop,Premium,2,1
CUST_009271,Treatment,60.86,71.6,64.57,72.46,high,South,Mobile,Premium,19,0
CUST_009272,Treatment,91.02,78.83,82.24,96.52,high,West,Tablet,Basic,2,1
CUST_009273,Treatment,11.39,36.83,3.99,5.9,medium,West,Mobile,Basic,1,1
CUST_009274,Control,27.46,28.92,26.74,13.93,medium,West,Mobile,Basic,6,0
CUST_009275,Control,203.85,221.16,228.46,225.09,medium,North,Desktop,Enterprise,13,0
CUST_009276,Control,44.04,35.83,33.91,26.67,low,North,Mobile,Premium,9,0
CUST_009277,Treatment,46.66,39.07,44.33,45.64,low,East,Desktop,Premium,21,0
CUST_009278,Treatment,35.06,30.66,49.34,44.97,low,South,Desktop,Premium,1,1
CUST_009279,Control,38.14,36.37,24.74,34.16,medium,West,Mobile,Basic,8,0
CUST_009280,Treatment,69.55,67.61,84.15,81.67,medium,West,Mobile,Premium,13,0
CUST_009281,Treatment,46.68,45.77,55.2,51.38,medium,North,Desktop,Premium,4,1
CUST_009282,Control,52.81,65.75,52.3,70.31,medium,North,Desktop,Basic,15,0
CUST_009283,Control,26.56,20.6,18.53,31.76,low,North,Mobile,Basic,6,0
CUST_009284,Treatment,28.48,7.51,34.13,38.09,low,East,Desktop,Premium,1,1
CUST_009285,Treatment,335.54,355.79,358.1,398.11,high,North,Desktop,Enterprise,2,1
CUST_009286,Control,70.72,64.98,63.5,52.58,medium,West,Mobile,Basic,18,0
CUST_009287,Control,77.25,93.07,96.21,85.94,medium,East,Desktop,Premium,8,0
CUST_009288,Control,87.37,82.65,91.91,96.77,low,East,Mobile,Enterprise,4,1
CUST_009289,Control,17.67,34.88,34.84,33.5,low,North,Mobile,Basic,25,0
CUST_009290,Control,14.96,17.15,4.24,24.93,low,North,Mobile,Basic,38,0
CUST_009291,Treatment,15.59,24.61,9.46,21.97,low,East,Desktop,Basic,4,1
CUST_009292,Treatment,23.98,17.71,41.1,18.1,medium,North,Mobile,Basic,12,0
CUST_009293,Control,3.57,11.83,16.72,23.57,medium,North,Desktop,Basic,6,0
CUST_009294,Control,40.75,28.31,33.31,33.6,low,East,Mobile,Basic,2,1
CUST_009295,Control,75.79,93.49,83.07,84.3,low,South,Desktop,Enterprise,55,0
CUST_009296,Control,68.63,58.25,66.82,66.61,medium,West,Desktop,Premium,27,0
CUST_009297,Treatment,75.67,68.11,64.23,77.97,medium,West,Mobile,Premium,6,0
CUST_009298,Treatment,20.47,29.41,40.16,19.27,low,South,Mobile,Basic,32,0
CUST_009299,Treatment,29.45,44.26,50.36,54.73,high,East,Desktop,Basic,42,0
CUST_009300,Treatment,45.27,36.06,26.09,16.24,low,North,Desktop,Basic,11,0
CUST_009301,Treatment,67.94,72.36,73.26,63.77,medium,West,Mobile,Premium,8,0
CUST_009302,Control,51.82,30.77,43.17,67.67,medium,East,Desktop,Premium,8,0
CUST_009303,Control,37.18,44.12,34.08,35.19,medium,East,Desktop,Basic,3,1
CUST_009304,Treatment,25.48,34.33,15.62,37.06,medium,North,Mobile,Basic,12,0
CUST_009305,Control,9.11,22.49,23.87,21.67,low,East,Desktop,Basic,5,1
CUST_009306,Control,59.73,57.84,65.01,60.16,medium,West,Mobile,Premium,21,0
CUST_009307,Treatment,44.26,36.15,22.2,53.31,high,South,Desktop,Basic,4,1
CUST_009308,Treatment,37.61,36.69,29.28,36.9,medium,East,Mobile,Basic,29,0
CUST_009309,Control,43.0,33.32,38.04,48.06,medium,South,Mobile,Basic,4,1
CUST_009310,Control,34.61,45.25,34.99,51.81,low,South,Desktop,Premium,11,0
CUST_009311,Control,7.97,18.84,22.66,17.26,low,South,Desktop,Basic,11,0
CUST_009312,Control,49.51,49.89,45.45,43.85,medium,East,Desktop,Basic,1,1
CUST_009313,Treatment,123.95,140.09,135.42,167.5,medium,North,Tablet,Enterprise,1,1
CUST_009314,Control,123.46,113.42,104.26,122.85,high,West,Desktop,Premium,6,0
CUST_009315,Treatment,134.14,141.58,149.27,156.83,medium,North,Mobile,Enterprise,2,1
CUST_009316,Treatment,26.78,28.5,27.93,22.31,medium,North,Mobile,Basic,4,1
CUST_009317,Control,71.45,61.8,76.78,79.02,high,West,Tablet,Premium,26,0
CUST_009318,Treatment,30.91,46.25,28.78,37.85,high,East,Mobile,Basic,15,0
CUST_009319,Treatment,16.56,33.88,12.98,20.03,medium,East,Desktop,Basic,10,0
CUST_009320,Treatment,35.81,18.98,21.57,39.57,low,East,Mobile,Basic,10,0
CUST_009321,Treatment,21.83,0.5,13.13,24.96,low,West,Mobile,Basic,5,1
CUST_009322,Control,97.23,109.56,106.39,105.75,medium,West,Desktop,Enterprise,4,1
CUST_009323,Control,30.04,21.09,6.77,29.54,low,East,Desktop,Basic,37,0
CUST_009324,Treatment,26.42,34.57,37.39,42.33,low,West,Desktop,Premium,2,1
CUST_009325,Control,27.24,28.84,9.93,20.42,medium,East,Mobile,Basic,4,1
CUST_009326,Control,22.76,33.89,35.38,44.18,medium,North,Desktop,Basic,25,0
CUST_009327,Control,21.33,24.65,3.66,22.3,low,North,Desktop,Basic,17,0
CUST_009328,Control,31.87,36.4,32.82,27.09,high,North,Tablet,Basic,60,0
CUST_009329,Control,156.52,158.13,163.29,160.49,low,North,Mobile,Enterprise,19,0
CUST_009330,Control,62.75,84.83,69.66,65.95,high,East,Mobile,Premium,6,0
CUST_009331,Treatment,37.8,32.39,25.02,21.15,medium,North,Desktop,Basic,12,0
CUST_009332,Control,30.5,33.57,21.72,29.15,low,South,Mobile,Premium,13,0
CUST_009333,Control,23.91,19.79,6.1,20.78,medium,East,Desktop,Basic,13,0
CUST_009334,Treatment,59.65,49.61,57.99,76.41,low,West,Mobile,Premium,43,0
CUST_009335,Control,20.25,16.73,13.29,27.71,low,East,Desktop,Basic,7,0
CUST_009336,Treatment,143.2,143.22,134.5,172.28,medium,East,Desktop,Enterprise,1,1
CUST_009337,Treatment,33.38,38.19,24.53,39.51,low,North,Desktop,Premium,1,1
CUST_009338,Treatment,92.73,85.31,116.39,98.37,low,West,Desktop,Enterprise,1,1
CUST_009339,Treatment,21.74,29.07,26.37,26.3,medium,West,Mobile,Basic,4,1
CUST_009340,Treatment,19.97,33.91,29.26,22.14,medium,East,Desktop,Basic,1,1
CUST_009341,Control,39.56,41.23,52.81,42.6,low,East,Desktop,Premium,18,0
CUST_009342,Treatment,15.73,36.85,17.58,19.5,medium,East,Desktop,Basic,27,0
CUST_009343,Treatment,84.57,82.8,95.07,111.59,medium,East,Mobile,Premium,36,0
CUST_009344,Treatment,107.32,100.73,111.02,148.07,high,North,Desktop,Premium,50,0
CUST_009345,Treatment,32.2,19.43,22.33,33.06,low,North,Desktop,Basic,2,1
CUST_009346,Treatment,77.28,92.93,88.47,99.8,low,East,Desktop,Enterprise,7,0
CUST_009347,Control,51.71,45.6,38.96,58.85,high,North,Desktop,Basic,4,1
CUST_009348,Control,22.63,38.09,21.05,28.81,low,East,Mobile,Basic,7,0
CUST_009349,Control,43.2,42.66,46.81,36.21,medium,North,Mobile,Basic,12,0
CUST_009350,Control,33.95,36.1,31.91,38.73,medium,North,Desktop,Basic,12,0
CUST_009351,Control,11.55,0.0,28.32,19.02,low,West,Mobile,Basic,5,1
CUST_009352,Treatment,114.56,110.44,118.18,120.88,low,East,Mobile,Enterprise,4,1
CUST_009353,Treatment,35.31,37.15,26.88,47.3,medium,North,Mobile,Basic,27,0
CUST_009354,Control,32.36,43.41,47.51,39.84,high,West,Tablet,Basic,1,1
CUST_009355,Treatment,43.37,63.82,67.43,70.34,low,East,Mobile,Premium,23,0
CUST_009356,Treatment,27.45,56.17,47.88,53.44,medium,West,Desktop,Premium,28,0
CUST_009357,Treatment,35.67,29.06,37.17,45.75,medium,West,Desktop,Basic,60,0
CUST_009358,Control,6.56,26.45,10.14,20.18,medium,North,Desktop,Basic,1,1
CUST_009359,Control,42.03,44.45,47.18,47.75,low,North,Desktop,Premium,6,0
CUST_009360,Treatment,28.97,12.26,10.19,32.08,low,West,Desktop,Basic,1,1
CUST_009361,Treatment,14.4,9.55,6.79,38.07,medium,West,Tablet,Basic,8,0
CUST_009362,Treatment,89.69,74.67,92.2,74.64,medium,North,Desktop,Premium,5,1
CUST_009363,Control,37.03,28.1,41.24,23.63,low,South,Mobile,Premium,12,0
CUST_009364,Treatment,11.76,20.06,21.3,25.09,low,North,Mobile,Basic,38,0
CUST_009365,Control,18.88,8.21,6.78,22.39,medium,South,Desktop,Basic,5,1
CUST_009366,Treatment,44.32,34.04,37.55,41.44,low,West,Mobile,Basic,11,0
CUST_009367,Control,36.79,37.22,40.72,38.19,high,North,Mobile,Basic,32,0
CUST_009368,Treatment,233.44,248.72,233.71,274.13,high,West,Mobile,Enterprise,16,0
CUST_009369,Control,30.67,35.59,32.7,45.67,low,East,Desktop,Basic,14,0
CUST_009370,Control,97.82,83.12,115.73,111.26,medium,North,Mobile,Premium,3,1
CUST_009371,Control,26.27,35.23,36.06,39.65,low,East,Desktop,Basic,24,0
CUST_009372,Treatment,0.0,17.19,9.06,38.18,low,East,Desktop,Basic,22,0
CUST_009373,Control,25.51,9.56,28.11,32.4,medium,North,Tablet,Basic,1,1
CUST_009374,Treatment,68.73,63.69,72.42,84.42,medium,North,Desktop,Basic,16,0
CUST_009375,Control,206.78,213.68,224.13,226.84,high,West,Desktop,Enterprise,9,0
CUST_009376,Treatment,61.3,53.1,49.18,75.17,low,East,Desktop,Premium,14,0
CUST_009377,Control,44.05,39.76,47.05,36.21,low,South,Mobile,Premium,10,0
CUST_009378,Control,76.05,76.49,70.96,90.51,high,South,Tablet,Premium,31,0
CUST_009379,Treatment,20.03,22.6,38.71,21.11,medium,North,Desktop,Basic,12,0
CUST_009380,Control,48.85,37.11,44.78,36.4,low,West,Tablet,Premium,15,0
CUST_009381,Control,107.15,129.76,123.35,138.28,low,West,Desktop,Enterprise,1,1
CUST_009382,Treatment,58.27,59.13,57.9,56.21,low,East,Desktop,Premium,7,0
CUST_009383,Treatment,10.06,10.87,19.55,23.77,medium,North,Mobile,Basic,2,1
CUST_009384,Control,18.49,21.39,21.91,25.83,medium,North,Mobile,Basic,56,0
CUST_009385,Treatment,38.16,43.9,39.0,50.2,low,North,Desktop,Premium,4,1
CUST_009386,Treatment,30.02,27.07,26.24,22.49,low,West,Mobile,Basic,4,1
CUST_009387,Control,48.01,44.7,47.65,29.16,high,North,Mobile,Basic,3,1
CUST_009388,Control,43.98,62.27,56.96,49.83,medium,South,Mobile,Premium,9,0
CUST_009389,Treatment,72.84,61.39,57.64,75.14,high,East,Mobile,Basic,2,1
CUST_009390,Control,60.39,63.24,61.64,80.34,low,South,Desktop,Premium,17,0
CUST_009391,Treatment,73.53,68.92,68.35,87.79,high,East,Tablet,Basic,3,1
CUST_009392,Control,40.28,32.5,32.71,20.29,medium,South,Mobile,Basic,43,0
CUST_009393,Treatment,19.75,27.64,30.15,36.82,medium,West,Desktop,Basic,19,0
CUST_009394,Treatment,99.43,85.32,90.31,113.97,medium,East,Mobile,Premium,20,0
CUST_009395,Treatment,27.64,21.71,33.94,27.5,low,East,Desktop,Basic,2,1
CUST_009396,Control,34.78,32.01,36.27,41.95,high,West,Desktop,Basic,1,1
CUST_009397,Control,39.3,35.52,27.36,40.33,low,South,Tablet,Basic,13,0
CUST_009398,Treatment,47.87,46.08,58.4,55.41,low,South,Desktop,Enterprise,3,1
CUST_009399,Treatment,42.04,46.87,62.64,62.95,medium,North,Desktop,Premium,2,1
CUST_009400,Control,41.45,55.46,43.08,57.16,low,East,Desktop,Premium,13,0
CUST_009401,Control,39.78,31.95,37.68,33.34,medium,South,Mobile,Basic,3,1
CUST_009402,Control,62.8,45.5,56.64,42.47,high,East,Mobile,Basic,3,1
CUST_009403,Control,70.89,63.85,66.91,71.29,medium,West,Mobile,Premium,1,1
CUST_009404,Treatment,44.27,54.55,40.44,36.24,low,North,Mobile,Premium,5,1
CUST_009405,Control,91.13,92.44,85.71,112.4,low,East,Mobile,Premium,4,1
CUST_009406,Control,249.77,241.7,271.3,278.88,high,North,Desktop,Enterprise,43,0
CUST_009407,Control,119.15,130.21,128.69,128.39,low,East,Desktop,Enterprise,17,0
CUST_009408,Control,39.03,44.11,36.81,55.5,medium,East,Desktop,Basic,25,0
CUST_009409,Control,58.28,47.35,53.49,49.35,medium,East,Tablet,Premium,1,1
CUST_009410,Treatment,60.7,79.79,67.86,61.61,medium,East,Mobile,Premium,29,0
CUST_009411,Treatment,49.99,66.47,71.89,68.42,high,East,Desktop,Premium,5,1
CUST_009412,Treatment,77.83,77.59,87.68,87.48,high,West,Desktop,Premium,23,0
CUST_009413,Control,113.96,123.84,112.0,127.55,medium,West,Desktop,Premium,9,0
CUST_009414,Control,72.89,59.95,62.56,54.7,low,East,Desktop,Premium,5,1
CUST_009415,Treatment,123.9,105.75,112.41,127.48,medium,East,Desktop,Enterprise,5,1
CUST_009416,Control,59.82,69.91,70.14,66.6,medium,East,Desktop,Premium,1,1
CUST_009417,Control,90.37,92.12,115.45,112.66,high,North,Mobile,Premium,8,0
CUST_009418,Control,129.01,146.44,146.0,164.69,high,South,Desktop,Enterprise,45,0
CUST_009419,Treatment,17.89,26.18,26.03,17.01,low,North,Mobile,Basic,33,0
CUST_009420,Control,40.06,28.26,34.91,45.46,medium,North,Desktop,Premium,8,0
CUST_009421,Treatment,37.55,37.78,35.07,42.2,medium,South,Desktop,Basic,2,1
CUST_009422,Treatment,53.6,43.4,59.98,58.43,low,North,Tablet,Premium,22,0
CUST_009423,Control,107.07,96.27,100.89,108.95,medium,West,Mobile,Enterprise,14,0
CUST_009424,Control,30.82,28.72,25.51,26.06,medium,East,Mobile,Basic,30,0
CUST_009425,Control,105.25,97.18,109.32,105.75,high,South,Desktop,Enterprise,4,1
CUST_009426,Control,11.27,4.28,19.95,17.1,medium,East,Desktop,Basic,2,1
CUST_009427,Treatment,72.32,96.75,80.15,124.35,high,East,Desktop,Premium,38,0
CUST_009428,Control,48.89,68.79,61.21,67.14,medium,East,Desktop,Premium,21,0
CUST_009429,Treatment,84.67,83.52,89.88,100.77,high,East,Desktop,Basic,34,0
CUST_009430,Control,14.65,23.27,29.88,18.43,medium,West,Desktop,Basic,17,0
CUST_009431,Control,67.69,60.44,55.09,70.34,high,East,Desktop,Premium,37,0
CUST_009432,Control,51.86,54.01,60.93,49.9,high,North,Desktop,Basic,9,0
CUST_009433,Control,50.85,50.82,42.56,53.88,low,North,Mobile,Premium,3,1
CUST_009434,Control,95.98,92.89,103.02,91.14,low,South,Desktop,Enterprise,26,0
CUST_009435,Treatment,8.91,25.4,5.97,22.21,medium,East,Desktop,Basic,28,0
CUST_009436,Treatment,89.54,99.65,88.79,104.8,medium,East,Desktop,Enterprise,2,1
CUST_009437,Control,13.34,21.51,20.18,18.38,low,South,Mobile,Basic,12,0
CUST_009438,Treatment,45.8,40.7,44.22,34.24,low,South,Mobile,Premium,12,0
CUST_009439,Treatment,15.47,32.25,17.69,25.79,medium,South,Desktop,Basic,6,0
CUST_009440,Treatment,143.53,148.11,158.19,174.57,low,South,Mobile,Enterprise,1,1
CUST_009441,Treatment,30.05,33.35,33.45,39.22,high,West,Desktop,Basic,10,0
CUST_009442,Treatment,71.96,93.58,95.11,93.85,medium,East,Desktop,Enterprise,28,0
CUST_009443,Treatment,24.85,37.34,37.48,33.75,high,North,Mobile,Basic,35,0
CUST_009444,Control,29.1,27.06,49.03,47.1,medium,East,Mobile,Basic,4,1
CUST_009445,Control,72.15,68.82,61.52,68.89,high,East,Desktop,Premium,17,0
CUST_009446,Treatment,30.03,49.73,41.77,38.87,medium,East,Mobile,Premium,27,0
CUST_009447,Treatment,26.91,7.17,6.57,31.82,medium,West,Desktop,Basic,1,1
CUST_009448,Control,31.46,61.72,48.77,56.76,medium,East,Mobile,Basic,10,0
CUST_009449,Control,84.98,81.06,85.96,90.43,low,West,Mobile,Enterprise,7,0
CUST_009450,Control,24.68,30.31,26.48,42.06,low,East,Desktop,Basic,17,0
CUST_009451,Treatment,76.37,79.84,66.72,109.42,high,West,Tablet,Premium,8,0
CUST_009452,Treatment,99.19,113.61,88.89,141.66,medium,East,Tablet,Enterprise,19,0
CUST_009453,Treatment,23.29,27.16,20.73,35.19,low,East,Desktop,Basic,2,1
CUST_009454,Treatment,23.21,28.64,49.01,59.53,medium,East,Mobile,Basic,8,0
CUST_009455,Treatment,70.72,80.57,81.1,92.96,high,East,Mobile,Premium,6,0
CUST_009456,Treatment,31.23,30.26,42.15,28.55,low,West,Desktop,Premium,11,0
CUST_009457,Treatment,77.88,99.61,100.93,100.52,low,West,Mobile,Enterprise,3,1
CUST_009458,Control,56.05,56.2,49.02,45.57,medium,North,Tablet,Premium,1,1
CUST_009459,Control,16.12,32.29,38.58,20.13,low,North,Desktop,Basic,6,0
CUST_009460,Treatment,25.38,43.15,38.07,40.67,medium,North,Mobile,Basic,1,1
CUST_009461,Treatment,27.37,52.18,43.85,37.7,medium,West,Desktop,Premium,49,0
CUST_009462,Control,90.38,121.5,111.35,125.66,medium,South,Desktop,Premium,9,0
CUST_009463,Treatment,39.38,25.53,32.81,30.74,medium,South,Tablet,Basic,1,1
CUST_009464,Control,26.83,19.93,30.8,21.98,low,North,Mobile,Basic,6,0
CUST_009465,Treatment,44.26,17.5,15.55,42.59,low,East,Desktop,Basic,33,0
CUST_009466,Treatment,49.08,46.82,50.66,69.73,medium,South,Tablet,Premium,11,0
CUST_009467,Treatment,45.69,31.6,60.74,49.48,medium,West,Mobile,Basic,25,0
CUST_009468,Control,83.02,80.01,84.98,95.04,medium,North,Mobile,Enterprise,29,0
CUST_009469,Treatment,23.61,33.36,35.7,32.67,low,East,Mobile,Basic,4,1
CUST_009470,Treatment,43.38,44.95,59.29,58.98,low,West,Desktop,Premium,4,1
CUST_009471,Treatment,125.13,138.55,151.83,145.9,medium,North,Desktop,Premium,1,1
CUST_009472,Control,109.64,117.74,129.43,133.34,medium,West,Mobile,Enterprise,10,0
CUST_009473,Treatment,57.15,44.15,54.51,71.81,medium,West,Mobile,Basic,60,0
CUST_009474,Control,24.9,16.15,7.65,16.59,medium,East,Mobile,Basic,3,1
CUST_009475,Treatment,32.36,7.85,22.06,30.38,medium,East,Desktop,Basic,1,1
CUST_009476,Control,24.66,37.99,31.83,39.67,low,North,Mobile,Basic,24,0
CUST_009477,Treatment,29.85,29.12,25.91,28.34,medium,West,Desktop,Basic,4,1
CUST_009478,Treatment,39.02,30.29,41.44,29.26,medium,West,Desktop,Basic,1,1
CUST_009479,Treatment,37.63,64.33,49.69,34.82,medium,South,Mobile,Premium,56,0
CUST_009480,Control,14.55,5.12,10.43,23.98,medium,North,Desktop,Basic,11,0
CUST_009481,Control,77.36,88.11,75.3,91.78,medium,North,Desktop,Premium,14,0
CUST_009482,Treatment,107.23,102.09,122.66,120.39,high,North,Desktop,Premium,5,1
CUST_009483,Treatment,130.06,135.5,149.5,159.72,high,West,Mobile,Premium,24,0
CUST_009484,Treatment,40.19,44.92,27.35,56.33,medium,East,Desktop,Basic,19,0
CUST_009485,Treatment,45.52,37.17,41.23,57.47,high,East,Mobile,Basic,27,0
CUST_009486,Control,56.95,49.38,53.78,55.48,low,East,Mobile,Premium,13,0
CUST_009487,Treatment,28.2,40.14,40.81,45.66,low,East,Mobile,Premium,5,1
CUST_009488,Control,51.68,60.27,62.16,61.45,medium,East,Desktop,Premium,13,0
CUST_009489,Control,50.98,51.79,64.58,64.08,medium,South,Tablet,Premium,1,1
CUST_009490,Control,21.76,23.85,25.25,26.2,low,West,Desktop,Premium,5,1
CUST_009491,Control,18.33,23.63,34.84,43.78,medium,North,Desktop,Basic,16,0
CUST_009492,Control,54.24,43.33,50.08,46.59,medium,North,Desktop,Basic,1,1
CUST_009493,Treatment,41.21,34.12,45.21,63.02,low,West,Desktop,Premium,5,1
CUST_009494,Treatment,67.1,61.94,59.36,70.67,medium,West,Desktop,Premium,4,1
CUST_009495,Control,72.57,72.24,91.38,80.69,high,East,Mobile,Basic,3,1
CUST_009496,Treatment,21.69,16.73,27.94,0.0,low,West,Desktop,Basic,1,1
CUST_009497,Control,25.53,18.32,0.27,11.17,low,North,Desktop,Basic,6,0
CUST_009498,Control,23.15,26.51,33.7,43.94,high,East,Mobile,Basic,1,1
CUST_009499,Control,73.52,54.65,78.19,75.51,medium,East,Mobile,Premium,22,0
CUST_009500,Treatment,26.83,27.0,31.37,29.42,low,East,Mobile,Basic,3,1
CUST_009501,Control,49.02,62.4,59.33,55.03,medium,West,Tablet,Premium,6,0
CUST_009502,Treatment,70.04,68.04,64.12,81.89,high,East,Tablet,Premium,9,0
CUST_009503,Treatment,50.8,67.02,69.51,67.08,medium,North,Desktop,Premium,1,1
CUST_009504,Treatment,100.6,100.73,121.73,121.24,medium,North,Mobile,Premium,4,1
CUST_009505,Treatment,230.89,238.61,261.08,289.32,high,North,Desktop,Enterprise,8,0
CUST_009506,Treatment,96.34,99.76,91.13,99.01,medium,West,Mobile,Premium,10,0
CUST_009507,Treatment,71.47,72.33,72.31,63.67,medium,West,Mobile,Premium,10,0
CUST_009508,Treatment,259.7,256.26,257.95,341.85,high,East,Mobile,Enterprise,14,0
CUST_009509,Treatment,49.7,49.01,54.09,45.08,low,North,Desktop,Premium,13,0
CUST_009510,Control,39.39,51.45,50.8,57.9,medium,East,Desktop,Basic,2,1
CUST_009511,Treatment,42.79,62.13,83.16,72.45,high,North,Mobile,Premium,4,1
CUST_009512,Treatment,41.56,54.72,46.84,68.7,medium,East,Desktop,Premium,8,0
CUST_009513,Treatment,78.87,81.36,101.58,107.46,medium,South,Mobile,Premium,10,0
CUST_009514,Control,49.33,54.41,54.56,64.93,medium,West,Mobile,Premium,6,0
CUST_009515,Control,26.22,21.48,26.53,30.0,medium,South,Mobile,Basic,15,0
CUST_009516,Control,22.46,34.21,38.54,48.21,medium,East,Mobile,Basic,41,0
CUST_009517,Control,66.55,59.66,54.12,62.51,high,North,Mobile,Premium,20,0
CUST_009518,Control,112.3,120.24,121.75,130.26,high,South,Desktop,Enterprise,7,0
CUST_009519,Control,39.58,45.62,25.0,39.19,low,South,Mobile,Premium,1,1
CUST_009520,Treatment,84.67,102.29,81.59,107.18,high,North,Desktop,Premium,18,0
CUST_009521,Treatment,71.81,104.38,103.61,118.31,high,East,Desktop,Premium,4,1
CUST_009522,Control,15.94,17.55,20.7,17.68,low,East,Mobile,Basic,4,1
CUST_009523,Treatment,27.34,35.36,48.38,32.74,high,North,Desktop,Basic,35,0
CUST_009524,Treatment,13.23,21.68,26.34,23.94,medium,South,Desktop,Basic,3,1
CUST_009525,Control,101.0,110.04,120.83,115.94,high,West,Desktop,Premium,3,1
CUST_009526,Control,88.54,85.24,101.79,97.78,medium,East,Mobile,Enterprise,31,0
CUST_009527,Control,12.68,5.48,29.64,17.94,medium,North,Desktop,Basic,15,0
CUST_009528,Control,50.18,36.56,45.82,45.06,medium,West,Tablet,Basic,7,0
CUST_009529,Control,68.16,62.86,57.49,51.32,high,South,Tablet,Basic,27,0
CUST_009530,Treatment,112.75,105.09,117.11,109.44,low,South,Desktop,Enterprise,1,1
CUST_009531,Control,89.26,103.87,103.14,114.63,high,North,Mobile,Premium,6,0
CUST_009532,Control,54.71,57.96,56.65,62.4,medium,East,Mobile,Premium,6,0
CUST_009533,Control,160.83,153.18,169.5,177.19,medium,North,Desktop,Enterprise,7,0
CUST_009534,Treatment,34.53,26.91,34.73,49.81,medium,East,Desktop,Basic,3,1
CUST_009535,Treatment,66.33,77.53,58.49,62.4,medium,South,Mobile,Premium,23,0
CUST_009536,Treatment,12.22,9.97,2.23,4.42,low,South,Desktop,Basic,5,1
CUST_009537,Control,21.92,41.06,27.19,19.72,low,North,Desktop,Basic,21,0
CUST_009538,Control,62.31,65.23,64.07,75.38,low,East,Desktop,Enterprise,4,1
CUST_009539,Treatment,28.59,43.71,36.47,47.71,medium,North,Mobile,Basic,57,0
CUST_009540,Treatment,92.88,101.07,98.53,118.19,medium,West,Desktop,Enterprise,3,1
CUST_009541,Treatment,11.05,4.03,10.67,16.55,medium,North,Desktop,Basic,34,0
CUST_009542,Control,40.16,32.48,36.91,49.37,medium,East,Mobile,Basic,9,0
CUST_009543,Control,78.17,81.89,98.79,102.01,low,North,Desktop,Enterprise,38,0
CUST_009544,Control,47.03,49.08,41.1,51.11,medium,East,Desktop,Basic,1,1
CUST_009545,Treatment,30.85,38.98,22.35,30.01,medium,East,Mobile,Basic,4,1
CUST_009546,Control,90.17,118.27,107.84,108.1,high,East,Mobile,Premium,5,1
CUST_009547,Treatment,53.64,42.36,44.11,52.42,medium,South,Mobile,Premium,17,0
CUST_009548,Control,49.19,48.27,41.21,34.43,low,North,Desktop,Basic,50,0
CUST_009549,Control,55.29,36.65,49.96,49.26,medium,North,Mobile,Basic,10,0
CUST_009550,Treatment,24.66,10.11,27.33,29.47,medium,West,Mobile,Premium,60,0
CUST_009551,Treatment,10.48,20.78,7.25,15.64,low,North,Mobile,Basic,7,0
CUST_009552,Control,24.67,21.62,24.69,24.09,low,West,Desktop,Basic,10,0
CUST_009553,Control,29.44,25.1,30.14,31.9,low,East,Desktop,Premium,20,0
CUST_009554,Control,19.16,35.08,33.84,22.51,medium,East,Desktop,Basic,1,1
CUST_009555,Control,33.24,20.32,31.94,19.75,low,North,Desktop,Basic,8,0
CUST_009556,Control,109.65,113.91,99.39,105.82,medium,North,Mobile,Enterprise,38,0
CUST_009557,Treatment,41.88,30.99,39.65,33.07,high,East,Desktop,Basic,60,0
CUST_009558,Control,145.48,131.45,151.64,149.14,medium,South,Desktop,Premium,3,1
CUST_009559,Control,97.97,113.88,120.45,136.89,high,South,Mobile,Premium,12,0
CUST_009560,Control,32.01,31.75,12.78,15.27,low,West,Mobile,Basic,11,0
CUST_009561,Control,14.42,24.96,12.58,28.06,low,North,Desktop,Basic,30,0
CUST_009562,Treatment,38.77,41.43,41.67,44.89,medium,North,Desktop,Basic,1,1
CUST_009563,Treatment,100.54,98.81,115.59,114.15,medium,South,Mobile,Enterprise,5,1
CUST_009564,Control,65.89,75.98,58.38,47.18,medium,South,Desktop,Enterprise,19,0
CUST_009565,Treatment,62.5,60.55,63.03,66.6,high,North,Tablet,Basic,5,1
CUST_009566,Control,129.3,121.27,123.0,130.7,high,South,Mobile,Premium,27,0
CUST_009567,Control,78.5,65.77,80.91,76.65,medium,West,Mobile,Premium,22,0
CUST_009568,Control,14.43,29.38,24.27,22.98,medium,East,Tablet,Basic,3,1
CUST_009569,Control,52.63,56.46,55.2,45.86,medium,East,Mobile,Premium,17,0
CUST_009570,Control,29.62,16.56,14.02,19.07,low,West,Mobile,Basic,13,0
CUST_009571,Treatment,32.03,44.31,39.58,42.74,medium,West,Mobile,Basic,1,1
CUST_009572,Treatment,39.86,18.86,38.84,28.34,medium,West,Desktop,Basic,10,0
CUST_009573,Control,33.28,47.55,41.33,35.06,medium,South,Desktop,Basic,17,0
CUST_009574,Treatment,69.21,75.76,89.58,81.88,medium,East,Desktop,Premium,10,0
CUST_009575,Control,14.45,18.82,23.62,24.8,low,East,Mobile,Basic,2,1
CUST_009576,Treatment,35.24,41.96,48.86,53.74,high,South,Desktop,Basic,4,1
CUST_009577,Control,20.14,13.68,5.74,4.02,low,South,Mobile,Basic,4,1
CUST_009578,Treatment,31.93,20.73,11.86,22.66,medium,East,Desktop,Basic,24,0
CUST_009579,Control,114.49,111.05,126.4,126.15,medium,South,Mobile,Premium,29,0
CUST_009580,Treatment,30.79,38.79,34.23,35.0,low,West,Desktop,Basic,10,0
CUST_009581,Control,94.22,96.96,94.29,87.82,high,North,Desktop,Premium,8,0
CUST_009582,Control,45.15,36.51,40.0,58.76,low,North,Desktop,Premium,16,0
CUST_009583,Control,44.42,38.05,51.67,48.67,high,West,Mobile,Basic,48,0
CUST_009584,Treatment,17.35,22.73,25.28,28.16,low,North,Desktop,Basic,13,0
CUST_009585,Treatment,44.71,64.05,83.7,67.11,medium,West,Desktop,Premium,3,1
CUST_009586,Control,39.86,49.13,36.38,36.97,low,East,Mobile,Basic,12,0
CUST_009587,Treatment,39.29,15.94,29.85,31.07,high,South,Desktop,Basic,1,1
CUST_009588,Control,62.0,91.04,74.59,94.3,low,West,Mobile,Premium,3,1
CUST_009589,Treatment,93.19,97.94,100.54,108.02,high,North,Tablet,Premium,10,0
CUST_009590,Control,56.43,44.8,67.07,64.52,medium,West,Desktop,Premium,21,0
CUST_009591,Control,25.99,12.38,34.26,23.97,low,East,Desktop,Basic,3,1
CUST_009592,Treatment,11.48,18.79,4.96,28.96,low,South,Desktop,Basic,35,0
CUST_009593,Control,20.47,26.76,13.08,19.24,low,West,Mobile,Basic,1,1
CUST_009594,Treatment,39.93,35.49,43.11,46.66,low,South,Mobile,Premium,19,0
CUST_009595,Treatment,32.19,41.18,21.91,57.77,high,East,Mobile,Basic,16,0
CUST_009596,Control,10.1,22.24,35.1,27.11,low,East,Desktop,Basic,4,1
CUST_009597,Treatment,41.44,44.99,51.17,53.62,low,North,Desktop,Premium,3,1
CUST_009598,Control,209.9,211.74,228.14,230.64,high,South,Desktop,Enterprise,29,0
CUST_009599,Treatment,65.29,75.36,70.57,76.9,medium,East,Mobile,Premium,26,0
CUST_009600,Control,60.62,51.15,52.54,73.59,medium,North,Mobile,Premium,3,1
CUST_009601,Control,10.11,17.35,5.51,16.52,low,East,Desktop,Basic,5,1
CUST_009602,Control,11.51,10.47,17.0,16.98,medium,South,Desktop,Basic,33,0
CUST_009603,Control,16.05,11.9,24.88,20.81,low,West,Mobile,Basic,8,0
CUST_009604,Control,7.77,28.63,17.7,30.7,low,North,Desktop,Basic,1,1
CUST_009605,Treatment,81.33,86.52,73.65,100.5,low,East,Mobile,Premium,21,0
CUST_009606,Control,37.13,44.92,40.02,57.09,high,South,Tablet,Basic,15,0
CUST_009607,Treatment,39.4,36.2,57.25,48.3,low,North,Desktop,Basic,1,1
CUST_009608,Control,75.97,72.99,72.56,74.77,low,West,Mobile,Enterprise,1,1
CUST_009609,Control,84.52,80.25,86.75,97.37,medium,East,Tablet,Premium,11,0
CUST_009610,Control,33.56,32.18,30.19,32.3,high,East,Mobile,Basic,22,0
CUST_009611,Treatment,24.9,32.68,33.39,29.93,low,East,Mobile,Premium,19,0
CUST_009612,Treatment,35.57,55.39,42.07,48.74,low,West,Desktop,Premium,1,1
CUST_009613,Treatment,16.54,18.2,18.05,1.38,low,West,Mobile,Basic,14,0
CUST_009614,Control,36.18,68.45,48.7,34.92,high,South,Desktop,Basic,14,0
CUST_009615,Control,85.0,85.31,72.49,86.65,high,West,Mobile,Premium,4,1
CUST_009616,Treatment,75.76,76.15,70.41,84.71,medium,East,Tablet,Premium,5,1
CUST_009617,Treatment,60.41,46.81,39.66,31.55,medium,North,Desktop,Basic,5,1
CUST_009618,Control,15.12,2.14,4.22,14.84,low,South,Desktop,Basic,4,1
CUST_009619,Control,22.54,12.74,25.11,25.64,medium,West,Tablet,Basic,24,0
CUST_009620,Treatment,32.0,35.61,26.85,33.79,low,North,Desktop,Basic,19,0
CUST_009621,Treatment,247.96,253.06,262.91,304.69,high,East,Mobile,Enterprise,5,1
CUST_009622,Control,58.13,57.11,57.5,73.24,medium,West,Desktop,Basic,4,1
CUST_009623,Control,79.48,80.1,96.4,95.21,medium,East,Desktop,Enterprise,1,1
CUST_009624,Control,75.5,79.86,83.0,84.31,high,West,Desktop,Basic,1,1
CUST_009625,Control,168.74,189.22,181.8,180.61,high,West,Mobile,Enterprise,2,1
CUST_009626,Control,27.62,43.97,35.14,36.03,high,East,Tablet,Basic,18,0
CUST_009627,Treatment,107.73,100.94,116.66,123.15,low,North,Desktop,Enterprise,15,0
CUST_009628,Treatment,43.7,39.31,37.3,43.37,low,South,Desktop,Premium,17,0
CUST_009629,Control,30.73,38.27,37.01,45.3,high,North,Mobile,Basic,4,1
CUST_009630,Control,49.81,52.29,71.94,64.98,medium,West,Mobile,Premium,8,0
CUST_009631,Control,63.68,63.59,60.67,63.99,medium,West,Mobile,Premium,51,0
CUST_009632,Control,14.41,14.06,13.32,15.0,low,West,Tablet,Basic,10,0
CUST_009633,Treatment,20.34,34.2,41.91,24.99,low,East,Tablet,Premium,11,0
CUST_009634,Control,21.65,29.74,14.9,26.44,low,North,Desktop,Basic,5,1
CUST_009635,Control,30.54,34.5,11.47,23.21,low,South,Desktop,Basic,14,0
CUST_009636,Treatment,24.47,26.65,37.19,17.45,low,South,Mobile,Basic,2,1
CUST_009637,Control,104.79,111.4,119.55,118.7,medium,North,Desktop,Enterprise,1,1
CUST_009638,Treatment,21.75,24.22,28.86,24.32,low,North,Desktop,Basic,12,0
CUST_009639,Treatment,184.06,162.24,170.51,201.76,high,South,Tablet,Enterprise,57,0
CUST_009640,Control,32.2,47.35,31.45,59.45,medium,North,Mobile,Basic,4,1
CUST_009641,Control,76.89,72.15,79.73,86.89,medium,East,Tablet,Premium,10,0
CUST_009642,Treatment,19.33,15.54,11.32,17.38,low,North,Mobile,Basic,11,0
CUST_009643,Control,41.72,23.66,23.94,51.4,medium,North,Mobile,Basic,1,1
CUST_009644,Control,48.58,42.38,42.71,33.73,medium,West,Desktop,Premium,25,0
CUST_009645,Treatment,25.31,29.35,19.92,36.25,medium,West,Mobile,Basic,4,1
CUST_009646,Control,71.17,74.85,73.4,74.06,low,West,Mobile,Enterprise,11,0
CUST_009647,Control,34.38,24.27,23.67,36.2,medium,South,Desktop,Basic,3,1
CUST_009648,Treatment,83.33,93.66,92.22,117.21,high,South,Desktop,Premium,16,0
CUST_009649,Treatment,83.09,86.08,95.62,115.12,high,North,Desktop,Premium,34,0
CUST_009650,Control,31.44,14.98,32.4,25.24,medium,West,Desktop,Basic,1,1
CUST_009651,Control,0.0,8.91,16.71,20.78,low,North,Desktop,Basic,1,1
CUST_009652,Control,96.97,103.58,102.15,111.87,medium,West,Mobile,Enterprise,1,1
CUST_009653,Control,10.89,29.13,34.17,6.59,low,East,Desktop,Basic,12,0
CUST_009654,Control,32.38,23.3,41.24,27.95,low,West,Mobile,Premium,12,0
CUST_009655,Control,37.38,35.18,13.01,42.23,low,East,Tablet,Basic,3,1
CUST_009656,Treatment,41.89,43.59,51.41,47.04,high,East,Tablet,Basic,27,0
CUST_009657,Control,27.83,26.56,33.4,24.97,low,East,Desktop,Basic,11,0
CUST_009658,Treatment,33.25,29.45,34.61,23.01,medium,South,Mobile,Basic,2,1
CUST_009659,Treatment,16.91,22.17,15.16,17.68,low,North,Mobile,Basic,3,1
CUST_009660,Treatment,14.25,26.44,35.67,42.45,medium,North,Mobile,Basic,1,1
CUST_009661,Treatment,44.71,42.77,37.08,53.89,medium,South,Tablet,Basic,37,0
CUST_009662,Treatment,32.48,25.72,41.26,50.42,medium,East,Desktop,Basic,4,1
CUST_009663,Control,26.69,24.74,9.16,39.08,low,West,Desktop,Premium,3,1
CUST_009664,Treatment,78.07,77.82,79.04,73.26,low,West,Desktop,Premium,1,1
CUST_009665,Treatment,31.87,32.52,17.68,17.17,medium,West,Mobile,Basic,34,0
CUST_009666,Control,25.14,40.85,34.59,29.38,low,East,Desktop,Premium,25,0
CUST_009667,Treatment,22.71,31.2,24.94,27.7,medium,South,Mobile,Basic,1,1
CUST_009668,Treatment,69.6,86.13,72.19,107.49,high,West,Desktop,Premium,7,0
CUST_009669,Control,27.79,44.78,23.72,31.43,medium,East,Desktop,Basic,17,0
CUST_009670,Control,84.7,101.67,97.73,109.58,high,South,Mobile,Premium,9,0
CUST_009671,Treatment,43.59,58.56,51.41,59.15,low,North,Desktop,Enterprise,11,0
CUST_009672,Treatment,137.81,160.25,164.7,169.02,medium,East,Desktop,Enterprise,3,1
CUST_009673,Control,20.28,6.15,24.61,13.57,low,North,Desktop,Basic,6,0
CUST_009674,Control,18.11,14.32,32.62,25.96,low,West,Desktop,Basic,7,0
CUST_009675,Treatment,91.97,105.69,106.65,111.39,medium,West,Desktop,Premium,19,0
CUST_009676,Control,50.66,61.06,48.32,46.03,medium,North,Mobile,Premium,32,0
CUST_009677,Treatment,59.36,74.36,73.92,81.22,high,East,Mobile,Premium,7,0
CUST_009678,Control,68.41,78.55,66.2,82.83,medium,South,Mobile,Premium,9,0
CUST_009679,Treatment,47.01,38.64,61.77,67.52,high,South,Desktop,Basic,11,0
CUST_009680,Control,28.35,19.2,23.26,15.2,low,West,Desktop,Basic,5,1
CUST_009681,Treatment,73.22,67.34,67.86,61.04,medium,East,Desktop,Basic,3,1
CUST_009682,Treatment,167.1,178.44,191.5,186.53,high,North,Desktop,Premium,26,0
CUST_009683,Treatment,22.14,39.69,31.72,32.14,medium,East,Mobile,Basic,4,1
CUST_009684,Treatment,89.42,94.39,91.92,116.1,high,West,Tablet,Premium,9,0
CUST_009685,Control,58.77,66.66,60.56,59.46,high,East,Mobile,Basic,51,0
CUST_009686,Control,75.5,110.96,85.68,92.32,high,North,Desktop,Premium,34,0
CUST_009687,Treatment,11.74,17.44,19.99,10.92,low,East,Desktop,Basic,24,0
CUST_009688,Treatment,87.68,85.06,73.15,93.5,medium,North,Mobile,Premium,26,0
CUST_009689,Control,72.43,92.59,77.61,93.28,medium,East,Desktop,Premium,3,1
CUST_009690,Control,72.5,75.55,87.22,76.97,medium,West,Desktop,Premium,14,0
CUST_009691,Control,33.2,33.62,34.44,32.55,low,East,Desktop,Premium,7,0
CUST_009692,Control,103.45,99.49,97.84,106.81,low,South,Mobile,Enterprise,8,0
CUST_009693,Control,39.08,28.68,24.65,20.46,low,East,Mobile,Basic,3,1
CUST_009694,Treatment,16.48,40.4,37.18,45.13,medium,East,Desktop,Basic,1,1
CUST_009695,Treatment,122.93,122.01,134.89,148.74,high,East,Tablet,Premium,12,0
CUST_009696,Control,53.89,65.67,55.41,69.51,high,West,Mobile,Basic,3,1
CUST_009697,Control,43.66,48.95,68.4,51.94,low,North,Desktop,Enterprise,25,0
CUST_009698,Treatment,75.23,87.49,73.42,98.18,medium,East,Mobile,Premium,38,0
CUST_009699,Control,40.81,38.22,46.64,57.52,high,West,Mobile,Basic,22,0
CUST_009700,Control,177.36,198.8,200.63,188.68,high,North,Mobile,Enterprise,10,0
CUST_009701,Treatment,21.38,20.51,26.98,25.66,low,East,Desktop,Basic,1,1
CUST_009702,Control,121.59,128.6,117.06,134.91,medium,East,Mobile,Enterprise,21,0
CUST_009703,Treatment,11.71,18.25,37.33,21.34,medium,East,Desktop,Basic,20,0
CUST_009704,Control,27.77,3.44,20.41,12.43,medium,West,Mobile,Basic,1,1
CUST_009705,Treatment,21.89,33.17,34.32,33.64,medium,West,Mobile,Basic,1,1
CUST_009706,Control,5.14,12.84,6.35,1.66,low,North,Desktop,Basic,1,1
CUST_009707,Treatment,136.1,144.75,136.39,150.04,low,South,Desktop,Enterprise,5,1
CUST_009708,Control,36.85,48.45,43.61,46.36,low,East,Mobile,Premium,1,1
CUST_009709,Control,37.16,37.35,53.07,43.06,medium,West,Mobile,Basic,5,1
CUST_009710,Control,18.03,14.99,9.58,23.86,low,East,Tablet,Basic,10,0
CUST_009711,Treatment,53.66,50.74,51.14,67.93,high,East,Desktop,Basic,6,0
CUST_009712,Control,43.67,29.09,43.33,29.61,medium,East,Desktop,Basic,60,0
CUST_009713,Control,49.45,59.19,47.37,45.82,medium,West,Mobile,Basic,18,0
CUST_009714,Treatment,37.06,34.43,18.11,22.6,low,East,Desktop,Basic,1,1
CUST_009715,Treatment,37.32,23.68,46.31,43.26,low,North,Desktop,Premium,5,1
CUST_009716,Control,33.13,41.69,41.56,47.66,medium,North,Desktop,Premium,29,0
CUST_009717,Treatment,28.43,14.16,37.58,42.06,medium,West,Desktop,Basic,2,1
CUST_009718,Treatment,67.24,69.5,69.45,82.57,high,East,Desktop,Basic,34,0
CUST_009719,Treatment,26.28,22.28,24.86,17.69,low,West,Mobile,Basic,33,0
CUST_009720,Control,52.21,55.78,56.18,47.45,medium,East,Desktop,Basic,20,0
CUST_009721,Treatment,31.58,35.34,31.24,33.34,medium,North,Desktop,Basic,6,0
CUST_009722,Treatment,117.38,127.32,131.14,129.42,medium,South,Desktop,Enterprise,21,0
CUST_009723,Control,7.46,34.38,26.9,23.68,low,West,Mobile,Basic,17,0
CUST_009724,Treatment,25.64,52.82,42.96,43.57,medium,West,Tablet,Basic,13,0
CUST_009725,Treatment,31.11,33.66,33.52,24.56,medium,South,Mobile,Basic,8,0
CUST_009726,Treatment,44.8,64.02,38.76,64.68,medium,East,Tablet,Premium,26,0
CUST_009727,Control,11.18,24.04,27.3,10.92,low,East,Desktop,Basic,1,1
CUST_009728,Control,49.69,22.04,53.77,41.48,high,East,Mobile,Basic,4,1
CUST_009729,Treatment,62.67,58.41,60.96,75.49,high,North,Mobile,Premium,17,0
CUST_009730,Treatment,54.86,71.9,62.16,63.13,medium,North,Mobile,Premium,5,1
CUST_009731,Control,29.1,44.09,26.17,39.07,low,West,Desktop,Basic,12,0
CUST_009732,Treatment,42.03,50.66,28.91,56.34,medium,East,Mobile,Basic,7,0
CUST_009733,Treatment,21.55,22.29,29.58,25.68,medium,West,Desktop,Basic,3,1
CUST_009734,Control,38.25,40.29,30.16,51.99,low,East,Mobile,Premium,12,0
CUST_009735,Treatment,42.86,26.6,34.77,36.47,medium,West,Mobile,Basic,13,0
CUST_009736,Treatment,38.09,24.81,35.71,29.84,medium,East,Desktop,Basic,5,1
CUST_009737,Control,91.43,109.14,92.23,108.64,medium,East,Desktop,Enterprise,6,0
CUST_009738,Treatment,51.9,71.08,49.54,65.87,low,North,Mobile,Premium,1,1
CUST_009739,Treatment,111.4,124.2,120.86,137.48,medium,North,Desktop,Enterprise,15,0
CUST_009740,Control,26.77,13.68,13.48,38.0,low,East,Mobile,Basic,48,0
CUST_009741,Treatment,75.43,68.64,80.42,87.38,high,East,Desktop,Premium,28,0
CUST_009742,Treatment,88.15,103.74,93.64,117.95,high,South,Mobile,Premium,9,0
CUST_009743,Treatment,78.59,84.07,81.13,79.96,medium,West,Tablet,Premium,8,0
CUST_009744,Treatment,37.18,42.86,38.21,54.84,medium,East,Mobile,Basic,36,0
CUST_009745,Treatment,43.26,46.78,53.72,44.04,high,South,Tablet,Basic,11,0
CUST_009746,Treatment,40.87,31.24,31.2,57.89,medium,West,Tablet,Basic,13,0
CUST_009747,Control,21.86,18.43,31.88,38.82,medium,West,Desktop,Basic,22,0
CUST_009748,Treatment,35.42,39.4,35.14,35.76,low,East,Desktop,Premium,26,0
CUST_009749,Treatment,29.32,32.0,37.98,31.49,medium,East,Tablet,Basic,3,1
CUST_009750,Control,114.42,121.73,123.97,107.82,high,North,Mobile,Premium,1,1
CUST_009751,Control,106.45,124.24,110.59,129.4,high,North,Mobile,Enterprise,42,0
CUST_009752,Control,21.84,32.95,35.94,47.65,low,North,Desktop,Basic,8,0
CUST_009753,Treatment,128.47,124.41,138.33,150.79,high,West,Mobile,Premium,2,1
CUST_009754,Control,71.06,95.35,87.29,98.02,high,West,Desktop,Premium,17,0
CUST_009755,Treatment,50.58,36.52,22.98,28.81,medium,South,Mobile,Basic,7,0
CUST_009756,Control,72.73,54.61,76.1,71.42,medium,North,Desktop,Enterprise,8,0
CUST_009757,Treatment,16.97,14.52,0.0,11.52,low,North,Mobile,Basic,3,1
CUST_009758,Control,127.66,114.26,126.37,131.3,high,East,Desktop,Enterprise,24,0
CUST_009759,Treatment,0.77,21.1,15.93,20.96,low,South,Desktop,Basic,1,1
CUST_009760,Treatment,46.14,45.28,31.98,54.02,low,South,Desktop,Premium,4,1
CUST_009761,Control,23.4,39.25,36.23,23.11,medium,South,Mobile,Basic,9,0
CUST_009762,Control,58.84,41.06,68.53,53.63,medium,West,Desktop,Premium,1,1
CUST_009763,Treatment,59.36,53.03,49.41,32.81,medium,North,Desktop,Premium,9,0
CUST_009764,Control,30.33,3.4,16.05,9.93,low,West,Desktop,Basic,11,0
CUST_009765,Treatment,64.73,72.52,65.26,53.49,medium,South,Desktop,Premium,1,1
CUST_009766,Treatment,81.22,78.84,87.88,75.9,medium,South,Mobile,Premium,19,0
CUST_009767,Control,70.93,71.28,72.07,75.19,high,South,Mobile,Premium,5,1
CUST_009768,Treatment,80.38,100.04,91.26,101.02,high,South,Desktop,Premium,4,1
CUST_009769,Control,77.58,86.54,86.09,96.18,high,North,Mobile,Premium,27,0
CUST_009770,Control,33.91,20.57,28.71,35.36,medium,South,Mobile,Basic,18,0
CUST_009771,Control,69.77,61.68,60.47,62.77,low,East,Mobile,Premium,21,0
CUST_009772,Control,143.84,139.9,156.24,160.48,high,North,Desktop,Enterprise,9,0
CUST_009773,Treatment,44.73,57.11,54.24,70.55,high,East,Mobile,Premium,3,1
CUST_009774,Control,73.29,49.22,63.51,74.9,medium,South,Desktop,Basic,44,0
CUST_009775,Control,31.11,34.8,29.65,37.43,low,North,Mobile,Premium,14,0
CUST_009776,Treatment,46.82,31.93,33.47,56.47,high,East,Mobile,Basic,21,0
CUST_009777,Control,73.46,73.84,67.55,83.47,medium,East,Mobile,Premium,7,0
CUST_009778,Control,149.87,138.85,151.17,156.95,low,South,Mobile,Enterprise,9,0
CUST_009779,Treatment,28.13,26.09,5.04,19.14,medium,North,Mobile,Basic,6,0
CUST_009780,Control,80.75,76.72,96.73,74.03,medium,East,Tablet,Premium,3,1
CUST_009781,Treatment,46.84,35.7,33.6,35.92,low,North,Mobile,Basic,25,0
CUST_009782,Treatment,28.31,21.56,31.17,22.88,medium,South,Desktop,Basic,36,0
CUST_009783,Control,70.29,67.54,53.22,58.21,high,South,Desktop,Basic,9,0
CUST_009784,Treatment,8.71,15.13,20.86,22.14,low,North,Mobile,Basic,27,0
CUST_009785,Treatment,18.04,12.54,20.46,20.38,medium,West,Mobile,Basic,14,0
CUST_009786,Treatment,25.52,39.02,51.46,32.81,low,West,Mobile,Premium,16,0
CUST_009787,Treatment,57.33,64.92,62.35,71.71,high,North,Mobile,Basic,8,0
CUST_009788,Treatment,103.46,113.46,122.59,132.09,high,East,Desktop,Premium,19,0
CUST_009789,Control,12.48,44.92,35.95,20.06,medium,East,Mobile,Basic,7,0
CUST_009790,Treatment,12.22,11.89,11.87,17.66,low,East,Desktop,Basic,11,0
CUST_009791,Control,27.11,23.44,29.94,35.59,medium,North,Desktop,Basic,9,0
CUST_009792,Control,69.78,52.03,65.17,63.0,medium,North,Desktop,Premium,14,0
CUST_009793,Treatment,85.55,116.42,104.33,126.27,high,West,Mobile,Premium,2,1
CUST_009794,Treatment,66.48,48.53,56.15,59.86,high,North,Mobile,Basic,17,0
CUST_009795,Control,146.68,140.73,157.37,170.2,medium,West,Desktop,Enterprise,9,0
CUST_009796,Control,18.61,20.69,0.0,12.82,low,South,Desktop,Basic,18,0
CUST_009797,Control,22.47,7.23,20.89,19.3,low,East,Desktop,Basic,1,1
CUST_009798,Control,48.99,42.35,56.74,64.81,medium,North,Desktop,Premium,8,0
CUST_009799,Treatment,253.06,258.86,270.63,312.02,high,East,Mobile,Enterprise,2,1
CUST_009800,Treatment,40.67,56.39,42.25,81.85,high,East,Mobile,Basic,4,1
CUST_009801,Control,169.92,177.0,183.29,191.6,medium,North,Mobile,Enterprise,7,0
CUST_009802,Treatment,21.59,5.94,24.04,20.38,low,South,Desktop,Basic,3,1
CUST_009803,Control,44.48,47.15,40.91,40.35,medium,South,Mobile,Basic,56,0
CUST_009804,Treatment,30.29,24.57,25.08,29.17,medium,South,Mobile,Basic,2,1
CUST_009805,Control,52.28,47.0,35.01,53.25,high,North,Mobile,Basic,1,1
CUST_009806,Control,25.56,29.41,39.14,33.62,medium,North,Desktop,Basic,8,0
CUST_009807,Treatment,29.99,42.29,34.18,37.11,low,East,Desktop,Premium,3,1
CUST_009808,Control,96.08,78.31,101.1,89.26,low,East,Desktop,Enterprise,45,0
CUST_009809,Treatment,27.56,27.85,29.22,35.58,low,South,Desktop,Basic,11,0
CUST_009810,Control,39.12,45.82,48.69,54.5,medium,West,Mobile,Basic,49,0
CUST_009811,Treatment,78.32,93.16,98.29,94.88,medium,South,Desktop,Enterprise,17,0
CUST_009812,Treatment,30.33,25.78,35.1,38.13,high,West,Mobile,Basic,13,0
CUST_009813,Treatment,82.44,82.36,90.8,105.61,low,East,Desktop,Enterprise,2,1
CUST_009814,Control,73.21,76.37,85.21,80.16,medium,North,Mobile,Premium,1,1
CUST_009815,Control,23.54,23.08,28.48,20.24,low,South,Mobile,Basic,18,0
CUST_009816,Treatment,78.59,70.3,76.12,82.46,medium,East,Desktop,Premium,4,1
CUST_009817,Control,80.19,84.42,94.63,89.06,high,East,Mobile,Premium,7,0
CUST_009818,Treatment,46.92,55.5,57.41,50.45,medium,South,Mobile,Basic,1,1
CUST_009819,Control,109.96,106.3,117.43,108.21,high,North,Mobile,Premium,15,0
CUST_009820,Treatment,49.65,49.1,45.36,55.04,high,West,Desktop,Basic,9,0
CUST_009821,Control,106.99,109.11,115.45,123.79,medium,North,Mobile,Enterprise,9,0
CUST_009822,Control,93.67,84.06,103.19,96.37,high,South,Desktop,Premium,1,1
CUST_009823,Control,30.22,15.41,28.86,34.6,low,North,Tablet,Basic,9,0
CUST_009824,Control,170.8,161.95,162.24,177.94,medium,North,Mobile,Enterprise,16,0
CUST_009825,Control,68.59,59.0,54.78,56.85,medium,South,Mobile,Premium,1,1
CUST_009826,Control,32.76,11.82,27.35,41.45,medium,North,Mobile,Basic,6,0
CUST_009827,Treatment,127.1,129.94,135.19,157.6,high,West,Tablet,Premium,8,0
CUST_009828,Control,23.94,35.09,27.05,21.24,medium,East,Desktop,Basic,12,0
CUST_009829,Control,78.16,67.85,81.48,82.52,medium,South,Desktop,Premium,4,1
CUST_009830,Treatment,22.06,27.21,34.86,49.35,medium,South,Desktop,Basic,18,0
CUST_009831,Control,38.65,29.51,42.05,44.17,high,East,Desktop,Basic,4,1
CUST_009832,Treatment,56.45,48.46,58.87,62.31,medium,West,Mobile,Premium,1,1
CUST_009833,Control,42.68,32.03,41.56,39.21,high,West,Mobile,Basic,6,0
CUST_009834,Control,52.05,59.52,53.81,68.15,low,South,Desktop,Enterprise,23,0
CUST_009835,Treatment,66.54,60.7,53.01,57.51,low,West,Mobile,Premium,11,0
CUST_009836,Control,22.58,22.79,28.09,25.63,medium,West,Mobile,Basic,5,1
CUST_009837,Treatment,43.7,37.7,36.07,46.42,low,South,Desktop,Basic,37,0
CUST_009838,Control,41.85,42.75,47.12,51.76,low,South,Desktop,Premium,7,0
CUST_009839,Treatment,48.91,36.46,22.67,50.06,medium,West,Desktop,Basic,33,0
CUST_009840,Treatment,100.26,98.98,119.97,104.32,low,North,Mobile,Enterprise,12,0
CUST_009841,Treatment,45.14,52.45,53.74,69.39,medium,East,Mobile,Premium,11,0
CUST_009842,Control,41.29,43.32,48.3,56.77,medium,East,Mobile,Basic,51,0
CUST_009843,Treatment,100.84,105.15,114.69,108.42,medium,East,Desktop,Premium,2,1
CUST_009844,Control,89.49,79.44,71.74,89.02,medium,North,Desktop,Premium,6,0
CUST_009845,Control,72.16,52.7,58.06,41.49,medium,West,Mobile,Basic,46,0
CUST_009846,Control,209.58,202.44,201.05,219.98,high,East,Mobile,Premium,13,0
CUST_009847,Treatment,7.83,23.46,12.54,26.0,low,West,Desktop,Basic,34,0
CUST_009848,Treatment,60.4,49.26,55.75,69.64,medium,East,Mobile,Premium,11,0
CUST_009849,Control,111.15,106.07,118.19,116.5,medium,West,Mobile,Enterprise,10,0
CUST_009850,Control,62.85,66.34,69.03,57.87,medium,West,Desktop,Premium,16,0
CUST_009851,Control,137.45,138.87,142.47,148.34,high,East,Mobile,Enterprise,13,0
CUST_009852,Treatment,28.73,25.17,36.06,39.91,medium,East,Mobile,Basic,21,0
CUST_009853,Treatment,61.59,52.75,49.53,54.04,high,North,Mobile,Basic,29,0
CUST_009854,Control,2.58,25.01,28.03,19.76,low,East,Mobile,Basic,5,1
CUST_009855,Control,21.85,19.28,30.31,25.9,low,North,Desktop,Basic,2,1
CUST_009856,Treatment,35.68,39.24,42.15,52.13,high,West,Tablet,Basic,5,1
CUST_009857,Treatment,35.48,22.63,46.62,44.48,high,East,Mobile,Basic,2,1
CUST_009858,Control,19.66,20.32,35.75,20.21,medium,North,Mobile,Basic,14,0
CUST_009859,Treatment,18.42,24.75,30.11,29.78,medium,West,Mobile,Premium,14,0
CUST_009860,Control,55.42,58.69,46.48,58.42,medium,West,Mobile,Basic,1,1
CUST_009861,Control,59.66,48.16,48.1,55.97,medium,North,Mobile,Premium,16,0
CUST_009862,Treatment,40.01,40.47,53.56,53.78,low,East,Desktop,Premium,56,0
CUST_009863,Control,29.19,51.75,40.33,56.17,low,West,Desktop,Premium,4,1
CUST_009864,Treatment,36.52,30.09,23.51,32.65,medium,West,Mobile,Basic,6,0
CUST_009865,Treatment,89.82,59.6,73.17,85.33,medium,West,Mobile,Premium,6,0
CUST_009866,Treatment,107.78,112.32,113.83,148.35,high,East,Mobile,Premium,13,0
CUST_009867,Control,43.04,44.29,32.99,36.44,high,East,Tablet,Basic,20,0
CUST_009868,Control,46.3,32.6,29.04,46.22,medium,East,Mobile,Basic,5,1
CUST_009869,Treatment,18.2,8.31,27.21,13.85,low,West,Desktop,Basic,5,1
CUST_009870,Control,21.24,46.85,52.89,21.37,medium,North,Desktop,Basic,13,0
CUST_009871,Treatment,0.0,14.89,23.56,23.54,low,North,Mobile,Basic,18,0
CUST_009872,Control,72.55,69.36,87.89,87.83,low,North,Mobile,Premium,7,0
CUST_009873,Control,31.66,44.17,27.67,28.93,medium,East,Desktop,Basic,9,0
CUST_009874,Control,33.09,31.39,42.93,43.33,medium,South,Tablet,Basic,25,0
CUST_009875,Treatment,105.49,108.37,111.45,106.84,low,South,Mobile,Enterprise,7,0
CUST_009876,Control,36.78,38.1,44.14,49.22,high,West,Desktop,Basic,3,1
CUST_009877,Control,35.43,16.85,43.53,24.54,high,East,Mobile,Basic,32,0
CUST_009878,Control,45.05,55.38,61.84,51.12,high,East,Mobile,Basic,23,0
CUST_009879,Treatment,63.96,51.22,68.2,72.61,medium,East,Tablet,Premium,2,1
CUST_009880,Control,107.41,109.65,126.17,133.04,medium,East,Tablet,Enterprise,7,0
CUST_009881,Control,65.53,62.29,64.8,75.42,low,West,Desktop,Premium,32,0
CUST_009882,Control,101.76,89.52,106.02,118.29,high,East,Desktop,Enterprise,30,0
CUST_009883,Treatment,9.64,20.05,18.57,20.58,low,North,Desktop,Basic,29,0
CUST_009884,Treatment,34.88,31.98,31.84,9.26,low,East,Desktop,Premium,12,0
CUST_009885,Treatment,46.79,60.04,47.83,64.91,medium,North,Desktop,Premium,7,0
CUST_009886,Control,31.83,35.43,20.22,42.48,medium,East,Tablet,Basic,25,0
CUST_009887,Control,62.28,47.86,41.57,54.81,low,West,Mobile,Premium,10,0
CUST_009888,Treatment,24.97,31.04,30.39,13.78,low,West,Mobile,Basic,1,1
CUST_009889,Treatment,54.68,47.44,39.41,56.82,low,West,Desktop,Premium,11,0
CUST_009890,Treatment,51.83,57.51,42.89,52.5,low,East,Tablet,Premium,4,1
CUST_009891,Control,34.28,20.81,15.28,24.62,low,North,Desktop,Basic,5,1
CUST_009892,Control,14.18,22.63,27.9,19.69,medium,South,Desktop,Basic,21,0
CUST_009893,Control,151.68,168.15,173.37,170.24,high,West,Desktop,Enterprise,8,0
CUST_009894,Treatment,93.95,86.27,82.91,89.91,medium,South,Mobile,Enterprise,20,0
CUST_009895,Treatment,29.66,24.35,47.41,33.0,medium,North,Desktop,Basic,1,1
CUST_009896,Treatment,34.96,47.15,32.69,59.03,medium,East,Desktop,Basic,13,0
CUST_009897,Control,48.82,57.98,61.82,57.55,medium,West,Mobile,Premium,2,1
CUST_009898,Control,46.68,53.23,39.5,47.12,medium,South,Desktop,Premium,5,1
CUST_009899,Control,87.4,98.35,83.75,102.95,high,West,Desktop,Premium,4,1
CUST_009900,Control,94.71,104.76,92.98,107.05,low,West,Desktop,Enterprise,12,0
CUST_009901,Control,138.3,129.6,140.96,158.59,medium,North,Mobile,Enterprise,26,0
CUST_009902,Control,27.13,52.6,41.66,44.23,medium,West,Desktop,Basic,2,1
CUST_009903,Treatment,54.86,75.65,56.41,75.99,medium,West,Mobile,Basic,2,1
CUST_009904,Treatment,103.24,107.38,118.14,123.99,high,West,Tablet,Premium,13,0
CUST_009905,Control,27.69,24.31,34.93,35.78,low,North,Mobile,Premium,44,0
CUST_009906,Treatment,48.85,66.26,51.61,65.41,low,South,Desktop,Premium,14,0
CUST_009907,Control,40.4,50.27,44.99,59.05,medium,South,Mobile,Basic,1,1
CUST_009908,Control,47.15,52.73,49.31,64.62,medium,West,Desktop,Premium,45,0
CUST_009909,Control,33.81,31.36,21.91,40.21,medium,South,Desktop,Basic,16,0
CUST_009910,Treatment,89.59,103.48,106.04,110.45,low,North,Tablet,Enterprise,53,0
CUST_009911,Treatment,15.4,16.4,29.47,31.54,medium,North,Mobile,Basic,6,0
CUST_009912,Control,120.57,117.1,120.96,126.21,medium,East,Mobile,Enterprise,8,0
CUST_009913,Treatment,54.41,66.14,62.69,59.11,medium,South,Desktop,Basic,3,1
CUST_009914,Control,29.44,45.92,38.36,41.07,medium,South,Desktop,Basic,6,0
CUST_009915,Control,51.45,43.07,56.36,55.65,medium,West,Desktop,Premium,29,0
CUST_009916,Treatment,63.04,57.14,45.23,53.83,low,West,Desktop,Enterprise,2,1
CUST_009917,Control,88.77,90.23,90.1,88.74,high,West,Mobile,Premium,12,0
CUST_009918,Control,22.21,29.66,21.32,30.13,low,West,Mobile,Basic,10,0
CUST_009919,Control,5.84,23.74,14.75,14.32,low,East,Mobile,Basic,15,0
CUST_009920,Control,43.44,26.6,45.78,44.39,low,East,Desktop,Basic,5,1
CUST_009921,Treatment,6.58,39.39,31.46,27.3,medium,North,Desktop,Basic,24,0
CUST_009922,Treatment,30.65,44.25,40.16,47.79,medium,South,Desktop,Premium,2,1
CUST_009923,Control,60.05,72.36,79.79,59.97,medium,East,Mobile,Premium,3,1
CUST_009924,Control,73.93,70.39,68.88,69.43,medium,West,Mobile,Premium,9,0
CUST_009925,Control,44.26,27.54,32.62,24.94,low,West,Desktop,Basic,5,1
CUST_009926,Treatment,38.77,34.21,35.8,37.93,low,West,Mobile,Premium,1,1
CUST_009927,Control,29.83,46.87,37.92,41.81,medium,West,Mobile,Basic,1,1
CUST_009928,Treatment,119.02,99.54,104.7,126.31,medium,South,Mobile,Enterprise,8,0
CUST_009929,Control,57.38,45.56,62.69,59.94,high,South,Desktop,Premium,15,0
CUST_009930,Control,34.22,29.96,40.45,38.07,medium,North,Tablet,Basic,18,0
CUST_009931,Treatment,22.39,32.92,23.98,26.96,low,West,Desktop,Basic,1,1
CUST_009932,Treatment,21.41,17.22,24.36,27.65,low,West,Desktop,Basic,15,0
CUST_009933,Control,13.76,25.65,17.99,17.62,medium,East,Desktop,Basic,14,0
CUST_009934,Treatment,14.53,11.14,17.68,3.18,low,North,Desktop,Basic,8,0
CUST_009935,Treatment,34.93,24.65,30.49,30.94,medium,East,Mobile,Basic,10,0
CUST_009936,Treatment,145.37,151.4,149.32,183.34,high,West,Desktop,Premium,1,1
CUST_009937,Treatment,23.37,42.04,18.23,22.64,medium,South,Desktop,Basic,11,0
CUST_009938,Control,24.33,32.27,32.56,30.92,low,North,Mobile,Premium,6,0
CUST_009939,Treatment,37.43,40.87,45.28,42.47,high,South,Desktop,Basic,6,0
CUST_009940,Treatment,237.03,231.66,255.85,292.38,high,East,Desktop,Enterprise,10,0
CUST_009941,Treatment,32.15,37.0,30.77,32.29,low,South,Desktop,Premium,5,1
CUST_009942,Control,38.32,22.83,26.72,22.03,low,South,Mobile,Basic,9,0
CUST_009943,Control,78.65,44.74,83.0,74.57,high,East,Desktop,Basic,1,1
CUST_009944,Treatment,32.58,22.5,30.19,44.26,medium,East,Mobile,Basic,4,1
CUST_009945,Treatment,136.6,143.21,118.23,125.98,medium,East,Desktop,Enterprise,3,1
CUST_009946,Treatment,24.17,17.79,29.72,22.35,medium,West,Mobile,Basic,11,0
CUST_009947,Treatment,257.16,253.39,249.43,310.93,high,East,Desktop,Enterprise,17,0
CUST_009948,Control,42.32,38.95,28.06,49.65,low,West,Desktop,Basic,1,1
CUST_009949,Treatment,60.27,62.44,58.64,60.89,low,South,Desktop,Enterprise,7,0
CUST_009950,Control,38.05,41.07,25.32,34.45,low,East,Desktop,Premium,13,0
CUST_009951,Control,74.64,76.19,73.29,80.75,medium,East,Desktop,Premium,22,0
CUST_009952,Treatment,30.84,36.32,34.77,26.74,high,West,Desktop,Basic,1,1
CUST_009953,Treatment,41.47,36.81,33.22,49.9,low,East,Desktop,Basic,11,0
CUST_009954,Treatment,50.99,44.96,36.86,32.38,high,West,Desktop,Basic,2,1
CUST_009955,Treatment,5.02,19.35,20.02,21.65,low,North,Desktop,Basic,10,0
CUST_009956,Treatment,52.84,49.32,46.2,53.37,medium,East,Mobile,Premium,10,0
CUST_009957,Treatment,36.46,38.28,31.84,31.87,medium,West,Mobile,Basic,3,1
CUST_009958,Treatment,7.65,27.34,14.98,13.87,low,East,Desktop,Basic,1,1
CUST_009959,Treatment,38.86,49.54,34.08,59.29,medium,South,Mobile,Premium,8,0
CUST_009960,Control,131.89,140.18,139.77,149.77,medium,West,Desktop,Enterprise,30,0
CUST_009961,Control,42.92,41.14,29.81,28.73,medium,South,Mobile,Premium,17,0
CUST_009962,Treatment,102.05,99.4,121.55,125.07,high,East,Mobile,Premium,16,0
CUST_009963,Treatment,75.64,99.96,104.9,98.24,low,South,Desktop,Enterprise,60,0
CUST_009964,Treatment,15.94,12.22,6.04,19.75,low,North,Tablet,Basic,8,0
CUST_009965,Treatment,31.87,57.07,36.15,51.34,high,West,Tablet,Basic,37,0
CUST_009966,Control,202.12,212.24,204.68,219.58,high,South,Desktop,Enterprise,1,1
CUST_009967,Treatment,57.89,63.43,63.32,69.31,high,East,Mobile,Premium,4,1
CUST_009968,Treatment,30.17,42.06,27.57,50.91,low,East,Mobile,Premium,1,1
CUST_009969,Treatment,97.08,106.37,85.58,104.31,low,East,Desktop,Enterprise,60,0
CUST_009970,Control,78.48,81.93,70.25,87.21,medium,North,Mobile,Premium,8,0
CUST_009971,Control,19.76,23.27,13.67,7.75,low,North,Desktop,Basic,24,0
CUST_009972,Treatment,110.07,108.3,110.73,142.81,high,South,Desktop,Premium,8,0
CUST_009973,Treatment,79.24,88.81,88.47,107.1,medium,West,Mobile,Enterprise,4,1
CUST_009974,Control,29.46,17.73,25.15,31.9,low,South,Tablet,Basic,13,0
CUST_009975,Treatment,39.87,32.41,29.68,25.13,low,North,Mobile,Premium,10,0
CUST_009976,Control,30.86,17.01,7.2,24.07,low,South,Mobile,Basic,20,0
CUST_009977,Control,18.8,15.83,3.52,10.73,low,East,Mobile,Basic,1,1
CUST_009978,Control,53.17,61.15,66.22,47.12,high,North,Desktop,Basic,52,0
CUST_009979,Control,35.18,42.8,45.83,50.87,medium,East,Desktop,Premium,6,0
CUST_009980,Control,23.22,21.19,19.67,26.27,low,East,Mobile,Basic,23,0
CUST_009981,Treatment,41.71,38.5,39.83,42.03,low,South,Mobile,Premium,14,0
CUST_009982,Treatment,59.21,66.35,81.38,68.27,low,West,Desktop,Premium,6,0
CUST_009983,Control,42.91,50.49,36.59,61.29,high,North,Desktop,Basic,11,0
CUST_009984,Treatment,61.72,57.98,59.75,69.82,medium,South,Desktop,Premium,33,0
CUST_009985,Control,30.61,35.12,28.73,24.05,low,North,Mobile,Premium,34,0
CUST_009986,Treatment,61.21,63.76,51.44,61.73,low,West,Desktop,Premium,16,0
CUST_009987,Treatment,32.49,22.07,37.95,25.06,medium,East,Mobile,Basic,41,0
CUST_009988,Control,100.78,105.46,96.31,117.37,medium,East,Desktop,Enterprise,16,0
CUST_009989,Treatment,49.36,63.1,48.64,78.42,high,South,Mobile,Basic,1,1
CUST_009990,Treatment,15.74,21.69,27.73,38.04,low,East,Desktop,Basic,1,1
CUST_009991,Treatment,25.2,55.79,35.95,20.31,medium,South,Mobile,Basic,10,0
CUST_009992,Treatment,108.13,96.4,96.52,123.95,high,West,Desktop,Basic,5,1
CUST_009993,Control,43.02,25.91,31.45,55.88,medium,South,Desktop,Basic,8,0
CUST_009994,Control,68.88,62.78,61.28,69.26,low,West,Mobile,Enterprise,60,0
CUST_009995,Treatment,39.47,50.95,43.95,50.8,low,North,Mobile,Premium,10,0
CUST_009996,Control,18.79,21.98,25.85,29.63,low,North,Mobile,Basic,60,0
CUST_009997,Control,22.93,40.09,28.79,52.45,medium,South,Mobile,Basic,12,0
CUST_009998,Treatment,44.42,27.22,51.04,41.34,medium,South,Mobile,Basic,5,1
CUST_009999,Treatment,36.41,22.19,26.81,25.08,medium,South,Desktop,Basic,12,0
CUST_010000,Control,39.65,59.26,30.96,52.67,medium,West,Desktop,Basic,1,1
